propertyCode,price,size,priceByArea,rooms,bathrooms,district,municipality,neighborhood,latitude,longitude,floor,status,newDevelopment,hasLift,numPhotos,hasVideo,url,zona_geografica,dist_centro_km,m2_por_quarto,preco_total_estimado,densidade_wc,localizacao_premium
34500036,1950000.0,406.0,4803.0,5,4,Aviz - Cristo Rei,Aldoar - Foz do Douro - Nevogilde,,41.1613719,-8.6666489,,good,False,,72,True,https://www.idealista.pt/imovel/34500036/,0,4.847465099553046,67.66666666666667,1950018.0,0.6666666666666666,0
33760910,716000.0,247.0,2899.0,4,4,Santo Ovídio - Cedro - Monte da Virgem,Mafamude e Vilar do Paraíso,,41.1168529,-8.6008206,2,good,False,True,56,True,https://www.idealista.pt/imovel/33760910/,7,3.737878770138086,49.4,716053.0,0.8,0
34393931,380000.0,115.0,3304.0,1,1,Santo Ovídio - Cedro - Monte da Virgem,Mafamude e Vilar do Paraíso,,41.1161934,-8.6016183,,good,False,True,32,True,https://www.idealista.pt/imovel/34393931/,7,3.7951087992739847,57.5,379960.0,0.5,0
33891364,1095000.0,250.0,4380.0,4,4,Fluvial,Lordelo do Ouro e Massarelos,,41.1537212,-8.6618066,,good,False,True,53,True,https://www.idealista.pt/imovel/33891364/,0,4.286794686420393,50.0,1095000.0,0.8,0
33989840,455000.0,80.0,5688.0,1,1,Foz Velha,Aldoar - Foz do Douro - Nevogilde,,41.1499102,-8.6755294,bj,good,False,False,20,True,https://www.idealista.pt/imovel/33989840/,0,5.411459537840956,40.0,455040.0,0.5,0
34491842,625000.0,264.0,2367.0,4,3,Areosa - Fernão de Magalhães,Paranhos,,41.1719906,-8.5893731,2,good,False,False,34,True,https://www.idealista.pt/imovel/34491842/,3,3.073491409486973,52.8,624888.0,0.6,0
34188297,1270000.0,181.0,7017.0,3,4,Aviz - Cristo Rei,Aldoar - Foz do Douro - Nevogilde,,41.1626451,-8.6711983,3,good,False,True,31,True,https://www.idealista.pt/imovel/34188297/,0,5.252487674844402,45.25,1270077.0,1.0,0
34041393,1200000.0,314.0,3822.0,3,4,Baixa,Cedofeita - Santo Ildefonso - Sé - Miragaia - São Nicolau - Vitória,Bairro das Artes,41.1484527,-8.620701,,good,False,,36,True,https://www.idealista.pt/imovel/34041393/,1,0.8304932018428508,78.5,1200108.0,1.0,1
34437324,475000.0,223.0,2130.0,3,3,Paniceiro-Viso-Meiral,Canidelo,,41.1128035,-8.6511101,bj,good,False,True,39,True,https://www.idealista.pt/imovel/34437324/,2,5.299289308654078,55.75,474990.0,0.75,0
33678213,695000.0,200.0,3475.0,3,2,Aviz - Cristo Rei,Aldoar - Foz do Douro - Nevogilde,,41.1645037,-8.6667076,3,good,False,True,33,True,https://www.idealista.pt/imovel/33678213/,0,4.957390598986668,50.0,695000.0,0.5,0
33437459,1100000.0,367.0,2997.0,4,4,Parque da Cidade - Vilarinha - António Aroso,Aldoar - Foz do Douro - Nevogilde,,41.1693472,-8.670808,,good,False,,22,True,https://www.idealista.pt/imovel/33437459/,0,5.474906679845099,73.4,1099899.0,0.8,0
34241141,688000.0,127.0,5417.0,3,3,Lavadores,Canidelo,,41.1319865,-8.6679157,1,good,False,True,29,True,https://www.idealista.pt/imovel/34241141/,2,5.160604838612673,31.75,687959.0,0.75,0
34221491,295000.0,121.0,2438.0,2,2,Candal - Regadas,Santa Marinha e São Pedro da Afurada,,41.1326581,-8.6297977,4,good,False,True,34,True,https://www.idealista.pt/imovel/34221491/,7,2.4603220590341,40.333333333333336,294998.0,0.6666666666666666,1
34643629,380000.0,200.0,1900.0,3,2,Centro,Vilar de Andorinho,,41.1128358,-8.5779793,5,good,False,True,26,True,https://www.idealista.pt/imovel/34643629/,4,4.930902496303959,50.0,380000.0,0.5,0
32930885,2000000.0,595.0,3361.0,6,5,Afurada - Arrábida - Cavaco,Santa Marinha e São Pedro da Afurada,,41.1423125,-8.6434064,,good,False,,49,True,https://www.idealista.pt/imovel/32930885/,2,2.8399451934243682,85.0,1999795.0,0.7142857142857143,1
34589709,549780.0,171.0,3215.0,3,3,Liceu - Paço do Rei,Mafamude e Vilar do Paraíso,,41.1237535,-8.6055245,,good,False,True,55,True,https://www.idealista.pt/imovel/34589709/,7,2.9090430112384635,42.75,549765.0,0.75,1
34061220,1495000.0,297.0,5034.0,4,5,Parque da Cidade - Vilarinha - António Aroso,Aldoar - Foz do Douro - Nevogilde,,41.1639568,-8.6691872,,good,False,,63,True,https://www.idealista.pt/imovel/34061220/,0,5.134292908214221,59.4,1495098.0,1.0,0
34526934,825000.0,247.0,3340.0,3,4,Salgueiros,Canidelo,,41.116006,-8.6619876,,good,False,,38,True,https://www.idealista.pt/imovel/34526934/,2,5.679821724031755,61.75,824980.0,1.0,0
34636417,580000.0,313.0,1853.0,4,4,,Águas Santas,,41.2048636,-8.587523,,good,False,,46,True,https://www.idealista.pt/imovel/34636417/,3,6.4489805116028585,62.6,579989.0,0.8,0
34658091,498500.0,272.0,1833.0,4,3,,Pedrouços,,41.1905203,-8.5833135,,good,False,,42,True,https://www.idealista.pt/imovel/34658091/,3,5.102498895936278,54.4,498576.0,0.6,0
34633662,1450000.0,290.0,5000.0,5,5,Salgueiros,Canidelo,,41.1177906,-8.6607959,,good,False,,76,True,https://www.idealista.pt/imovel/34633662/,2,5.474728597041557,48.333333333333336,1450000.0,0.8333333333333334,0
34508671,525000.0,185.0,2838.0,3,4,Hospital São João - Pólo Universitário,Paranhos,,41.1763582,-8.5919075,2,good,False,True,41,True,https://www.idealista.pt/imovel/34508671/,3,3.373521440055445,46.25,525030.0,1.0,0
34545251,1490000.0,330.0,4515.0,4,5,Foz Velha,Aldoar - Foz do Douro - Nevogilde,,41.1501156,-8.6701252,5,good,False,True,35,True,https://www.idealista.pt/imovel/34545251/,0,4.959185464209901,66.0,1489950.0,1.0,0
34127767,590000.0,171.0,3450.0,4,3,Bessa Leite,Lordelo do Ouro e Massarelos,,41.1581118,-8.6402804,3,good,False,True,36,True,https://www.idealista.pt/imovel/34127767/,1,2.63563897445297,34.2,589950.0,0.6,1
33729752,495000.0,281.0,1762.0,4,3,Parque Oriental - Azevedo,Campanhã,,41.150349,-8.5734344,,good,False,,35,True,https://www.idealista.pt/imovel/33729752/,4,3.138049030798898,56.2,495122.0,0.6,0
34711397,575000.0,105.0,5476.0,2,2,Lavadores,Canidelo,,41.1337667,-8.6694552,,good,False,True,33,True,https://www.idealista.pt/imovel/34711397/,2,5.2098616587729945,35.0,574980.0,0.6666666666666666,0
33220109,1660000.0,475.0,3495.0,5,7,Cooperativa dos Arquitectos - Fonte da Moura - Pedra Verde,Aldoar - Foz do Douro - Nevogilde,,41.1681154,-8.6634521,,good,False,,79,True,https://www.idealista.pt/imovel/33220109/,0,4.857417494427179,79.16666666666667,1660125.0,1.1666666666666667,0
34077612,825000.0,222.0,3716.0,5,5,Aviz - Cristo Rei,Aldoar - Foz do Douro - Nevogilde,,41.1609095,-8.6649182,,good,False,True,24,True,https://www.idealista.pt/imovel/34077612/,0,4.694093587964115,37.0,824952.0,0.8333333333333334,0
34291439,875000.0,230.0,3804.0,3,3,Parque da Cidade - Vilarinha - António Aroso,Aldoar - Foz do Douro - Nevogilde,,41.1682742,-8.6688302,,good,False,True,20,True,https://www.idealista.pt/imovel/34291439/,0,5.275591194810528,57.5,874920.0,0.75,0
33884079,1195000.0,322.0,3711.0,5,3,Foz,Aldoar - Foz do Douro - Nevogilde,,41.1566104,-8.6762547,,good,False,True,32,False,https://www.idealista.pt/imovel/33884079/,0,5.527045538752479,53.666666666666664,1194942.0,0.5,0
32703180,850000.0,239.0,3556.0,4,3,Parque da Cidade - Vilarinha - António Aroso,Aldoar - Foz do Douro - Nevogilde,,41.1713319,-8.6733861,,good,False,,46,True,https://www.idealista.pt/imovel/32703180/,0,5.762215316715028,47.8,849884.0,0.6,0
34472486,1075000.0,351.0,3063.0,4,5,Salgueiros,Canidelo,,41.1147442,-8.6611127,,good,False,,42,True,https://www.idealista.pt/imovel/34472486/,2,5.719000952654428,70.2,1075113.0,1.0,0
33570236,410000.0,159.0,2579.0,3,3,Santo Ovídio - Cedro - Monte da Virgem,Mafamude e Vilar do Paraíso,,41.1159117,-8.605275,4,good,False,True,19,True,https://www.idealista.pt/imovel/33570236/,7,3.775474700514657,39.75,410061.0,0.75,0
33861812,749000.0,251.0,2984.0,4,4,Sampaio-Alumiara-Verdinho,Canidelo,,41.1362697,-8.6448735,,good,False,,53,True,https://www.idealista.pt/imovel/33861812/,2,3.2078543630520198,50.2,748984.0,0.8,0
34379608,450000.0,230.0,1957.0,2,3,Coimbrões,Santa Marinha e São Pedro da Afurada,,41.1217567,-8.6322075,,good,False,,31,True,https://www.idealista.pt/imovel/34379608/,7,3.5734632394587043,76.66666666666667,450110.0,1.0,0
34647810,900000.0,340.0,2647.0,3,4,Serralves,Lordelo do Ouro e Massarelos,,41.1593359,-8.6515409,,good,False,,50,False,https://www.idealista.pt/imovel/34647810/,0,3.570643445130936,85.0,899980.0,1.0,0
33934497,550000.0,101.0,5446.0,2,2,Centro Histórico,Cedofeita - Santo Ildefonso - Sé - Miragaia - São Nicolau - Vitória,Rua das Flores - Mouzinho,41.1432721,-8.6136602,4,good,False,True,30,True,https://www.idealista.pt/imovel/33934497/,1,0.7406161489885029,33.666666666666664,550046.0,0.6666666666666666,1
34394389,525000.0,158.0,3323.0,4,2,Pinheiro Manso,Ramalde,,41.1618258,-8.6507394,1,good,False,False,33,True,https://www.idealista.pt/imovel/34394389/,0,3.6018097734307912,31.6,525034.0,0.4,0
34510515,1220000.0,190.0,6421.0,4,4,Matosinhos Sul - Marginal,Matosinhos e Leça da Palmeira,,41.1723265,-8.6846582,6,good,False,True,37,True,https://www.idealista.pt/imovel/34510515/,0,6.671749862457534,38.0,1219990.0,0.8,0
34550114,1395000.0,210.0,6643.0,4,4,Matosinhos Sul - Marginal,Matosinhos e Leça da Palmeira,,41.176235,-8.6828391,6,good,False,True,26,True,https://www.idealista.pt/imovel/34550114/,0,6.711043195544789,42.0,1395030.0,0.8,0
34670047,289000.0,90.0,3211.0,2,2,Areosa,Rio Tinto,,41.1855399,-8.5799256,3,good,False,True,29,True,https://www.idealista.pt/imovel/34670047/,3,4.76372041302949,30.0,288990.0,0.6666666666666666,0
34337682,749999.0,145.0,5172.0,3,3,Lavadores,Canidelo,,41.1333448,-8.6671467,4,good,False,True,34,True,https://www.idealista.pt/imovel/34337682/,2,5.044977824571817,36.25,749940.0,0.75,0
34325889,1600000.0,251.0,6375.0,3,4,Pinhais da Foz,Aldoar - Foz do Douro - Nevogilde,,41.1501503,-8.6641519,4,good,False,True,62,True,https://www.idealista.pt/imovel/34325889/,0,4.459135598770953,62.75,1600125.0,1.0,0
34080633,550000.0,144.0,3819.0,2,2,Lavadores,Canidelo,,41.1339576,-8.6688206,1,good,False,True,29,True,https://www.idealista.pt/imovel/34080633/,2,5.152667432322124,48.0,549936.0,0.6666666666666666,0
34480276,980000.0,133.0,7368.0,3,3,Lavadores,Canidelo,,41.1308802,-8.6545263,,good,False,True,58,True,https://www.idealista.pt/imovel/34480276/,2,4.204703544289632,33.25,979944.0,0.75,0
34487156,1850000.0,467.0,3961.0,4,4,Foz,Aldoar - Foz do Douro - Nevogilde,,41.161181,-8.6723841,,good,False,,30,True,https://www.idealista.pt/imovel/34487156/,0,5.3061863559007225,93.4,1849787.0,0.8,0
33157098,1600000.0,322.0,4969.0,4,5,Foz Velha,Aldoar - Foz do Douro - Nevogilde,,41.1486089,-8.6683254,bj,good,False,False,38,True,https://www.idealista.pt/imovel/33157098/,0,4.809477033854964,64.4,1600018.0,1.0,0
34034273,319000.0,90.0,3544.0,1,1,Centro de Matosinhos,Matosinhos e Leça da Palmeira,,41.180647,-8.6778324,2,good,False,True,38,True,https://www.idealista.pt/imovel/34034273/,0,6.581051353748067,45.0,318960.0,0.5,0
34605625,1100000.0,146.0,7534.0,3,3,Serralves,Lordelo do Ouro e Massarelos,,41.1629495,-8.6585075,4,good,False,True,31,True,https://www.idealista.pt/imovel/34605625/,0,4.253170703546655,36.5,1099964.0,0.75,0
34606548,375000.0,58.0,6466.0,1,1,Baixa,Cedofeita - Santo Ildefonso - Sé - Miragaia - São Nicolau - Vitória,Bolhão,41.1505652,-8.6067964,4,renew,False,False,32,True,https://www.idealista.pt/imovel/34606548/,6,0.3599605945898109,29.0,375028.0,0.5,1
34168270,620000.0,155.0,4000.0,3,3,Centro Histórico,Santa Marinha e São Pedro da Afurada,,41.1354,-8.6081661,6,good,False,True,49,True,https://www.idealista.pt/imovel/34168270/,7,1.5954778561444267,38.75,620000.0,0.75,1
31502144,1100000.0,187.0,5882.0,4,5,Bessa Leite,Lordelo do Ouro e Massarelos,,41.1604117,-8.645376,1,good,False,True,50,True,https://www.idealista.pt/imovel/31502144/,0,3.1267626747564425,37.4,1099934.0,1.0,0
34648519,225000.0,108.0,2083.0,2,2,Pedra Verde,São Mamede de Infesta e Senhora da Hora,,41.1948414,-8.6152469,bj,good,False,False,32,True,https://www.idealista.pt/imovel/34648519/,5,5.04375413174217,36.0,224964.0,0.6666666666666666,0
34563305,530000.0,101.0,5248.0,2,4,Baixa,Cedofeita - Santo Ildefonso - Sé - Miragaia - São Nicolau - Vitória,Praça da República,41.1568579,-8.6159438,1,good,False,False,17,True,https://www.idealista.pt/imovel/34563305/,1,0.9108483368582526,33.666666666666664,530048.0,1.3333333333333333,1
34080599,575000.0,133.0,4323.0,2,2,Lavadores,Canidelo,,41.1239184,-8.6657287,3,good,False,True,24,True,https://www.idealista.pt/imovel/34080599/,2,5.407229615524013,44.333333333333336,574959.0,0.6666666666666666,0
34477376,910000.0,213.0,4272.0,4,3,Parque da Cidade - Vilarinha - António Aroso,Aldoar - Foz do Douro - Nevogilde,,41.1659432,-8.6717971,10,good,False,True,42,True,https://www.idealista.pt/imovel/34477376/,0,5.412430557262769,42.6,909936.0,0.6,0
34056270,760000.0,200.0,3800.0,4,4,Serralves,Lordelo do Ouro e Massarelos,,41.1626484,-8.6588936,,good,False,,36,True,https://www.idealista.pt/imovel/34056270/,0,4.271999177016154,40.0,760000.0,0.8,0
34355510,550000.0,105.0,5238.0,2,2,Lavadores,Canidelo,,41.132275,-8.6672445,2,good,False,True,35,True,https://www.idealista.pt/imovel/34355510/,2,5.096425852271709,35.0,549990.0,0.6666666666666666,0
34425628,1075000.0,351.0,3063.0,3,5,Salgueiros,Canidelo,,41.1157762,-8.6624111,,good,False,,54,True,https://www.idealista.pt/imovel/34425628/,2,5.723352546446354,87.75,1075113.0,1.25,0
34661269,310000.0,47.0,6596.0,0,1,Baixa,Cedofeita - Santo Ildefonso - Sé - Miragaia - São Nicolau - Vitória,Bairro das Artes,41.1486631,-8.618767,1,good,False,True,22,True,https://www.idealista.pt/imovel/34661269/,1,0.6668890800683297,47.0,310012.0,1.0,1
34573868,755000.0,210.0,3595.0,4,4,Serralves,Lordelo do Ouro e Massarelos,,41.1557555,-8.6532044,,good,False,True,26,True,https://www.idealista.pt/imovel/34573868/,0,3.607471574135434,42.0,754950.0,0.8,0
34514549,255000.0,108.0,2361.0,2,2,Laborim - Rechousa - Alto das Torres,Mafamude e Vilar do Paraíso,,41.1057233,-8.5987819,bj,good,False,True,30,True,https://www.idealista.pt/imovel/34514549/,7,4.983323823619048,36.0,254988.0,0.6666666666666666,0
34384206,450000.0,166.0,2711.0,2,3,Centro Histórico,Santa Marinha e São Pedro da Afurada,,41.1345303,-8.6165889,,good,False,,30,True,https://www.idealista.pt/imovel/34384206/,7,1.7420743729863917,55.333333333333336,450026.0,1.0,1
33260014,1995000.0,269.0,7416.0,4,5,Foz,Aldoar - Foz do Douro - Nevogilde,,41.1599266,-8.675114,,renew,False,,50,True,https://www.idealista.pt/imovel/33260014/,0,5.497416417639694,53.8,1994904.0,1.0,0
34331179,365000.0,145.0,2517.0,2,1,Areosa - Fernão de Magalhães,Paranhos,,41.1762784,-8.5873363,2,good,False,True,21,True,https://www.idealista.pt/imovel/34331179/,3,3.562464887097201,48.333333333333336,364965.0,0.3333333333333333,0
34487675,410000.0,155.0,2645.0,4,3,Antas - Estádio do Dragão,Campanhã,,41.1595924,-8.592361,7,good,False,True,24,True,https://www.idealista.pt/imovel/34487675/,6,1.908842056008271,31.0,409975.0,0.6,1
34450913,290000.0,110.0,2636.0,3,2,Padrão da Légua - Av. Xanana Gusmão,Custóias - Leça do Balio - Guifões,,41.1936943,-8.6354921,bj,good,False,False,28,True,https://www.idealista.pt/imovel/34450913/,5,5.317608314395631,27.5,289960.0,0.5,0
34512851,900000.0,223.0,4036.0,4,3,Boavista,Cedofeita - Santo Ildefonso - Sé - Miragaia - São Nicolau - Vitória,Carolina Michaelis,41.1596544,-8.623099,,good,False,,51,True,https://www.idealista.pt/imovel/34512851/,1,1.5142792205826419,44.6,900028.0,0.6,1
34322738,832000.0,215.0,3870.0,4,3,Foz Velha,Aldoar - Foz do Douro - Nevogilde,,41.1511742,-8.6677222,1,good,False,True,28,True,https://www.idealista.pt/imovel/34322738/,0,4.760834397049627,43.0,832050.0,0.6,0
34390411,1250000.0,300.0,4167.0,5,5,Aviz - Cristo Rei,Aldoar - Foz do Douro - Nevogilde,,41.1624377,-8.6667749,4,good,False,True,25,True,https://www.idealista.pt/imovel/34390411/,0,4.890853458771698,50.0,1250100.0,0.8333333333333334,0
34464395,380000.0,126.0,3016.0,0,2,Santo Ovídio - Cedro - Monte da Virgem,Mafamude e Vilar do Paraíso,,41.1143447,-8.602631,3,good,False,True,34,True,https://www.idealista.pt/imovel/34464395/,7,3.9809125782932284,126.0,380016.0,2.0,0
34436149,1390000.0,298.0,4664.0,4,4,Serralves,Lordelo do Ouro e Massarelos,,41.1551369,-8.6627991,3,good,False,True,20,True,https://www.idealista.pt/imovel/34436149/,0,4.388682421296627,59.6,1389872.0,0.8,0
34439976,550000.0,281.0,1957.0,4,5,Areosa,Rio Tinto,,41.1854629,-8.5786084,,good,False,,33,True,https://www.idealista.pt/imovel/34439976/,3,4.817528273811118,56.2,549917.0,1.0,0
33921781,1195000.0,210.0,5690.0,5,5,Foz,Aldoar - Foz do Douro - Nevogilde,,41.1580317,-8.6765582,2,good,False,False,21,True,https://www.idealista.pt/imovel/33921781/,0,5.576528890016786,35.0,1194900.0,0.8333333333333334,0
34555830,1250000.0,224.0,5580.0,3,4,Afurada - Arrábida - Cavaco,Santa Marinha e São Pedro da Afurada,,41.1405824,-8.6404228,10,good,False,False,42,True,https://www.idealista.pt/imovel/34555830/,2,2.6677047680901387,56.0,1249920.0,1.0,1
33068663,1700000.0,614.0,2769.0,20,5,Palácio de Cristal - Galiza - Vilar,Lordelo do Ouro e Massarelos,,41.1484337,-8.6245014,,good,False,,85,True,https://www.idealista.pt/imovel/33068663/,1,1.1462036245675304,29.238095238095237,1700166.0,0.23809523809523808,1
34586676,1350000.0,182.0,7418.0,3,4,Baixa,Cedofeita - Santo Ildefonso - Sé - Miragaia - São Nicolau - Vitória,Aliados - Clérigos - Carlos Alberto,41.1502886,-8.6113164,,good,False,,26,True,https://www.idealista.pt/imovel/34586676/,1,0.08413279370295405,45.5,1350076.0,1.0,1
34382216,700000.0,156.0,4487.0,3,3,Serralves,Lordelo do Ouro e Massarelos,,41.1583719,-8.6517458,,good,False,,25,True,https://www.idealista.pt/imovel/34382216/,0,3.55613608908765,39.0,699972.0,0.75,0
34411915,2200000.0,389.0,5656.0,4,4,Sampaio-Alumiara-Verdinho,Canidelo,,41.1397099,-8.6519886,6,good,False,True,55,True,https://www.idealista.pt/imovel/34411915/,2,3.612054335405048,77.8,2200184.0,0.8,0
34430638,1460000.0,243.0,6008.0,4,4,Lavadores,Canidelo,,41.1349113,-8.6670368,5,good,False,True,43,True,https://www.idealista.pt/imovel/34430638/,2,4.976476866272857,48.6,1459944.0,0.8,0
34454303,540000.0,116.0,4655.0,2,1,Prelada - Monte dos Burgos,Ramalde,Parque da Prelada,41.1768703,-8.6312599,,good,False,,24,True,https://www.idealista.pt/imovel/34454303/,5,3.4784777886670017,38.666666666666664,539980.0,0.3333333333333333,0
33272269,1450000.0,345.0,4203.0,4,4,Salgueiros,Canidelo,,41.1159277,-8.659709,,good,False,,30,True,https://www.idealista.pt/imovel/33272269/,2,5.543367571787249,69.0,1450035.0,0.8,0
34477020,1170000.0,321.0,3645.0,5,5,Amial,Paranhos,,41.1772438,-8.6195917,3,good,False,True,71,True,https://www.idealista.pt/imovel/34477020/,5,3.1587893374476215,53.5,1170045.0,0.8333333333333334,0
34496594,370000.0,75.0,4933.0,3,2,Campo Alegre,Lordelo do Ouro e Massarelos,,41.1536261,-8.6355456,4,good,False,True,32,True,https://www.idealista.pt/imovel/34496594/,1,2.111495659350015,18.75,369975.0,0.5,1
34328159,1395000.0,318.0,4387.0,5,4,Igreja do Bonfim - Lomba,Bonfim,,41.1497768,-8.5916024,,good,False,,48,True,https://www.idealista.pt/imovel/34328159/,6,1.615888402315765,53.0,1395066.0,0.6666666666666666,1
34590518,800000.0,146.0,5479.0,3,2,Foz,Aldoar - Foz do Douro - Nevogilde,,41.1595642,-8.6818899,1,good,False,True,28,True,https://www.idealista.pt/imovel/34590518/,0,6.045860257914031,36.5,799934.0,0.5,0
34710483,438457.0,178.0,2463.0,3,3,Santo Ovídio - Cedro - Monte da Virgem,Mafamude e Vilar do Paraíso,,41.1150798,-8.6068189,2,good,False,True,32,True,https://www.idealista.pt/imovel/34710483/,7,3.8536587163939116,44.5,438414.0,0.75,0
34617782,300000.0,75.0,4000.0,2,1,Candal - Regadas,Santa Marinha e São Pedro da Afurada,,41.1351623,-8.6238026,7,good,False,True,31,True,https://www.idealista.pt/imovel/34617782/,7,1.935112740022542,25.0,300000.0,0.3333333333333333,1
34614786,299000.0,110.0,2718.0,2,3,Valbom,São Cosme - Valbom - Jovim,,41.1422764,-8.5635529,,good,False,,27,True,https://www.idealista.pt/imovel/34614786/,4,4.04732445513762,36.666666666666664,298980.0,1.0,0
34514103,665000.0,140.0,4750.0,3,2,Pinhais da Foz,Aldoar - Foz do Douro - Nevogilde,,41.1575134,-8.6662989,7,good,False,True,26,True,https://www.idealista.pt/imovel/34514103/,0,4.720950097722077,35.0,665000.0,0.5,0
34367531,899000.0,255.0,3525.0,3,3,Montes Caulinos,São Mamede de Infesta e Senhora da Hora,,41.1831212,-8.6371177,7,good,False,True,21,True,https://www.idealista.pt/imovel/34367531/,5,4.325481342669683,63.75,898875.0,0.75,0
32678036,870000.0,230.0,3783.0,3,3,Antas - Praça Velásquez,Bonfim,,41.1610168,-8.596615,,good,False,,22,True,https://www.idealista.pt/imovel/32678036/,6,1.744116048990986,57.5,870090.0,0.75,1
34659735,900000.0,165.0,5455.0,3,3,Serralves,Lordelo do Ouro e Massarelos,,41.1597543,-8.653352,,good,False,,32,True,https://www.idealista.pt/imovel/34659735/,0,3.7292319002103578,41.25,900075.0,0.75,0
32396309,588000.0,113.0,5204.0,2,1,Centro Histórico,Santa Marinha e São Pedro da Afurada,,41.1370862,-8.6118731,,good,False,,28,True,https://www.idealista.pt/imovel/32396309/,7,1.3938549004277927,37.666666666666664,588052.0,0.3333333333333333,1
34396202,750000.0,152.0,4934.0,3,2,Cooperativa dos Arquitectos - Fonte da Moura - Pedra Verde,Aldoar - Foz do Douro - Nevogilde,,41.1736619,-8.6661411,,good,False,True,35,True,https://www.idealista.pt/imovel/34396202/,0,5.3426648808101795,38.0,749968.0,0.5,0
34607123,690000.0,298.0,2315.0,3,4,São Roque da Lameira,Campanhã,,41.166447,-8.5695702,,good,False,,45,True,https://www.idealista.pt/imovel/34607123/,3,3.9346272715514683,74.5,689870.0,1.0,0
34337637,575000.0,104.0,5529.0,2,2,Lavadores,Canidelo,,41.132712,-8.6648135,,good,False,True,32,True,https://www.idealista.pt/imovel/34337637/,2,4.88968018734017,34.666666666666664,575016.0,0.6666666666666666,0
32811212,385000.0,115.0,3348.0,3,2,Prelada - Monte dos Burgos,Ramalde,Hospital da Prelada,41.1694101,-8.6329524,,good,False,False,26,True,https://www.idealista.pt/imovel/32811212/,5,2.874111550506746,28.75,385020.0,0.5,1
34510054,525000.0,130.0,4038.0,3,3,Centro de Matosinhos,Matosinhos e Leça da Palmeira,,41.1808946,-8.6803767,3,good,False,True,18,True,https://www.idealista.pt/imovel/34510054/,0,6.777384129461454,32.5,524940.0,0.75,0
34575266,850000.0,190.0,4474.0,3,3,Pinhais da Foz,Aldoar - Foz do Douro - Nevogilde,,41.1526231,-8.668053,1,good,False,True,39,True,https://www.idealista.pt/imovel/34575266/,0,4.797052224587259,47.5,850060.0,0.75,0
34516584,1975000.0,367.0,5381.0,5,6,Pinheiro Manso,Ramalde,,41.1667885,-8.6531472,,good,False,,51,True,https://www.idealista.pt/imovel/34516584/,0,4.020239441596157,61.166666666666664,1974827.0,1.0,0
33229473,1600000.0,354.0,4520.0,4,4,Fontaínhas - Duques,Bonfim,,41.1443284,-8.602426,,good,False,,40,True,https://www.idealista.pt/imovel/33229473/,6,0.920359273651441,70.8,1600080.0,0.8,1
34670075,250000.0,55.0,4545.0,1,1,Lavadores,Canidelo,,41.1321442,-8.6689718,,good,False,,41,True,https://www.idealista.pt/imovel/34670075/,2,5.23600284401902,27.5,249975.0,0.5,0
33555603,1050000.0,474.0,2215.0,3,5,Centro,Vilar de Andorinho,,41.1115253,-8.5785631,,good,False,,26,True,https://www.idealista.pt/imovel/33555603/,4,5.025868967094567,118.5,1049910.0,1.25,0
34502360,1700000.0,552.0,3080.0,3,9,Centro de São Mamede de Infesta - Laranjeiras,São Mamede de Infesta e Senhora da Hora,,41.1934167,-8.612246,,good,False,,45,True,https://www.idealista.pt/imovel/34502360/,5,4.873497129259578,138.0,1700160.0,2.25,0
34464483,1200000.0,372.0,3226.0,3,2,Cooperativa dos Arquitectos - Fonte da Moura - Pedra Verde,Aldoar - Foz do Douro - Nevogilde,,41.1715775,-8.6649911,,good,False,,19,True,https://www.idealista.pt/imovel/34464483/,0,5.145586076459777,93.0,1200072.0,0.5,0
34664537,298000.0,62.0,4806.0,1,1,Centro Histórico,Cedofeita - Santo Ildefonso - Sé - Miragaia - São Nicolau - Vitória,São Bento - Cimo de Vila,41.1433405,-8.6089846,5,good,False,True,16,True,https://www.idealista.pt/imovel/34664537/,6,0.7142638305408289,31.0,297972.0,0.5,1
33983498,2150000.0,541.0,3974.0,3,4,Sampaio-Alumiara-Verdinho,Canidelo,,41.1369774,-8.6580763,,good,False,,43,True,https://www.idealista.pt/imovel/33983498/,2,4.1923436865765495,135.25,2149934.0,1.0,0
34412198,359900.0,84.0,4285.0,1,1,Baixa,Cedofeita - Santo Ildefonso - Sé - Miragaia - São Nicolau - Vitória,Bairro das Artes,41.1496595,-8.6216295,3,good,False,False,36,True,https://www.idealista.pt/imovel/34412198/,1,0.898395504590054,42.0,359940.0,0.5,1
34645187,788000.0,168.0,4690.0,3,3,Matosinhos Sul - Marginal,Matosinhos e Leça da Palmeira,,41.1738313,-8.6830553,4,good,False,True,27,True,https://www.idealista.pt/imovel/34645187/,0,6.6140759647769904,42.0,787920.0,0.75,0
34654103,850000.0,133.0,6391.0,3,3,Foz,Aldoar - Foz do Douro - Nevogilde,,41.1600237,-8.6818879,1,good,False,True,32,True,https://www.idealista.pt/imovel/34654103/,0,6.055247318334654,33.25,850003.0,0.75,0
34506741,1500000.0,205.0,7317.0,3,3,Arrábida,Lordelo do Ouro e Massarelos,,41.1482012,-8.6432728,4,good,False,True,26,True,https://www.idealista.pt/imovel/34506741/,1,2.7150337781557,51.25,1499985.0,0.75,1
34215108,695000.0,296.0,2348.0,4,3,Santos Pousada,Bonfim,,41.1545666,-8.6015754,,good,False,,30,False,https://www.idealista.pt/imovel/34215108/,6,0.9562957084466832,59.2,695008.0,0.6,1
34221853,890000.0,147.0,6054.0,3,3,Baixa,Cedofeita - Santo Ildefonso - Sé - Miragaia - São Nicolau - Vitória,Bolhão,41.1519174,-8.6056234,,good,False,True,28,False,https://www.idealista.pt/imovel/34221853/,6,0.5114541995299883,36.75,889938.0,0.75,1
34669294,545000.0,112.0,4866.0,3,2,Aviz - Cristo Rei,Aldoar - Foz do Douro - Nevogilde,,41.1583767,-8.672256,6,good,False,True,37,False,https://www.idealista.pt/imovel/34669294/,0,5.228821830514704,28.0,544992.0,0.5,0
34255801,269000.0,113.0,2381.0,3,2,Centro de Valadares - Penedo - Valadarinho,Gulpilhares e Valadares,,41.0963153,-8.6233223,bj,good,False,False,40,True,https://www.idealista.pt/imovel/34255801/,7,6.015662091703263,28.25,269053.0,0.5,0
34554763,259900.0,131.0,1984.0,2,2,Crastro - Vila Chã,Gulpilhares e Valadares,,41.0925976,-8.6435554,2,good,False,True,37,True,https://www.idealista.pt/imovel/34554763/,2,6.90343544185844,43.666666666666664,259904.0,0.6666666666666666,0
34669302,675000.0,198.0,3409.0,3,3,Pinheiro Manso,Ramalde,,41.1684663,-8.6520279,9,good,False,True,32,False,https://www.idealista.pt/imovel/34669302/,0,4.031861376122186,49.5,674982.0,0.75,0
34599670,299900.0,133.0,2255.0,2,2,Centro de Valadares - Penedo - Valadarinho,Gulpilhares e Valadares,,41.0945411,-8.6269524,bj,good,False,True,43,False,https://www.idealista.pt/imovel/34599670/,7,6.268188719679476,44.333333333333336,299915.0,0.6666666666666666,0
34559813,485000.0,245.0,1980.0,4,3,Antas - Estádio do Dragão,Campanhã,,41.1584358,-8.592969,2,good,False,True,26,False,https://www.idealista.pt/imovel/34559813/,6,1.7941674990484435,49.0,485100.0,0.6,1
33917601,595000.0,119.0,5000.0,3,3,Serralves,Lordelo do Ouro e Massarelos,,41.1537702,-8.6514653,,good,False,False,39,True,https://www.idealista.pt/imovel/33917601/,0,3.4278970722477746,29.75,595000.0,0.75,0
33873174,525000.0,134.0,3918.0,2,2,Boavista,Cedofeita - Santo Ildefonso - Sé - Miragaia - São Nicolau - Vitória,Casa da Música,41.1587612,-8.625233,,good,False,True,60,True,https://www.idealista.pt/imovel/33873174/,1,1.5740775685258768,44.666666666666664,525012.0,0.6666666666666666,1
34569650,355000.0,146.0,2432.0,1,1,Constituição,Cedofeita - Santo Ildefonso - Sé - Miragaia - São Nicolau - Vitória,,41.1618678,-8.6143271,bj,good,False,True,25,True,https://www.idealista.pt/imovel/34569650/,1,1.3939653144262232,73.0,355072.0,0.5,1
34674372,380000.0,76.0,5000.0,2,2,Baixa,Cedofeita - Santo Ildefonso - Sé - Miragaia - São Nicolau - Vitória,Bairro das Artes,41.1474325,-8.6184347,2,good,False,True,40,False,https://www.idealista.pt/imovel/34674372/,1,0.6753540580360016,25.333333333333332,380000.0,0.6666666666666666,1
34293479,495000.0,112.0,4420.0,2,2,Lavadores,Canidelo,,41.1344337,-8.6650085,3,good,False,True,47,False,https://www.idealista.pt/imovel/34293479/,2,4.834644124697639,37.333333333333336,495040.0,0.6666666666666666,0
34689170,820000.0,420.0,1952.0,5,4,Sampaio-Alumiara-Verdinho,Canidelo,,41.1356474,-8.6438236,6,good,False,True,71,True,https://www.idealista.pt/imovel/34689170/,2,3.1635163786015212,70.0,819840.0,0.6666666666666666,0
34367792,825000.0,176.0,4688.0,3,4,Salgueiros,Canidelo,,41.1194737,-8.6606807,,good,False,True,33,False,https://www.idealista.pt/imovel/34367792/,2,5.348155086310992,44.0,825088.0,1.0,0
34521675,1450000.0,266.0,5451.0,3,4,Salgueiros,Canidelo,,41.117452,-8.6625553,,good,False,True,44,False,https://www.idealista.pt/imovel/34521675/,2,5.611923947607868,66.5,1449966.0,1.0,0
33815139,850000.0,180.0,4722.0,4,4,Cooperativa dos Arquitectos - Fonte da Moura - Pedra Verde,Aldoar - Foz do Douro - Nevogilde,,41.1738308,-8.667194,,good,False,,37,True,https://www.idealista.pt/imovel/33815139/,0,5.428429567704546,36.0,849960.0,0.8,0
34210141,1165000.0,154.0,7565.0,3,4,Baixa,Cedofeita - Santo Ildefonso - Sé - Miragaia - São Nicolau - Vitória,Aliados - Clérigos - Carlos Alberto,41.1469015,-8.6103553,5,good,False,True,30,False,https://www.idealista.pt/imovel/34210141/,6,0.30350587488241865,38.5,1165010.0,1.0,1
34556236,1850000.0,390.0,4744.0,3,4,Serralves,Lordelo do Ouro e Massarelos,,41.161123,-8.6624367,,good,False,,26,False,https://www.idealista.pt/imovel/34556236/,0,4.5009704454658355,97.5,1850160.0,1.0,0
34634414,629000.0,115.0,5470.0,3,2,Boavista,Cedofeita - Santo Ildefonso - Sé - Miragaia - São Nicolau - Vitória,Casa da Música,41.1580587,-8.6277918,,good,False,True,28,True,https://www.idealista.pt/imovel/34634414/,1,1.6984547077165861,28.75,629050.0,0.5,1
32967672,520000.0,79.0,6582.0,2,2,Centro Histórico,Cedofeita - Santo Ildefonso - Sé - Miragaia - São Nicolau - Vitória,Vitória - Clérigos,41.1441627,-8.6130677,,good,False,True,57,False,https://www.idealista.pt/imovel/32967672/,1,0.6312576411852842,26.333333333333332,519978.0,0.6666666666666666,1
34617391,390000.0,116.0,3362.0,3,2,Centro de Matosinhos,Matosinhos e Leça da Palmeira,,41.1804916,-8.6815917,8,good,False,True,34,True,https://www.idealista.pt/imovel/34617391/,0,6.84226935616263,29.0,389992.0,0.5,0
34516046,895000.0,230.0,3891.0,4,3,Camões - Gonçalo Cristóvão - Faria Guimarães,Cedofeita - Santo Ildefonso - Sé - Miragaia - São Nicolau - Vitória,,41.1525582,-8.608371,9,good,False,True,23,False,https://www.idealista.pt/imovel/34516046/,6,0.3911979992565483,46.0,894930.0,0.6,1
34516047,695000.0,230.0,3022.0,5,3,Camões - Gonçalo Cristóvão - Faria Guimarães,Cedofeita - Santo Ildefonso - Sé - Miragaia - São Nicolau - Vitória,,41.1551714,-8.6059713,12,good,False,True,16,False,https://www.idealista.pt/imovel/34516047/,6,0.7443662735129839,38.333333333333336,695060.0,0.5,1
33787795,1980000.0,315.0,6286.0,5,5,Foz,Aldoar - Foz do Douro - Nevogilde,,41.1571011,-8.6794821,,good,False,,26,True,https://www.idealista.pt/imovel/33787795/,0,5.802253458471411,52.5,1980090.0,0.8333333333333334,0
31290911,780000.0,156.0,5000.0,3,3,Batalha - Guindais,Cedofeita - Santo Ildefonso - Sé - Miragaia - São Nicolau - Vitória,,41.1444627,-8.6046196,2,newdevelopment,True,True,73,True,https://www.idealista.pt/empreendimento/31290911/,6,0.7764402268470825,39.0,780000.0,0.75,1
31290910,750000.0,156.0,4808.0,3,3,Batalha - Guindais,Cedofeita - Santo Ildefonso - Sé - Miragaia - São Nicolau - Vitória,,41.1444627,-8.6046196,bj,newdevelopment,True,True,73,True,https://www.idealista.pt/empreendimento/31290910/,6,0.7764402268470825,39.0,750048.0,0.75,1
33846381,1270000.0,272.0,4669.0,3,4,Batalha - Guindais,Cedofeita - Santo Ildefonso - Sé - Miragaia - São Nicolau - Vitória,,41.1444627,-8.6046196,bj,newdevelopment,True,True,46,True,https://www.idealista.pt/empreendimento/33846381/,6,0.7764402268470825,68.0,1269968.0,1.0,1
34261929,285000.0,48.0,5938.0,1,1,Boavista,Cedofeita - Santo Ildefonso - Sé - Miragaia - São Nicolau - Vitória,Júlio Dinis - Hospital Militar,41.1535984,-8.6251928,4,newdevelopment,True,True,118,True,https://www.idealista.pt/empreendimento/34261929/,1,1.2766090129274008,24.0,285024.0,0.5,1
33137212,1000000.0,210.0,4762.0,2,2,Baixa,Cedofeita - Santo Ildefonso - Sé - Miragaia - São Nicolau - Vitória,Trindade,41.1510945,-8.6121151,1,newdevelopment,True,True,37,False,https://www.idealista.pt/empreendimento/33137212/,1,0.19485046332565198,70.0,1000020.0,0.6666666666666666,1
33137154,670000.0,113.0,5929.0,2,2,Baixa,Cedofeita - Santo Ildefonso - Sé - Miragaia - São Nicolau - Vitória,Trindade,41.1510945,-8.6121151,2,newdevelopment,True,True,34,False,https://www.idealista.pt/empreendimento/33137154/,1,0.19485046332565198,37.666666666666664,669977.0,0.6666666666666666,1
34305091,450000.0,72.0,6250.0,1,1,Baixa,Cedofeita - Santo Ildefonso - Sé - Miragaia - São Nicolau - Vitória,Bolhão,41.1516007,-8.6062042,2,good,False,True,36,True,https://www.idealista.pt/imovel/34305091/,6,0.4517453711830647,36.0,450000.0,0.5,1
34308943,665000.0,177.0,3757.0,3,3,Lavadores,Canidelo,,41.1238877,-8.6665362,1,newdevelopment,True,True,52,True,https://www.idealista.pt/empreendimento/34308943/,2,5.466556566541271,44.25,664989.0,0.75,0
34513933,569600.0,108.0,5274.0,2,2,Valbom,São Cosme - Valbom - Jovim,,41.1406638,-8.5691091,2,newdevelopment,True,True,27,True,https://www.idealista.pt/empreendimento/34513933/,4,3.6376964478187523,36.0,569592.0,0.6666666666666666,0
33987524,720000.0,183.0,3934.0,3,3,Constituição,Cedofeita - Santo Ildefonso - Sé - Miragaia - São Nicolau - Vitória,,41.1636108,-8.6263217,1,newdevelopment,True,True,20,True,https://www.idealista.pt/empreendimento/33987524/,1,2.023389142288896,45.75,719922.0,0.75,1
34256477,336194.0,76.0,4424.0,1,1,Centro de Senhora da Hora,São Mamede de Infesta e Senhora da Hora,,41.1860646,-8.6503927,2,newdevelopment,True,True,69,True,https://www.idealista.pt/empreendimento/34256477/,5,5.2314936972276875,38.0,336224.0,0.5,0
34459452,283719.0,85.0,3338.0,0,1,Centro de Senhora da Hora,São Mamede de Infesta e Senhora da Hora,,41.1860646,-8.6503927,1,newdevelopment,True,True,69,True,https://www.idealista.pt/empreendimento/34459452/,5,5.2314936972276875,85.0,283730.0,1.0,0
34257384,329500.0,88.0,3744.0,1,1,Serralves,Lordelo do Ouro e Massarelos,,41.1551707,-8.6507126,2,newdevelopment,True,True,27,True,https://www.idealista.pt/empreendimento/34257384/,0,3.390398385459906,44.0,329472.0,0.5,0
33810139,454261.0,107.0,4245.0,2,2,Centro de Senhora da Hora,São Mamede de Infesta e Senhora da Hora,,41.1860646,-8.6503927,1,newdevelopment,True,True,69,True,https://www.idealista.pt/empreendimento/33810139/,5,5.2314936972276875,35.666666666666664,454215.0,0.6666666666666666,0
34513959,660600.0,144.0,4588.0,3,3,Valbom,São Cosme - Valbom - Jovim,,41.1406638,-8.5691091,2,newdevelopment,True,True,27,True,https://www.idealista.pt/empreendimento/34513959/,4,3.6376964478187523,36.0,660672.0,0.75,0
34317194,525000.0,158.0,3323.0,4,2,Fonte da Moura - Vilarinha,Ramalde,,41.1625226,-8.6611926,1,good,False,False,34,True,https://www.idealista.pt/imovel/34317194/,0,4.448978151943225,31.6,525034.0,0.4,0
33739874,1200000.0,359.0,3343.0,5,3,Baixa,Cedofeita - Santo Ildefonso - Sé - Miragaia - São Nicolau - Vitória,Bairro das Artes,41.1480159,-8.6207179,,good,False,,23,False,https://www.idealista.pt/imovel/33739874/,1,0.8407136713793084,59.833333333333336,1200137.0,0.5,1
34628782,450000.0,65.0,6923.0,1,2,Boavista,Cedofeita - Santo Ildefonso - Sé - Miragaia - São Nicolau - Vitória,Júlio Dinis - Hospital Militar,41.1556981,-8.6252634,3,newdevelopment,True,True,26,True,https://www.idealista.pt/empreendimento/34628782/,1,1.3805742921667776,32.5,449995.0,1.0,1
34701438,294800.0,80.4,3667.0,1,1,Camões - Gonçalo Cristóvão - Faria Guimarães,Cedofeita - Santo Ildefonso - Sé - Miragaia - São Nicolau - Vitória,,41.1538928,-8.6062855,1,newdevelopment,True,True,28,False,https://www.idealista.pt/empreendimento/34701438/,6,0.6141022945212857,40.2,294826.80000000005,0.5,1
31942294,1325000.0,195.0,6795.0,3,3,Aviz - Cristo Rei,Aldoar - Foz do Douro - Nevogilde,,41.1626451,-8.6711983,1,newdevelopment,True,True,25,False,https://www.idealista.pt/empreendimento/31942294/,0,5.252487674844402,48.75,1325025.0,0.75,0
34488456,569600.0,106.0,5374.0,2,3,Valbom,São Cosme - Valbom - Jovim,,41.1406638,-8.5691091,,newdevelopment,True,True,44,True,https://www.idealista.pt/empreendimento/34488456/,4,3.6376964478187523,35.333333333333336,569644.0,1.0,0
33235950,561000.0,145.0,3869.0,3,3,Prelada - Monte dos Burgos,Ramalde,Requesende,41.1734953,-8.6373661,7,newdevelopment,True,True,37,False,https://www.idealista.pt/empreendimento/33235950/,5,3.459571123376972,36.25,561005.0,0.75,0
33235941,571000.0,145.0,3938.0,3,3,Prelada - Monte dos Burgos,Ramalde,Requesende,41.1734953,-8.6373661,8,newdevelopment,True,True,36,False,https://www.idealista.pt/empreendimento/33235941/,5,3.459571123376972,36.25,571010.0,0.75,0
34665520,360000.0,175.0,2057.0,3,2,Leça do Balio,Custóias - Leça do Balio - Guifões,,41.1964064,-8.6190559,bj,good,False,True,29,False,https://www.idealista.pt/imovel/34665520/,5,5.249211177351773,43.75,359975.0,0.5,0
34209163,541000.0,145.0,3731.0,3,3,Prelada - Monte dos Burgos,Ramalde,Requesende,41.1734953,-8.6373661,5,newdevelopment,True,True,35,False,https://www.idealista.pt/empreendimento/34209163/,5,3.459571123376972,36.25,540995.0,0.75,0
34605144,595000.0,144.0,4132.0,3,3,Campo 24 de Agosto,Bonfim,,41.1514971,-8.5976711,4,newdevelopment,True,True,33,True,https://www.idealista.pt/empreendimento/34605144/,6,1.1275366834276188,36.0,595008.0,0.75,1
34605139,342500.0,67.0,5112.0,1,1,Campo 24 de Agosto,Bonfim,,41.1514971,-8.5976711,5,newdevelopment,True,True,33,True,https://www.idealista.pt/empreendimento/34605139/,6,1.1275366834276188,33.5,342504.0,0.5,1
34605116,417500.0,78.0,5353.0,2,1,Campo 24 de Agosto,Bonfim,,41.1514971,-8.5976711,5,newdevelopment,True,True,33,True,https://www.idealista.pt/empreendimento/34605116/,6,1.1275366834276188,26.0,417534.0,0.3333333333333333,1
33991116,310000.0,78.0,3974.0,1,1,Padrão da Légua - Av. Xanana Gusmão,Custóias - Leça do Balio - Guifões,,41.191013,-8.6333514,1,newdevelopment,True,True,20,True,https://www.idealista.pt/empreendimento/33991116/,5,4.973610053144598,39.0,309972.0,0.5,0
33991104,260000.0,68.0,3824.0,1,1,Padrão da Légua - Av. Xanana Gusmão,Custóias - Leça do Balio - Guifões,,41.191013,-8.6333514,3,newdevelopment,True,True,20,True,https://www.idealista.pt/empreendimento/33991104/,5,4.973610053144598,34.0,260032.0,0.5,0
34693866,1300000.0,408.0,3186.0,4,4,Foz Velha,Aldoar - Foz do Douro - Nevogilde,,41.1534121,-8.6761028,bj,good,False,True,37,False,https://www.idealista.pt/imovel/34693866/,0,5.475645770216013,81.6,1299888.0,0.8,0
34496228,960000.0,152.0,6316.0,2,3,Miragaia - Virtudes,Cedofeita - Santo Ildefonso - Sé - Miragaia - São Nicolau - Vitória,,41.1456708,-8.6214294,,newdevelopment,True,True,18,True,https://www.idealista.pt/empreendimento/34496228/,1,0.9839631885733442,50.666666666666664,960032.0,1.0,1
34414053,510000.0,150.0,3400.0,2,3,Sete Bicas,São Mamede de Infesta e Senhora da Hora,,41.1863613,-8.6479305,2,newdevelopment,True,True,27,False,https://www.idealista.pt/empreendimento/34414053/,5,5.130004645524542,50.0,510000.0,1.0,0
34514588,690000.0,168.0,4107.0,4,4,Afurada - Arrábida - Cavaco,Santa Marinha e São Pedro da Afurada,,41.1412853,-8.6398064,4,good,False,True,30,True,https://www.idealista.pt/imovel/34514588/,2,2.5910282812666443,33.6,689976.0,0.8,1
34549193,540000.0,203.0,2660.0,2,2,Centro Histórico,Santa Marinha e São Pedro da Afurada,,41.1364988,-8.6210129,bj,newdevelopment,True,True,75,True,https://www.idealista.pt/empreendimento/34549193/,7,1.6850362728261348,67.66666666666667,539980.0,0.6666666666666666,1
33705104,715000.0,154.0,4643.0,1,2,Bessa Leite,Lordelo do Ouro e Massarelos,,41.1621399,-8.639538,1,newdevelopment,True,True,61,False,https://www.idealista.pt/empreendimento/33705104/,1,2.773587372121928,77.0,715022.0,1.0,1
34715701,250000.0,82.0,3049.0,1,1,Areosa,Rio Tinto,,41.1838876,-8.5814058,3,newdevelopment,True,True,12,False,https://www.idealista.pt/empreendimento/34715701/,3,4.54217223844504,41.0,250018.0,0.5,0
33723316,230000.0,47.0,4894.0,2,1,Campo 24 de Agosto,Bonfim,,41.1507568,-8.5989176,1,good,False,False,14,True,https://www.idealista.pt/imovel/33723316/,6,1.0114792345749515,15.666666666666666,230018.0,0.3333333333333333,1
34699259,371000.0,123.0,3016.0,2,2,Antas - Estádio do Dragão,Campanhã,,41.158902,-8.5915304,ss,newdevelopment,True,True,42,True,https://www.idealista.pt/empreendimento/34699259/,6,1.9234629442359152,41.0,370968.0,0.6666666666666666,1
34676242,525450.0,136.0,3864.0,3,3,Lavadores,Canidelo,,41.1316307,-8.6663733,5,good,False,True,53,True,https://www.idealista.pt/imovel/34676242/,2,5.056858221309122,34.0,525504.0,0.75,0
34702766,311000.0,62.0,5016.0,1,1,Antas - Estádio do Dragão,Campanhã,,41.163038,-8.5855652,3,,True,True,22,True,https://www.idealista.pt/empreendimento/34702766/,6,2.5945267070761133,31.0,310992.0,0.5,1
34720621,665000.0,124.0,5363.0,3,2,Pinhais da Foz,Aldoar - Foz do Douro - Nevogilde,,41.1565102,-8.6663162,7,good,False,True,32,False,https://www.idealista.pt/imovel/34720621/,0,4.702899902590266,31.0,665012.0,0.5,0
34271502,372500.0,52.0,7163.0,1,1,Campo 24 de Agosto,Bonfim,,41.151298,-8.5977405,20,newdevelopment,True,True,32,True,https://www.idealista.pt/empreendimento/34271502/,6,1.1178792494895093,26.0,372476.0,0.5,1
34699489,355000.0,57.0,6228.0,1,1,Centro Histórico,Cedofeita - Santo Ildefonso - Sé - Miragaia - São Nicolau - Vitória,Ferreira Borges - Comércio do Porto,41.142367,-8.6156672,2,newdevelopment,True,True,52,False,https://www.idealista.pt/empreendimento/34699489/,1,0.8978841520877882,28.5,354996.0,0.5,1
34699470,280000.0,45.0,6222.0,0,1,Centro Histórico,Cedofeita - Santo Ildefonso - Sé - Miragaia - São Nicolau - Vitória,Ferreira Borges - Comércio do Porto,41.142367,-8.6156672,2,newdevelopment,True,True,52,False,https://www.idealista.pt/empreendimento/34699470/,1,0.8978841520877882,45.0,279990.0,1.0,1
34271459,615000.0,146.0,4212.0,3,3,Campo 24 de Agosto,Bonfim,,41.151298,-8.5977405,7,newdevelopment,True,True,34,True,https://www.idealista.pt/empreendimento/34271459/,6,1.1178792494895093,36.5,614952.0,0.75,1
34699458,285000.0,45.0,6333.0,1,1,Centro Histórico,Cedofeita - Santo Ildefonso - Sé - Miragaia - São Nicolau - Vitória,Ferreira Borges - Comércio do Porto,41.142367,-8.6156672,3,newdevelopment,True,True,52,False,https://www.idealista.pt/empreendimento/34699458/,1,0.8978841520877882,22.5,284985.0,0.5,1
34708193,654600.0,202.0,3241.0,4,3,Francos - Casa da Música - Pedro Hispano,Ramalde,,41.1673436,-8.6316632,5,good,False,True,31,False,https://www.idealista.pt/imovel/34708193/,1,2.6294927661316945,40.4,654682.0,0.6,1
34706070,406000.0,88.0,4614.0,2,2,Antas - Estádio do Dragão,Campanhã,,41.163038,-8.5855652,3,newdevelopment,True,True,23,True,https://www.idealista.pt/empreendimento/34706070/,6,2.5945267070761133,29.333333333333332,406032.0,0.6666666666666666,1
33799523,400000.0,87.0,4598.0,1,2,Matosinhos Sul - Marginal,Matosinhos e Leça da Palmeira,,41.1728284,-8.6828157,5,good,False,True,30,True,https://www.idealista.pt/imovel/33799523/,0,6.551040855884963,43.5,400026.0,1.0,0
34271465,450000.0,88.0,5114.0,2,2,Campo 24 de Agosto,Bonfim,,41.151298,-8.5977405,6,newdevelopment,True,True,34,False,https://www.idealista.pt/empreendimento/34271465/,6,1.1178792494895093,29.333333333333332,450032.0,0.6666666666666666,1
34576453,755000.0,247.0,3057.0,4,3,Serralves,Lordelo do Ouro e Massarelos,,41.1568478,-8.6511908,5,good,False,True,39,True,https://www.idealista.pt/imovel/34576453/,0,3.468261362904509,49.4,755079.0,0.6,0
33907747,1995000.0,286.0,6976.0,4,5,Foz,Aldoar - Foz do Douro - Nevogilde,,41.1591142,-8.6767899,,good,False,,72,True,https://www.idealista.pt/imovel/33907747/,0,5.617029355681043,57.2,1995136.0,1.0,0
33400688,1650000.0,510.0,3235.0,5,6,Câmara de Gaia - Aviadores - Quinta das Pedras,Mafamude e Vilar do Paraíso,,41.1272295,-8.6098073,,good,False,,54,True,https://www.idealista.pt/imovel/33400688/,7,2.4891686469688827,85.0,1649850.0,1.0,1
34634291,575000.0,153.0,3758.0,3,3,Pinheiro Manso,Ramalde,,41.1657992,-8.6476176,5,good,False,True,28,True,https://www.idealista.pt/imovel/34634291/,0,3.5628292579569205,38.25,574974.0,0.75,0
34719005,425000.0,136.0,3125.0,4,2,Maninho - Baviera,Madalena,,41.1074483,-8.6324912,,good,False,,25,False,https://www.idealista.pt/imovel/34719005/,7,5.023820400957233,27.2,425000.0,0.4,0
34677899,1700000.0,423.0,4019.0,3,4,Foz,Aldoar - Foz do Douro - Nevogilde,,41.1606212,-8.6731037,bj,renew,False,True,26,False,https://www.idealista.pt/imovel/34677899/,0,5.350072285225537,105.75,1700037.0,1.0,0
34712777,595000.0,84.0,7083.0,2,2,Matosinhos Sul - Marginal,Matosinhos e Leça da Palmeira,,41.1743358,-8.6845447,5,good,False,False,29,True,https://www.idealista.pt/imovel/34712777/,0,6.750775354998546,28.0,594972.0,0.6666666666666666,0
33411495,1250000.0,302.0,4139.0,4,4,Câmara de Gaia - Aviadores - Quinta das Pedras,Mafamude e Vilar do Paraíso,,41.1289274,-8.6089514,11,newdevelopment,True,True,63,True,https://www.idealista.pt/empreendimento/33411495/,7,2.3044729176572103,60.4,1249978.0,0.8,1
34400291,870000.0,188.0,4628.0,3,4,Serralves,Lordelo do Ouro e Massarelos,,41.1586505,-8.6526938,bj,good,False,True,32,False,https://www.idealista.pt/imovel/34400291/,0,3.6409607486603144,47.0,870064.0,1.0,0
34479207,499000.0,161.0,3099.0,4,2,Cooperativa dos Arquitectos - Fonte da Moura - Pedra Verde,Aldoar - Foz do Douro - Nevogilde,,41.1690026,-8.6634544,1,good,False,True,31,False,https://www.idealista.pt/imovel/34479207/,0,4.9001921265215795,32.2,498939.0,0.4,0
34272202,1000000.0,272.0,3676.0,3,4,Foz Velha,Aldoar - Foz do Douro - Nevogilde,,41.150425,-8.6681397,,good,False,,31,True,https://www.idealista.pt/imovel/34272202/,0,4.793477129205894,68.0,999872.0,1.0,0
34494171,420000.0,71.0,5915.0,2,2,Matosinhos Sul - Marginal,Matosinhos e Leça da Palmeira,,41.1772732,-8.6853742,1,newdevelopment,True,True,22,True,https://www.idealista.pt/empreendimento/34494171/,0,6.952387311599068,23.666666666666668,419965.0,0.6666666666666666,0
34075170,409500.0,95.0,4311.0,2,2,Prelada - Monte dos Burgos,Ramalde,Parque da Prelada,41.1767233,-8.6312809,3,newdevelopment,True,True,19,True,https://www.idealista.pt/empreendimento/34075170/,5,3.465104097035788,31.666666666666668,409545.0,0.6666666666666666,0
34461011,316000.0,85.0,3718.0,2,1,Soares dos Reis - Rasa de Cima,Mafamude e Vilar do Paraíso,,41.1180125,-8.6106934,2,newdevelopment,True,True,21,True,https://www.idealista.pt/empreendimento/34461011/,7,3.5124123630771464,28.333333333333332,316030.0,0.3333333333333333,0
34416992,495000.0,255.0,1941.0,4,4,Parque da Lavandeira - Sardão,Oliveira do Douro,,41.1171162,-8.5872973,bj,newdevelopment,True,True,27,True,https://www.idealista.pt/empreendimento/34416992/,7,4.11755025270591,51.0,494955.0,0.8,0
34545978,275000.0,50.0,5500.0,0,1,Matosinhos Sul - Marginal,Matosinhos e Leça da Palmeira,,41.1760842,-8.6849954,3,good,False,True,17,False,https://www.idealista.pt/imovel/34545978/,0,6.866282508662406,50.0,275000.0,1.0,0
33783923,400000.0,52.0,7692.0,1,1,Agramonte - Bom Sucesso - Guerra Junqueiro,Lordelo do Ouro e Massarelos,,41.1528024,-8.6314738,2,newdevelopment,True,True,27,False,https://www.idealista.pt/empreendimento/33783923/,1,1.759004326848709,26.0,399984.0,0.5,1
33783925,720000.0,89.0,8090.0,2,3,Agramonte - Bom Sucesso - Guerra Junqueiro,Lordelo do Ouro e Massarelos,,41.1528024,-8.6314738,1,,True,True,27,False,https://www.idealista.pt/empreendimento/33783925/,1,1.759004326848709,29.666666666666668,720010.0,1.0,1
34352894,375000.0,63.0,5952.0,1,1,Baixa,Cedofeita - Santo Ildefonso - Sé - Miragaia - São Nicolau - Vitória,Cedofeita,41.1545222,-8.6224781,2,newdevelopment,True,True,47,True,https://www.idealista.pt/empreendimento/34352894/,1,1.1132275980298032,31.5,374976.0,0.5,1
34272885,855000.0,250.0,3420.0,4,4,Centro Histórico,Santa Marinha e São Pedro da Afurada,,41.1434773,-8.632561,1,newdevelopment,True,True,61,True,https://www.idealista.pt/empreendimento/34272885/,1,1.9373082361438114,50.0,855000.0,0.8,1
34272838,485000.0,165.0,2939.0,2,2,Centro Histórico,Santa Marinha e São Pedro da Afurada,,41.1434773,-8.632561,bj,newdevelopment,True,True,61,True,https://www.idealista.pt/empreendimento/34272838/,1,1.9373082361438114,55.0,484935.0,0.6666666666666666,1
33387705,236020.0,48.0,4917.0,0,1,Camões - Gonçalo Cristóvão - Faria Guimarães,Cedofeita - Santo Ildefonso - Sé - Miragaia - São Nicolau - Vitória,,41.1537281,-8.6062295,ss,newdevelopment,True,True,31,True,https://www.idealista.pt/empreendimento/33387705/,6,0.6030080000930292,48.0,236016.0,1.0,1
34477670,276000.0,51.0,5412.0,0,1,Antas - Estádio do Dragão,Campanhã,,41.158902,-8.5915304,8,newdevelopment,True,True,42,True,https://www.idealista.pt/empreendimento/34477670/,6,1.9234629442359152,51.0,276012.0,1.0,1
34505642,344000.0,68.0,5059.0,2,2,General Torres,Santa Marinha e São Pedro da Afurada,,41.1329627,-8.6075083,4,newdevelopment,True,True,44,True,https://www.idealista.pt/empreendimento/34505642/,7,1.8716585707501867,22.666666666666668,344012.0,0.6666666666666666,1
34340501,346000.0,69.0,5014.0,2,2,General Torres,Santa Marinha e São Pedro da Afurada,,41.1329627,-8.6075083,3,newdevelopment,True,True,49,True,https://www.idealista.pt/empreendimento/34340501/,7,1.8716585707501867,23.0,345966.0,0.6666666666666666,1
34695344,550000.0,297.0,1852.0,5,5,Fontaínhas - Duques,Bonfim,,41.1450387,-8.5987072,,renew,False,,42,False,https://www.idealista.pt/imovel/34695344/,6,1.1399731973744733,49.5,550044.0,0.8333333333333334,1
33217279,1350000.0,380.0,3553.0,4,5,Candal - Regadas,Santa Marinha e São Pedro da Afurada,,41.1330246,-8.6255139,5,newdevelopment,True,True,38,False,https://www.idealista.pt/empreendimento/33217279/,7,2.2123779774216374,76.0,1350140.0,1.0,1
34442247,225000.0,53.0,4245.0,0,1,Batalha - Guindais,Cedofeita - Santo Ildefonso - Sé - Miragaia - São Nicolau - Vitória,,41.1446723,-8.6045384,bj,good,False,False,24,True,https://www.idealista.pt/imovel/34442247/,6,0.7641803399874474,53.0,224985.0,1.0,1
33989246,795000.0,156.0,5096.0,2,2,Campo 24 de Agosto,Bonfim,,41.1500071,-8.602086,,good,False,False,31,False,https://www.idealista.pt/imovel/33989246/,6,0.7393731680747996,52.0,794976.0,0.6666666666666666,1
34460107,427000.0,95.0,4495.0,2,2,Lavadores,Canidelo,,41.1337024,-8.6665562,3,newdevelopment,True,True,52,True,https://www.idealista.pt/empreendimento/34460107/,2,4.98459189728791,31.666666666666668,427025.0,0.6666666666666666,0
33840080,345000.0,57.0,6053.0,1,1,Baixa,Cedofeita - Santo Ildefonso - Sé - Miragaia - São Nicolau - Vitória,Cedofeita,41.1554724,-8.6197395,4,good,False,True,31,False,https://www.idealista.pt/imovel/33840080/,1,0.9869741951814441,28.5,345021.0,0.5,1
34478044,770000.0,275.0,2800.0,5,4,Aviz - Cristo Rei,Aldoar - Foz do Douro - Nevogilde,,41.1629678,-8.6657933,,good,False,True,30,False,https://www.idealista.pt/imovel/34478044/,0,4.830106225002367,45.833333333333336,770000.0,0.6666666666666666,0
34336958,620000.0,176.0,3523.0,3,3,Centro Histórico,Santa Marinha e São Pedro da Afurada,,41.1434773,-8.632561,1,newdevelopment,True,True,61,True,https://www.idealista.pt/empreendimento/34336958/,1,1.9373082361438114,44.0,620048.0,0.75,1
33199384,410000.0,113.0,3628.0,3,1,Bessa - Foco,Ramalde,,41.16315,-8.6474852,16,good,False,True,33,True,https://www.idealista.pt/imovel/33199384/,0,3.413452480826434,28.25,409964.0,0.25,0
33978939,380000.0,95.0,4000.0,2,2,Câmara de Gaia - Aviadores - Quinta das Pedras,Mafamude e Vilar do Paraíso,,41.1289274,-8.6089514,8,newdevelopment,True,True,49,False,https://www.idealista.pt/empreendimento/33978939/,7,2.3044729176572103,31.666666666666668,380000.0,0.6666666666666666,1
34244902,265000.0,51.0,5196.0,0,1,Baixa,Cedofeita - Santo Ildefonso - Sé - Miragaia - São Nicolau - Vitória,Cedofeita,41.1572872,-8.6169957,3,good,False,True,24,True,https://www.idealista.pt/imovel/34244902/,1,0.9955449486476764,51.0,264996.0,1.0,1
34202691,350000.0,113.0,3097.0,1,2,Areinho - Quebrantões,Oliveira do Douro,,41.1331686,-8.6040766,3,good,False,True,25,True,https://www.idealista.pt/imovel/34202691/,7,1.9143502587865957,56.5,349961.0,1.0,1
34312590,990000.0,220.0,4500.0,4,4,Foz,Aldoar - Foz do Douro - Nevogilde,,41.1545457,-8.6767899,2,good,False,True,51,True,https://www.idealista.pt/imovel/34312590/,0,5.544037578390259,44.0,990000.0,0.8,0
34624557,585000.0,232.0,2522.0,3,3,Paniceiro-Viso-Meiral,Canidelo,,41.1166266,-8.6493055,1,newdevelopment,True,True,24,True,https://www.idealista.pt/empreendimento/34624557/,2,4.87736573235154,58.0,585104.0,0.75,0
34464536,420000.0,131.0,3206.0,3,2,São Cosme,São Cosme - Valbom - Jovim,Carregais - São Miguel,41.1427515,-8.5513349,1,newdevelopment,True,True,41,False,https://www.idealista.pt/empreendimento/34464536/,4,5.045393896267127,32.75,419986.0,0.5,0
34497530,1300000.0,419.0,3103.0,3,4,Ouro - Condominhas,Lordelo do Ouro e Massarelos,,41.1495373,-8.6490065,,newdevelopment,True,,26,False,https://www.idealista.pt/empreendimento/34497530/,2,3.1906326787949637,104.75,1300157.0,1.0,0
34377398,275000.0,50.0,5500.0,0,1,Matosinhos Sul - Marginal,Matosinhos e Leça da Palmeira,,41.1760842,-8.6849954,3,good,False,True,26,False,https://www.idealista.pt/imovel/34377398/,0,6.866282508662406,50.0,275000.0,1.0,0
34542372,315000.0,61.0,5164.0,0,1,Matosinhos Sul - Marginal,Matosinhos e Leça da Palmeira,,41.1760842,-8.6849954,,good,False,False,21,False,https://www.idealista.pt/imovel/34542372/,0,6.866282508662406,61.0,315004.0,1.0,0
33710358,850000.0,257.0,3307.0,2,3,Ouro - Condominhas,Lordelo do Ouro e Massarelos,,41.1495373,-8.6490065,bj,newdevelopment,True,True,22,False,https://www.idealista.pt/empreendimento/33710358/,2,3.1906326787949637,85.66666666666667,849899.0,1.0,0
34645266,580000.0,151.0,3841.0,2,2,Sete Bicas,São Mamede de Infesta e Senhora da Hora,,41.1836526,-8.6457437,4,good,False,True,24,False,https://www.idealista.pt/imovel/34645266/,5,4.779580750272251,50.333333333333336,579991.0,0.6666666666666666,0
34618253,220000.0,82.0,2683.0,1,1,Coimbrões,Santa Marinha e São Pedro da Afurada,,41.1242874,-8.6326741,bj,good,False,True,16,True,https://www.idealista.pt/imovel/34618253/,2,3.3536888890810017,41.0,220006.0,0.5,0
33642188,327000.0,74.0,4419.0,1,1,Antas - Estádio do Dragão,Campanhã,,41.1584564,-8.5851543,bj,newdevelopment,True,True,55,True,https://www.idealista.pt/empreendimento/33642188/,6,2.3698243577797893,37.0,327006.0,0.5,1
34644061,510000.0,150.0,3400.0,2,3,Centro de Senhora da Hora,São Mamede de Infesta e Senhora da Hora,,41.1845343,-8.6488025,2,good,False,True,21,False,https://www.idealista.pt/imovel/34644061/,5,5.015523715024891,50.0,510000.0,1.0,0
34307034,990000.0,277.0,3574.0,4,4,Lavadores,Canidelo,,41.1301635,-8.6668796,2,good,False,True,51,True,https://www.idealista.pt/imovel/34307034/,2,5.162033212935827,55.4,989998.0,0.8,0
33830026,445000.0,110.0,4045.0,2,2,Antas - Estádio do Dragão,Campanhã,,41.1584564,-8.5851543,bj,newdevelopment,True,True,55,True,https://www.idealista.pt/empreendimento/33830026/,6,2.3698243577797893,36.666666666666664,444950.0,0.6666666666666666,1
34305133,360000.0,93.0,3871.0,2,2,Baixa,Cedofeita - Santo Ildefonso - Sé - Miragaia - São Nicolau - Vitória,Cedofeita,41.1556678,-8.6192865,1,good,False,False,19,True,https://www.idealista.pt/imovel/34305133/,1,0.9737878448760797,31.0,360003.0,0.6666666666666666,1
34595925,430000.0,218.0,1972.0,5,4,Barrosa - Devesas - Telheira do Meio,Santa Marinha e São Pedro da Afurada,,41.1220028,-8.6161104,6,good,False,True,43,False,https://www.idealista.pt/imovel/34595925/,7,3.0995373766615555,36.333333333333336,429896.0,0.6666666666666666,0
34718817,387000.0,118.0,3280.0,2,3,Batalha - Guindais,Cedofeita - Santo Ildefonso - Sé - Miragaia - São Nicolau - Vitória,,41.1443455,-8.6061186,1,good,False,False,30,False,https://www.idealista.pt/imovel/34718817/,6,0.7082815002231921,39.333333333333336,387040.0,1.0,1
34705640,387000.0,117.0,3308.0,2,3,Batalha - Guindais,Cedofeita - Santo Ildefonso - Sé - Miragaia - São Nicolau - Vitória,,41.1452824,-8.6033771,1,good,False,False,30,True,https://www.idealista.pt/imovel/34705640/,6,0.7920060744121011,39.0,387036.0,1.0,1
32637089,590000.0,163.0,3620.0,3,3,Camões - Gonçalo Cristóvão - Faria Guimarães,Cedofeita - Santo Ildefonso - Sé - Miragaia - São Nicolau - Vitória,,41.1553512,-8.6079939,2,good,False,True,21,True,https://www.idealista.pt/imovel/32637089/,6,0.6842277784500207,40.75,590060.0,0.75,1
34474652,325000.0,64.0,5078.0,1,1,Palácio de Cristal - Galiza - Vilar,Lordelo do Ouro e Massarelos,,41.1519029,-8.6213286,bj,good,False,True,22,False,https://www.idealista.pt/imovel/34474652/,1,0.9099364526712708,32.0,324992.0,0.5,1
32969855,1500000.0,720.0,2083.0,6,4,Camões - Gonçalo Cristóvão - Faria Guimarães,Cedofeita - Santo Ildefonso - Sé - Miragaia - São Nicolau - Vitória,,41.1553347,-8.616751,,good,False,,48,False,https://www.idealista.pt/imovel/32969855/,1,0.8041160015346905,102.85714285714286,1499760.0,0.5714285714285714,1
34393650,599990.0,238.0,2521.0,4,2,Lapa - Bouça,Cedofeita - Santo Ildefonso - Sé - Miragaia - São Nicolau - Vitória,,41.1618568,-8.6134353,2,good,False,True,21,True,https://www.idealista.pt/imovel/34393650/,1,1.3793236380728449,47.6,599998.0,0.4,1
34652487,230000.0,52.0,4423.0,1,1,Areosa - Fernão de Magalhães,Paranhos,,41.1780108,-8.5847277,2,newdevelopment,True,True,27,False,https://www.idealista.pt/empreendimento/34652487/,3,3.844505946707583,26.0,229996.0,0.5,0
34630484,217500.0,42.0,5179.0,0,1,Covelo - Monte de São João,Paranhos,,41.1649129,-8.6052823,1,newdevelopment,True,True,15,False,https://www.idealista.pt/empreendimento/34630484/,6,1.7664756104108625,42.0,217518.0,1.0,1
33435353,215000.0,91.0,2363.0,3,2,ESMAE - Doze Casas,Bonfim,,41.1562649,-8.6010851,3,good,False,False,25,False,https://www.idealista.pt/imovel/33435353/,6,1.106575199858373,22.75,215033.0,0.5,1
34695182,675000.0,198.0,3409.0,3,3,Pinheiro Manso,Ramalde,,41.1656473,-8.6533235,9,good,False,True,31,False,https://www.idealista.pt/imovel/34695182/,0,3.9746955854450983,49.5,674982.0,0.75,0
34694060,665000.0,137.0,4854.0,3,2,Pinhais da Foz,Aldoar - Foz do Douro - Nevogilde,,41.155166,-8.6644622,7,good,False,True,34,False,https://www.idealista.pt/imovel/34694060/,0,4.527031831970422,34.25,664998.0,0.5,0
34652507,235000.0,52.0,4519.0,1,1,Areosa - Fernão de Magalhães,Paranhos,,41.1780108,-8.5847277,3,,True,True,21,False,https://www.idealista.pt/empreendimento/34652507/,3,3.844505946707583,26.0,234988.0,0.5,0
33167504,388200.0,146.0,2659.0,2,2,Areosa - Fernão de Magalhães,Paranhos,,41.1800454,-8.5831712,2,newdevelopment,True,True,25,False,https://www.idealista.pt/empreendimento/33167504/,3,4.104702340347637,48.666666666666664,388214.0,0.6666666666666666,0
34588471,850000.0,328.0,2591.0,4,4,Baixa,Cedofeita - Santo Ildefonso - Sé - Miragaia - São Nicolau - Vitória,Bairro das Artes,41.1490729,-8.6208301,3,good,False,False,25,False,https://www.idealista.pt/imovel/34588471/,1,0.8335051048116912,65.6,849848.0,0.8,1
34293407,800000.0,321.0,2492.0,2,3,Bessa - Foco,Ramalde,,41.163447,-8.6462135,,newdevelopment,True,,21,False,https://www.idealista.pt/empreendimento/34293407/,0,3.3333702149317848,107.0,799932.0,1.0,0
34624375,355000.0,91.0,3901.0,2,2,Padrão da Légua - Av. Xanana Gusmão,Custóias - Leça do Balio - Guifões,,41.191013,-8.6333514,2,newdevelopment,True,True,21,True,https://www.idealista.pt/empreendimento/34624375/,5,4.973610053144598,30.333333333333332,354991.0,0.6666666666666666,0
34259974,910000.0,193.0,4715.0,4,3,Parque da Cidade - Vilarinha - António Aroso,Aldoar - Foz do Douro - Nevogilde,,41.1672236,-8.6697902,10,good,False,True,31,True,https://www.idealista.pt/imovel/34259974/,0,5.3053500897860975,38.6,909995.0,0.6,0
34256429,560000.0,91.0,6154.0,2,2,Candal - Regadas,Santa Marinha e São Pedro da Afurada,,41.1340909,-8.6281102,5,good,False,True,19,False,https://www.idealista.pt/imovel/34256429/,7,2.2474367883731046,30.333333333333332,560014.0,0.6666666666666666,1
34712399,550000.0,175.0,3143.0,3,3,Afurada - Arrábida - Cavaco,Santa Marinha e São Pedro da Afurada,,41.1417635,-8.6409,2,good,False,True,49,True,https://www.idealista.pt/imovel/34712399/,2,2.6588651443597633,43.75,550025.0,0.75,1
34617185,895000.0,242.0,3698.0,4,3,Camões - Gonçalo Cristóvão - Faria Guimarães,Cedofeita - Santo Ildefonso - Sé - Miragaia - São Nicolau - Vitória,,41.1537097,-8.6073981,9,good,False,True,28,False,https://www.idealista.pt/imovel/34617185/,6,0.5429511921779241,48.4,894916.0,0.6,1
34645012,230000.0,65.0,3538.0,2,1,Estação,Campanhã,,41.147511,-8.5879248,1,renew,False,False,26,True,https://www.idealista.pt/imovel/34645012/,6,1.9376971494372757,21.666666666666668,229970.0,0.3333333333333333,1
32460881,1400000.0,462.0,3030.0,4,5,Cooperativa dos Arquitectos - Fonte da Moura - Pedra Verde,Aldoar - Foz do Douro - Nevogilde,,41.1719067,-8.6571872,,good,False,,38,True,https://www.idealista.pt/imovel/32460881/,0,4.600804492815113,92.4,1399860.0,1.0,0
34701669,1270000.0,227.0,5595.0,3,4,Aviz - Cristo Rei,Aldoar - Foz do Douro - Nevogilde,,41.1625265,-8.6710177,3,good,False,True,42,False,https://www.idealista.pt/imovel/34701669/,0,5.23432501427364,56.75,1270065.0,1.0,0
34591056,850000.0,194.0,4381.0,3,3,Sampaio-Alumiara-Verdinho,Canidelo,,41.1378612,-8.6532578,3,good,False,True,48,True,https://www.idealista.pt/imovel/34591056/,2,3.77945558547929,48.5,849914.0,0.75,0
34716692,340000.0,137.0,2482.0,3,2,Carreira - Cidade Jovem - Venda Nova,Rio Tinto,,41.1769352,-8.546608,,good,False,,72,True,https://www.idealista.pt/imovel/34716692/,3,6.180986151984232,34.25,340034.0,0.5,0
33987614,675000.0,106.0,6368.0,2,3,Pinheiro Manso,Ramalde,,41.1656854,-8.6514162,2,,True,True,15,False,https://www.idealista.pt/empreendimento/33987614/,0,3.8346576639088283,35.333333333333336,675008.0,1.0,0
33987420,955000.0,149.0,6409.0,3,4,Pinheiro Manso,Ramalde,,41.1656854,-8.6514162,bj,,True,True,15,False,https://www.idealista.pt/empreendimento/33987420/,0,3.8346576639088283,37.25,954941.0,1.0,0
34617408,330000.0,150.0,2200.0,3,2,Carreira - Cidade Jovem - Venda Nova,Rio Tinto,,41.1772645,-8.5459885,1,good,False,True,22,False,https://www.idealista.pt/imovel/34617408/,3,6.244139570091718,37.5,330000.0,0.5,0
34678277,249000.0,81.0,3074.0,2,1,São Roque da Lameira,Campanhã,,41.1661232,-8.5721966,2,good,False,False,33,False,https://www.idealista.pt/imovel/34678277/,3,3.724850002854127,27.0,248994.0,0.3333333333333333,0
34683218,372500.0,108.0,3449.0,2,2,Liceu - Paço do Rei,Mafamude e Vilar do Paraíso,,41.1237535,-8.6055245,,good,False,True,54,True,https://www.idealista.pt/imovel/34683218/,7,2.9090430112384635,36.0,372492.0,0.6666666666666666,1
34598988,960000.0,368.0,2609.0,6,5,Padrão da Légua - Av. Xanana Gusmão,Custóias - Leça do Balio - Guifões,,41.1874111,-8.6388242,,good,False,,51,False,https://www.idealista.pt/imovel/34598988/,5,4.810448170516115,52.57142857142857,960112.0,0.7142857142857143,0
33987541,440000.0,95.0,4632.0,2,1,Constituição,Cedofeita - Santo Ildefonso - Sé - Miragaia - São Nicolau - Vitória,,41.1636108,-8.6263217,1,newdevelopment,True,True,19,True,https://www.idealista.pt/empreendimento/33987541/,1,2.023389142288896,31.666666666666668,440040.0,0.3333333333333333,1
33925494,840000.0,347.0,2421.0,6,3,Padrão da Légua - Av. Xanana Gusmão,Custóias - Leça do Balio - Guifões,,41.1981769,-8.6338467,,good,False,,53,False,https://www.idealista.pt/imovel/33925494/,5,5.732795025624324,49.57142857142857,840087.0,0.42857142857142855,0
34698439,349000.0,150.0,2327.0,3,3,Paniceiro-Viso-Meiral,Canidelo,,41.1269359,-8.6335798,,good,False,True,39,False,https://www.idealista.pt/imovel/34698439/,2,3.155687551104316,37.5,349050.0,0.75,0
34543018,285000.0,104.0,2740.0,2,1,Candal - Regadas,Santa Marinha e São Pedro da Afurada,,41.1367614,-8.6321782,2,good,False,True,24,True,https://www.idealista.pt/imovel/34543018/,1,2.283143136908775,34.666666666666664,284960.0,0.3333333333333333,1
34656974,515000.0,97.0,5309.0,2,2,Matosinhos Sul - Marginal,Matosinhos e Leça da Palmeira,,41.177864,-8.6833072,5,good,False,True,39,False,https://www.idealista.pt/imovel/34656974/,0,6.82762288854684,32.333333333333336,514973.0,0.6666666666666666,0
33572556,1400000.0,172.0,8140.0,3,4,Baixa,Cedofeita - Santo Ildefonso - Sé - Miragaia - São Nicolau - Vitória,Bolhão,41.1504373,-8.6068312,2,good,False,True,62,False,https://www.idealista.pt/imovel/33572556/,6,0.353167975332595,43.0,1400080.0,1.0,1
34301023,1195000.0,322.0,3711.0,4,3,Foz,Aldoar - Foz do Douro - Nevogilde,,41.1568804,-8.6787604,2,good,False,True,23,False,https://www.idealista.pt/imovel/34301023/,0,5.738960091145166,64.4,1194942.0,0.6,0
34058852,494000.0,85.0,5812.0,2,2,Centro Histórico,Cedofeita - Santo Ildefonso - Sé - Miragaia - São Nicolau - Vitória,São Bento - Cimo de Vila,41.1443752,-8.609046,1,good,False,False,23,True,https://www.idealista.pt/imovel/34058852/,6,0.601354341107034,28.333333333333332,494020.0,0.6666666666666666,1
34629730,350000.0,89.0,3933.0,1,2,Sete Bicas,São Mamede de Infesta e Senhora da Hora,,41.1825268,-8.6536579,5,good,False,True,30,False,https://www.idealista.pt/imovel/34629730/,5,5.120118167013211,44.5,350037.0,1.0,0
34692649,320000.0,67.0,4776.0,2,2,Heroísmo - Nova Sintra - Soares dos Reis,Bonfim,,41.1466948,-8.5932978,,good,False,,35,True,https://www.idealista.pt/imovel/34692649/,6,1.5088369199145653,22.333333333333332,319992.0,0.6666666666666666,1
34548365,750000.0,208.0,3606.0,3,3,Bessa Leite,Lordelo do Ouro e Massarelos,,41.1600648,-8.6449531,6,good,False,True,27,False,https://www.idealista.pt/imovel/34548365/,1,3.079332678836537,52.0,750048.0,0.75,0
34547356,1200000.0,375.0,3200.0,5,6,Pinhais da Foz,Aldoar - Foz do Douro - Nevogilde,,41.1529441,-8.6678552,2,good,False,True,38,False,https://www.idealista.pt/imovel/34547356/,0,4.783162593771062,62.5,1200000.0,1.0,0
34575002,220000.0,53.0,4151.0,1,1,Antas - Praça Velásquez,Bonfim,,41.1650719,-8.5878136,bj,good,False,False,22,False,https://www.idealista.pt/imovel/34575002/,6,2.587544626309433,26.5,220003.0,0.5,1
34644943,1300000.0,484.0,2686.0,4,5,Cooperativa dos Arquitectos - Fonte da Moura - Pedra Verde,Aldoar - Foz do Douro - Nevogilde,,41.1755345,-8.6692339,,good,False,,40,False,https://www.idealista.pt/imovel/34644943/,0,5.671210975400616,96.8,1300024.0,1.0,0
33952920,550000.0,93.0,5914.0,2,2,Lavadores,Canidelo,,41.1367782,-8.6677187,,good,False,True,24,False,https://www.idealista.pt/imovel/33952920/,2,4.966866194660125,31.0,550002.0,0.6666666666666666,0
34634916,749500.0,253.0,2962.0,4,3,Afurada - Arrábida - Cavaco,Santa Marinha e São Pedro da Afurada,,41.1400396,-8.6393837,5,good,False,True,37,False,https://www.idealista.pt/imovel/34634916/,2,2.6112760222395406,50.6,749386.0,0.6,1
33664873,670000.0,139.0,4820.0,3,4,Câmara de Gaia - Aviadores - Quinta das Pedras,Mafamude e Vilar do Paraíso,,41.1292605,-8.6105632,,good,False,True,21,False,https://www.idealista.pt/imovel/33664873/,7,2.2618250675196174,34.75,669980.0,1.0,1
34346974,349000.0,105.0,3324.0,3,2,,Águas Santas,,41.2021931,-8.5679824,1,newdevelopment,True,True,12,False,https://www.idealista.pt/empreendimento/34346974/,3,6.863136965028227,26.25,349020.0,0.5,0
32813896,990000.0,170.0,5824.0,3,4,Sampaio-Alumiara-Verdinho,Canidelo,,41.1390682,-8.6541081,3,good,False,True,46,True,https://www.idealista.pt/imovel/32813896/,2,3.802872608043255,42.5,990080.0,1.0,0
34595744,645000.0,229.0,2817.0,4,3,Santo Ovídio - Cedro - Monte da Virgem,Mafamude e Vilar do Paraíso,,41.1103307,-8.6016937,,good,False,,58,True,https://www.idealista.pt/imovel/34595744/,7,4.434103636561214,45.8,645093.0,0.6,0
34335555,649000.0,200.0,3245.0,3,2,Constituição,Cedofeita - Santo Ildefonso - Sé - Miragaia - São Nicolau - Vitória,,41.1625145,-8.6173327,,good,False,,35,True,https://www.idealista.pt/imovel/34335555/,1,1.5336918302972453,50.0,649000.0,0.5,1
34219496,390000.0,96.0,4063.0,1,1,Lavadores,Canidelo,,41.1353122,-8.6662954,1,good,False,True,17,True,https://www.idealista.pt/imovel/34219496/,2,4.903236176581009,48.0,390048.0,0.5,0
34432430,1350000.0,238.0,5672.0,4,4,Matosinhos Sul - Marginal,Matosinhos e Leça da Palmeira,,41.1739464,-8.6804829,6,good,False,True,39,True,https://www.idealista.pt/imovel/34432430/,0,6.423388157068333,47.6,1349936.0,0.8,0
34553087,290000.0,119.0,2437.0,2,2,Constituição,Cedofeita - Santo Ildefonso - Sé - Miragaia - São Nicolau - Vitória,,41.1639215,-8.6222975,3,good,False,True,38,True,https://www.idealista.pt/imovel/34553087/,1,1.8564700751272922,39.666666666666664,290003.0,0.6666666666666666,1
33938033,260000.0,71.0,3662.0,1,1,Padrão da Légua - Av. Xanana Gusmão,Custóias - Leça do Balio - Guifões,,41.1925061,-8.632814,3,newdevelopment,True,True,22,True,https://www.idealista.pt/empreendimento/33938033/,5,5.111390034147254,35.5,260002.0,0.5,0
34655959,355000.0,146.0,2432.0,1,1,Constituição,Cedofeita - Santo Ildefonso - Sé - Miragaia - São Nicolau - Vitória,,41.1633871,-8.612845,bj,good,False,False,35,True,https://www.idealista.pt/imovel/34655959/,1,1.5416792646641024,73.0,355072.0,0.5,1
33850881,799900.0,176.0,4545.0,4,1,Palácio de Cristal - Galiza - Vilar,Lordelo do Ouro e Massarelos,,41.1509981,-8.6224626,,good,False,,26,True,https://www.idealista.pt/imovel/33850881/,1,0.9805186477873745,35.2,799920.0,0.2,1
33451744,690000.0,200.0,3450.0,3,3,Aviz - Cristo Rei,Aldoar - Foz do Douro - Nevogilde,,41.1624493,-8.6652193,3,good,False,True,32,True,https://www.idealista.pt/imovel/33451744/,0,4.766825546209021,50.0,690000.0,0.75,0
34562619,495000.0,105.0,4714.0,3,3,Centro de Matosinhos,Matosinhos e Leça da Palmeira,,41.1803317,-8.6817483,2,good,False,True,38,False,https://www.idealista.pt/imovel/34562619/,0,6.844722077226027,26.25,494970.0,0.75,0
34675585,595000.0,272.0,2188.0,3,3,Coimbrões,Santa Marinha e São Pedro da Afurada,,41.1215678,-8.6324215,,good,False,,33,False,https://www.idealista.pt/imovel/34675585/,7,3.600615875205407,68.0,595136.0,0.75,0
34643541,450000.0,194.0,2320.0,6,2,Soares dos Reis - Rasa de Cima,Mafamude e Vilar do Paraíso,,41.1237642,-8.6133882,,renew,False,,64,False,https://www.idealista.pt/imovel/34643541/,7,2.8803571173469305,27.714285714285715,450080.0,0.2857142857142857,1
33984541,597500.0,127.0,4705.0,3,3,Lavadores,Canidelo,,41.1329723,-8.6658059,5,newdevelopment,True,True,44,False,https://www.idealista.pt/empreendimento/33984541/,2,4.95563345827231,31.75,597535.0,0.75,0
34570537,1980000.0,315.0,6286.0,5,5,Foz,Aldoar - Foz do Douro - Nevogilde,,41.1578466,-8.6766807,,good,False,,26,True,https://www.idealista.pt/imovel/34570537/,0,5.583229712563279,52.5,1980090.0,0.8333333333333334,0
33984512,302500.0,56.0,5402.0,1,1,Lavadores,Canidelo,,41.1329723,-8.6658059,3,newdevelopment,True,True,44,False,https://www.idealista.pt/empreendimento/33984512/,2,4.95563345827231,28.0,302512.0,0.5,0
34622488,289000.0,145.0,1993.0,3,2,São Cosme,São Cosme - Valbom - Jovim,Centro de Gondomar,41.1407877,-8.5341203,6,good,False,True,31,False,https://www.idealista.pt/imovel/34622488/,4,6.503372979879038,36.25,288985.0,0.5,0
34483422,1570000.0,296.0,5304.0,3,4,Pinhais da Foz,Aldoar - Foz do Douro - Nevogilde,,41.1516793,-8.6675482,3,good,False,True,34,False,https://www.idealista.pt/imovel/34483422/,0,4.748660392344329,74.0,1569984.0,1.0,0
34640394,475000.0,223.0,2130.0,3,3,Paniceiro-Viso-Meiral,Canidelo,,41.1131448,-8.6500084,bj,good,False,False,29,False,https://www.idealista.pt/imovel/34640394/,2,5.211557384689505,55.75,474990.0,0.75,0
34417394,217000.0,52.0,4173.0,1,1,Estação,Campanhã,,41.149689,-8.5889455,2,good,False,False,20,False,https://www.idealista.pt/imovel/34417394/,6,1.838256265119018,26.0,216996.0,0.5,1
34564333,465000.0,85.0,5471.0,1,1,Baixa,Cedofeita - Santo Ildefonso - Sé - Miragaia - São Nicolau - Vitória,Santa Catarina,41.1501215,-8.6051469,1,good,False,True,25,True,https://www.idealista.pt/imovel/34564333/,6,0.48517788036206616,42.5,465035.0,0.5,1
34188182,445000.0,149.0,2987.0,3,2,Campo Alegre,Lordelo do Ouro e Massarelos,,41.1551025,-8.6443898,2,good,False,True,46,False,https://www.idealista.pt/imovel/34188182/,1,2.8699332156631288,37.25,445063.0,0.5,1
34598012,495000.0,250.0,1980.0,4,3,Coimbrões,Santa Marinha e São Pedro da Afurada,,41.1197603,-8.6311403,,good,False,,36,False,https://www.idealista.pt/imovel/34598012/,7,3.7259363196855757,50.0,495000.0,0.6,0
34457443,209000.0,50.0,4180.0,1,1,Areosa - Fernão de Magalhães,Paranhos,,41.1781755,-8.5762114,,good,False,,26,True,https://www.idealista.pt/imovel/34457443/,3,4.304453569892026,25.0,209000.0,0.5,0
34536924,650000.0,150.0,4333.0,4,2,Baixa,Cedofeita - Santo Ildefonso - Sé - Miragaia - São Nicolau - Vitória,Santa Catarina,41.1491002,-8.6050347,,good,False,False,33,True,https://www.idealista.pt/imovel/34536924/,6,0.4942328426768271,30.0,649950.0,0.4,1
34678650,357500.0,117.0,3056.0,2,2,Vila d'Este - Monte da Virgem,Vilar de Andorinho,,41.0984404,-8.5882177,3,good,False,True,20,False,https://www.idealista.pt/imovel/34678650/,7,5.997568410841032,39.0,357552.0,0.6666666666666666,0
34215484,330000.0,90.0,3667.0,2,2,Padrão da Légua - Av. Xanana Gusmão,Custóias - Leça do Balio - Guifões,,41.1925061,-8.632814,3,newdevelopment,True,True,22,True,https://www.idealista.pt/empreendimento/34215484/,5,5.111390034147254,30.0,330030.0,0.6666666666666666,0
34128476,310000.0,57.0,5439.0,1,1,Igreja do Bonfim - Lomba,Bonfim,,41.1495616,-8.5934489,2,,True,True,21,False,https://www.idealista.pt/empreendimento/34128476/,6,1.4611718416461683,28.5,310023.0,0.5,1
34128473,310000.0,58.0,5345.0,1,1,Igreja do Bonfim - Lomba,Bonfim,,41.1495616,-8.5934489,2,,True,True,21,False,https://www.idealista.pt/empreendimento/34128473/,6,1.4611718416461683,29.0,310010.0,0.5,1
34681464,1300000.0,233.0,5579.0,2,1,Foz,Aldoar - Foz do Douro - Nevogilde,,41.1665931,-8.6737125,4,good,False,True,31,True,https://www.idealista.pt/imovel/34681464/,0,5.587733802265977,77.66666666666667,1299907.0,0.3333333333333333,0
33236461,555000.0,132.0,4205.0,2,3,Sampaio-Alumiara-Verdinho,Canidelo,,41.1355977,-8.6513493,1,newdevelopment,True,True,40,False,https://www.idealista.pt/empreendimento/33236461/,2,3.7278623113716094,44.0,555060.0,1.0,0
34648343,430000.0,82.0,5244.0,2,2,Baixa,Cedofeita - Santo Ildefonso - Sé - Miragaia - São Nicolau - Vitória,Bairro das Artes,41.148139,-8.6212308,2,good,False,True,18,False,https://www.idealista.pt/imovel/34648343/,1,0.8801216370498968,27.333333333333332,430008.0,0.6666666666666666,1
34699118,1250000.0,280.0,4464.0,4,3,Foz,Aldoar - Foz do Douro - Nevogilde,,41.161838,-8.6768924,,good,False,,32,True,https://www.idealista.pt/imovel/34699118/,0,5.690085545534425,56.0,1249920.0,0.6,0
34501121,414000.0,108.0,3833.0,2,2,Prelada - Monte dos Burgos,Ramalde,Requesende,41.173685,-8.6371781,4,newdevelopment,True,True,7,False,https://www.idealista.pt/empreendimento/34501121/,5,3.4657850235642247,36.0,413964.0,0.6666666666666666,0
32141968,890000.0,224.0,3973.0,3,3,Afurada - Arrábida - Cavaco,Santa Marinha e São Pedro da Afurada,,41.1417635,-8.6409,10,newdevelopment,True,True,21,False,https://www.idealista.pt/empreendimento/32141968/,2,2.6588651443597633,56.0,889952.0,0.75,1
33960559,1195000.0,378.0,3161.0,4,5,Montes Caulinos,São Mamede de Infesta e Senhora da Hora,,41.1845763,-8.6420196,,good,False,,24,True,https://www.idealista.pt/imovel/33960559/,5,4.680960537010363,75.6,1194858.0,1.0,0
34562920,545000.0,122.0,4467.0,3,1,Aviz - Cristo Rei,Aldoar - Foz do Douro - Nevogilde,,41.1587311,-8.6739218,6,good,False,False,34,False,https://www.idealista.pt/imovel/34562920/,0,5.373193811758417,30.5,544974.0,0.25,0
34393826,308000.0,126.0,2444.0,3,2,Seara - Freixieiro,Oliveira do Douro,,41.1107714,-8.578826,3,good,False,True,40,True,https://www.idealista.pt/imovel/34393826/,4,5.085027942823493,31.5,307944.0,0.5,0
34524356,230000.0,104.0,2212.0,4,1,São Roque da Lameira,Campanhã,,41.1595147,-8.5781756,,renew,False,,26,True,https://www.idealista.pt/imovel/34524356/,6,2.9532711421637226,20.8,230048.0,0.2,1
34706190,530000.0,200.0,2650.0,3,3,Boavista,Cedofeita - Santo Ildefonso - Sé - Miragaia - São Nicolau - Vitória,Carolina Michaelis,41.15708,-8.622014,1,good,False,False,44,False,https://www.idealista.pt/imovel/34706190/,1,1.2480550241399235,50.0,530000.0,0.75,1
34356165,470000.0,127.0,3701.0,2,3,Afurada - Arrábida - Cavaco,Santa Marinha e São Pedro da Afurada,,41.1425966,-8.6482334,,good,False,True,24,False,https://www.idealista.pt/imovel/34356165/,2,3.221597106889765,42.333333333333336,470027.0,1.0,0
34384073,269900.0,103.0,2620.0,3,2,Câmara de Gaia - Aviadores - Quinta das Pedras,Mafamude e Vilar do Paraíso,,41.1300801,-8.6017229,,good,False,,40,True,https://www.idealista.pt/imovel/34384073/,7,2.302548596744222,25.75,269860.0,0.5,1
34347004,467000.0,128.0,3648.0,4,3,,Águas Santas,,41.2021931,-8.5679824,1,newdevelopment,True,True,11,False,https://www.idealista.pt/empreendimento/34347004/,3,6.863136965028227,25.6,466944.0,0.6,0
34691988,280000.0,87.0,3218.0,2,2,Serralves,Lordelo do Ouro e Massarelos,,41.1587348,-8.6502732,2,good,False,False,23,False,https://www.idealista.pt/imovel/34691988/,0,3.4493971279750526,29.0,279966.0,0.6666666666666666,0
34352686,305000.0,163.0,1871.0,3,2,Seara - Freixieiro,Oliveira do Douro,,41.1140544,-8.5751605,3,good,False,True,36,False,https://www.idealista.pt/imovel/34352686/,4,4.957994691985719,40.75,304973.0,0.5,0
34480675,299900.0,99.0,3029.0,2,1,Soares dos Reis - Rasa de Cima,Mafamude e Vilar do Paraíso,,41.1209443,-8.6071701,4,good,False,True,43,True,https://www.idealista.pt/imovel/34480675/,7,3.20164311515632,33.0,299871.0,0.3333333333333333,0
34709639,540000.0,141.0,3830.0,3,2,Soares dos Reis - Rasa de Cima,Mafamude e Vilar do Paraíso,,41.1201141,-8.6110249,4,good,False,True,27,False,https://www.idealista.pt/imovel/34709639/,7,3.278699173180361,35.25,540030.0,0.5,0
34506281,1500000.0,440.0,3409.0,9,5,Campo 24 de Agosto,Bonfim,,41.151737,-8.6001079,,good,False,,31,False,https://www.idealista.pt/imovel/34506281/,6,0.9343204924980706,44.0,1499960.0,0.5,1
34483268,890000.0,370.0,2405.0,4,5,Praia,Madalena,,41.1068182,-8.6585388,,good,False,,28,False,https://www.idealista.pt/imovel/34483268/,2,6.2089229221994335,74.0,889850.0,1.0,0
34586171,580000.0,234.0,2479.0,4,4,Paniceiro-Viso-Meiral,Canidelo,,41.1238355,-8.634056,4,good,False,True,63,True,https://www.idealista.pt/imovel/34586171/,2,3.4594929143699202,46.8,580086.0,0.8,0
34618124,240000.0,88.0,2727.0,1,1,Coimbrões,Santa Marinha e São Pedro da Afurada,,41.127215,-8.6272248,4,good,False,True,12,True,https://www.idealista.pt/imovel/34618124/,7,2.839816539656894,44.0,239976.0,0.5,1
34561005,780000.0,405.0,1926.0,5,6,Monte da Virgem - São Tiago,Oliveira do Douro,,41.1097262,-8.583459,,good,False,,49,True,https://www.idealista.pt/imovel/34561005/,7,4.99404545057566,67.5,780030.0,1.0,0
33475829,670000.0,252.0,2659.0,4,6,Centro de Senhora da Hora,São Mamede de Infesta e Senhora da Hora,,41.1911273,-8.6545782,,good,False,,76,True,https://www.idealista.pt/imovel/33475829/,5,5.889706199334288,50.4,670068.0,1.2,0
34173777,420000.0,177.0,2373.0,3,3,São Cosme,São Cosme - Valbom - Jovim,Centro de Gondomar,41.1451352,-8.5282393,1,newdevelopment,True,True,17,False,https://www.idealista.pt/empreendimento/34173777/,4,6.939125361992539,44.25,420021.0,0.75,0
34611581,397500.0,136.0,2923.0,2,2,Candal - Regadas,Santa Marinha e São Pedro da Afurada,,41.13306,-8.6248,5,good,False,True,21,False,https://www.idealista.pt/imovel/34611581/,7,2.1765517314192766,45.333333333333336,397528.0,0.6666666666666666,1
33131445,1175000.0,348.0,3376.0,3,4,Salgueiros,Canidelo,,41.1151993,-8.6602141,2,newdevelopment,True,True,41,False,https://www.idealista.pt/empreendimento/33131445/,2,5.629371710086739,87.0,1174848.0,1.0,0
34383370,850000.0,350.0,2429.0,3,4,Praia,Madalena,,41.1024929,-8.6535884,,good,False,,22,True,https://www.idealista.pt/imovel/34383370/,2,6.342074378916734,87.5,850150.0,1.0,0
34645314,525000.0,185.0,2838.0,3,3,Prelada - Monte dos Burgos,Ramalde,Requesende,41.1726915,-8.6355072,5,good,False,True,26,True,https://www.idealista.pt/imovel/34645314/,5,3.2918638652009404,46.25,525030.0,0.75,0
34104271,370185.0,78.0,4746.0,2,1,Antas - Estádio do Dragão,Campanhã,,41.1600663,-8.583321,5,newdevelopment,True,True,11,True,https://www.idealista.pt/empreendimento/34104271/,6,2.5856956943918785,26.0,370188.0,0.3333333333333333,1
34606997,285000.0,72.0,3958.0,1,2,Camões - Gonçalo Cristóvão - Faria Guimarães,Cedofeita - Santo Ildefonso - Sé - Miragaia - São Nicolau - Vitória,,41.1520292,-8.608514,,good,False,,16,False,https://www.idealista.pt/imovel/34606997/,6,0.3359636866521687,36.0,284976.0,1.0,1
34406976,1600000.0,298.0,5369.0,4,5,Baixa,Cedofeita - Santo Ildefonso - Sé - Miragaia - São Nicolau - Vitória,Aliados - Clérigos - Carlos Alberto,41.1485891,-8.6093208,4,good,False,True,30,False,https://www.idealista.pt/imovel/34406976/,6,0.1735484030834794,59.6,1599962.0,1.0,1
34591703,253440.0,76.0,3335.0,2,2,Vilar do Paraíso - Junqueira - São Caetano,Mafamude e Vilar do Paraíso,,41.087423,-8.6222958,3,,True,True,48,True,https://www.idealista.pt/empreendimento/34591703/,7,6.979359449052512,25.333333333333332,253460.0,0.6666666666666666,0
34676688,425000.0,78.0,5449.0,2,1,Baixa,Cedofeita - Santo Ildefonso - Sé - Miragaia - São Nicolau - Vitória,Trindade,41.1536547,-8.6103765,3,good,False,False,28,False,https://www.idealista.pt/imovel/34676688/,6,0.4529875799413842,26.0,425022.0,0.3333333333333333,1
34579634,850000.0,199.0,4271.0,3,4,Salgueiros,Canidelo,,41.118194,-8.6609516,,newdevelopment,True,,18,False,https://www.idealista.pt/empreendimento/34579634/,2,5.455858488436715,49.75,849929.0,1.0,0
34169621,251100.0,76.0,3304.0,2,2,Vilar do Paraíso - Junqueira - São Caetano,Mafamude e Vilar do Paraíso,,41.087423,-8.6222958,4,newdevelopment,True,True,51,True,https://www.idealista.pt/empreendimento/34169621/,7,6.979359449052512,25.333333333333332,251104.0,0.6666666666666666,0
33543501,542430.0,121.0,4483.0,3,2,Antas - Estádio do Dragão,Campanhã,,41.1600663,-8.583321,3,newdevelopment,True,True,14,False,https://www.idealista.pt/empreendimento/33543501/,6,2.5856956943918785,30.25,542443.0,0.5,1
33543493,576030.0,121.0,4761.0,3,2,Antas - Estádio do Dragão,Campanhã,,41.1600663,-8.583321,5,newdevelopment,True,True,14,False,https://www.idealista.pt/empreendimento/33543493/,6,2.5856956943918785,30.25,576081.0,0.5,1
34639301,280000.0,98.0,2857.0,2,2,Candal - Regadas,Santa Marinha e São Pedro da Afurada,,41.1372058,-8.6352797,1,good,False,True,20,True,https://www.idealista.pt/imovel/34639301/,2,2.463130924873101,32.666666666666664,279986.0,0.6666666666666666,1
33753282,360000.0,87.0,4138.0,1,1,General Torres,Santa Marinha e São Pedro da Afurada,,41.1349654,-8.6057739,,good,False,True,37,False,https://www.idealista.pt/imovel/33753282/,7,1.6829558618950453,43.5,360006.0,0.5,1
34671214,257500.0,99.0,2601.0,3,2,São Caetano - Soutelo - Areias,Rio Tinto,,41.1674862,-8.5518933,bj,good,False,True,27,False,https://www.idealista.pt/imovel/34671214/,3,5.325241925748238,24.75,257499.0,0.5,0
34594009,240000.0,40.0,6000.0,0,1,Campo 24 de Agosto,Bonfim,,41.1508146,-8.5941554,2,good,False,False,44,False,https://www.idealista.pt/imovel/34594009/,6,1.408487724984057,40.0,240000.0,1.0,1
34677003,310000.0,94.0,3298.0,2,2,Camões - Gonçalo Cristóvão - Faria Guimarães,Cedofeita - Santo Ildefonso - Sé - Miragaia - São Nicolau - Vitória,,41.1597622,-8.6102618,,good,False,False,41,False,https://www.idealista.pt/imovel/34677003/,6,1.1312476493609585,31.333333333333332,310012.0,0.6666666666666666,1
34628948,2081688.0,389.0,5351.0,4,5,Foz,Aldoar - Foz do Douro - Nevogilde,,41.1671935,-8.6830738,bj,newdevelopment,True,True,52,True,https://www.idealista.pt/empreendimento/34628948/,0,6.351045043293222,77.8,2081539.0,1.0,0
33816931,440000.0,227.0,1938.0,3,3,Coimbrões,Santa Marinha e São Pedro da Afurada,,41.1185492,-8.6318673,4,good,False,True,21,False,https://www.idealista.pt/imovel/33816931/,7,3.873574021780401,56.75,439926.0,0.75,0
34509897,415000.0,227.0,1828.0,4,4,Ouro - Condominhas,Lordelo do Ouro e Massarelos,,41.1521526,-8.6517469,,good,False,,25,True,https://www.idealista.pt/imovel/34509897/,0,3.4317661937809767,45.4,414956.0,0.8,0
34634824,340000.0,108.0,3148.0,4,2,Camões - Gonçalo Cristóvão - Faria Guimarães,Cedofeita - Santo Ildefonso - Sé - Miragaia - São Nicolau - Vitória,,41.1547513,-8.6086308,,renew,False,,34,False,https://www.idealista.pt/imovel/34634824/,6,0.6034852789549139,21.6,339984.0,0.4,1
34493794,1350000.0,233.0,5794.0,3,3,Foz,Aldoar - Foz do Douro - Nevogilde,,41.1672028,-8.6816876,,good,False,,46,True,https://www.idealista.pt/imovel/34493794/,0,6.241064251661947,58.25,1350002.0,0.75,0
34146728,498000.0,142.0,3507.0,2,3,Cais das Pedras,Lordelo do Ouro e Massarelos,,41.1496514,-8.6342381,,good,False,,25,False,https://www.idealista.pt/imovel/34146728/,1,1.9540860702713219,47.333333333333336,497994.0,1.0,1
34676714,450000.0,100.0,4500.0,2,3,Baixa,Cedofeita - Santo Ildefonso - Sé - Miragaia - São Nicolau - Vitória,Cedofeita,41.1566742,-8.6181377,bj,good,False,False,24,False,https://www.idealista.pt/imovel/34676714/,1,0.9929588665774539,33.333333333333336,450000.0,1.0,1
34610583,600000.0,176.0,3409.0,2,1,Igreja do Bonfim - Lomba,Bonfim,,41.1500699,-8.5894406,5,newdevelopment,True,True,42,True,https://www.idealista.pt/empreendimento/34610583/,6,1.7975297177939416,58.666666666666664,599984.0,0.3333333333333333,1
34293443,1300000.0,443.0,2935.0,4,5,Bessa - Foco,Ramalde,,41.163447,-8.6462135,,newdevelopment,True,,19,False,https://www.idealista.pt/empreendimento/34293443/,0,3.3333702149317848,88.6,1300205.0,1.0,0
34293414,1400000.0,459.0,3050.0,4,5,Bessa - Foco,Ramalde,,41.163447,-8.6462135,,newdevelopment,True,,19,False,https://www.idealista.pt/empreendimento/34293414/,0,3.3333702149317848,91.8,1399950.0,1.0,0
34612232,339000.0,177.0,1915.0,3,3,Carvalha - Portelinha,Fânzeres e São Pedro da Cova,,41.1659673,-8.5454814,,good,False,,26,False,https://www.idealista.pt/imovel/34612232/,3,5.77123306586154,44.25,338955.0,0.75,0
34666128,875000.0,150.0,5833.0,2,3,Foz Velha,Aldoar - Foz do Douro - Nevogilde,,41.147907,-8.6634613,,newdevelopment,True,,19,False,https://www.idealista.pt/empreendimento/34666128/,0,4.404992395803357,50.0,874950.0,1.0,0
34596053,550000.0,159.0,3459.0,4,2,Serralves,Lordelo do Ouro e Massarelos,,41.160856,-8.6554497,1,good,False,False,28,True,https://www.idealista.pt/imovel/34596053/,0,3.934188216224371,31.8,549981.0,0.4,0
34518158,985000.0,371.0,2655.0,4,4,Cooperativa dos Arquitectos - Fonte da Moura - Pedra Verde,Aldoar - Foz do Douro - Nevogilde,,41.1725154,-8.6649789,bj,good,False,True,45,True,https://www.idealista.pt/imovel/34518158/,0,5.1950085765307135,74.2,985005.0,0.8,0
34588904,240000.0,68.0,3529.0,1,1,Maninho - Baviera,Madalena,,41.1089329,-8.6311664,1,good,False,True,33,True,https://www.idealista.pt/imovel/34588904/,7,4.830059345245888,34.0,239972.0,0.5,0
34477641,217500.0,60.0,3625.0,1,1,,Pedrouços,,41.1852027,-8.5819477,,renew,False,True,16,False,https://www.idealista.pt/imovel/34477641/,3,4.641737264483663,30.0,217500.0,0.5,0
33649612,480000.0,108.0,4444.0,2,2,Foz,Aldoar - Foz do Douro - Nevogilde,,41.1585515,-8.68385,,good,False,False,23,False,https://www.idealista.pt/imovel/33649612/,0,6.188197539289391,36.0,479952.0,0.6666666666666666,0
34517531,499000.0,161.0,3099.0,4,2,Parque da Cidade - Vilarinha - António Aroso,Aldoar - Foz do Douro - Nevogilde,,41.1639982,-8.6603748,1,good,False,False,34,False,https://www.idealista.pt/imovel/34517531/,0,4.440676141633767,32.2,498939.0,0.4,0
34618419,485000.0,114.0,4254.0,2,3,Cais das Pedras,Lordelo do Ouro e Massarelos,,41.1490407,-8.6323695,-2,good,False,True,11,False,https://www.idealista.pt/imovel/34618419/,1,1.7987053928425867,38.0,484956.0,1.0,1
34583204,275000.0,83.0,3313.0,2,1,Corujeira - Bonjóia,Campanhã,,41.1566838,-8.5782814,bj,good,False,False,34,False,https://www.idealista.pt/imovel/34583204/,6,2.8423036600687266,27.666666666666668,274979.0,0.3333333333333333,1
34451169,260000.0,121.0,2149.0,3,2,Santegãos - Estrada Nova - Campainha,Rio Tinto,,41.1877586,-8.5651993,2,good,False,True,18,True,https://www.idealista.pt/imovel/34451169/,3,5.712865364569442,30.25,260029.0,0.5,0
34160163,1290000.0,220.0,5864.0,4,4,Cais das Pedras,Lordelo do Ouro e Massarelos,,41.1497987,-8.6318794,1,good,False,True,22,False,https://www.idealista.pt/imovel/34160163/,1,1.7567228987384327,44.0,1290080.0,0.8,1
34649109,375000.0,126.0,2976.0,2,2,Arrábida,Lordelo do Ouro e Massarelos,,41.149972,-8.6427542,bj,good,False,False,24,True,https://www.idealista.pt/imovel/34649109/,1,2.6674371711741984,42.0,374976.0,0.6666666666666666,1
34612050,1570000.0,240.0,6542.0,3,4,Pinhais da Foz,Aldoar - Foz do Douro - Nevogilde,,41.1492694,-8.6622586,3,good,False,False,57,True,https://www.idealista.pt/imovel/34612050/,0,4.300378085214012,60.0,1570080.0,1.0,0
34564871,880000.0,272.0,3235.0,4,2,Campo Alegre,Lordelo do Ouro e Massarelos,,41.1539676,-8.63697,,good,False,,25,False,https://www.idealista.pt/imovel/34564871/,1,2.236121186633587,54.4,879920.0,0.4,1
34646423,420000.0,115.0,3652.0,2,2,Maninho - Baviera,Madalena,,41.1103147,-8.6308092,3,good,False,True,25,False,https://www.idealista.pt/imovel/34646423/,7,4.6757628735078445,38.333333333333336,419980.0,0.6666666666666666,0
32670274,850000.0,157.0,5414.0,4,4,Câmara de Gaia - Aviadores - Quinta das Pedras,Mafamude e Vilar do Paraíso,,41.1289274,-8.6089514,11,,True,True,47,True,https://www.idealista.pt/empreendimento/32670274/,7,2.3044729176572103,31.4,849998.0,0.8,1
33799193,490000.0,113.0,4336.0,2,2,Salgueiros,Canidelo,,41.1141335,-8.6588637,bj,newdevelopment,True,True,14,False,https://www.idealista.pt/empreendimento/33799193/,2,5.629331331792271,37.666666666666664,489968.0,0.6666666666666666,0
34393913,348000.0,142.0,2451.0,3,3,Camões - Gonçalo Cristóvão - Faria Guimarães,Cedofeita - Santo Ildefonso - Sé - Miragaia - São Nicolau - Vitória,,41.159485,-8.6087774,,good,False,,56,False,https://www.idealista.pt/imovel/34393913/,6,1.113435056252615,35.5,348042.0,0.75,1
34190683,490000.0,118.0,4153.0,2,2,Salgueiros,Canidelo,,41.1141335,-8.6588637,,newdevelopment,True,True,14,False,https://www.idealista.pt/empreendimento/34190683/,2,5.629331331792271,39.333333333333336,490054.0,0.6666666666666666,0
34586324,700000.0,182.0,3846.0,3,3,Parque da Cidade - Vilarinha - António Aroso,Aldoar - Foz do Douro - Nevogilde,,41.1707034,-8.671469,7,good,False,True,29,False,https://www.idealista.pt/imovel/34586324/,0,5.587234885402044,45.5,699972.0,0.75,0
34572198,940000.0,324.0,2901.0,4,4,Serralves,Lordelo do Ouro e Massarelos,,41.1563672,-8.6530035,5,good,False,True,48,True,https://www.idealista.pt/imovel/34572198/,0,3.6045252097583047,64.8,939924.0,0.8,0
34459194,380000.0,100.0,3800.0,2,1,Foz Velha,Aldoar - Foz do Douro - Nevogilde,,41.1492799,-8.6668834,,good,False,,31,True,https://www.idealista.pt/imovel/34459194/,0,4.687587093245843,33.333333333333336,380000.0,0.3333333333333333,0
34355717,450000.0,88.0,5114.0,2,2,Centro de Matosinhos,Matosinhos e Leça da Palmeira,,41.1783001,-8.6778843,4,newdevelopment,True,True,49,True,https://www.idealista.pt/empreendimento/34355717/,0,6.451847489374533,29.333333333333332,450032.0,0.6666666666666666,0
33815631,489000.0,129.0,3791.0,3,2,Afurada - Arrábida - Cavaco,Santa Marinha e São Pedro da Afurada,,41.140991,-8.6411941,4,good,False,True,29,True,https://www.idealista.pt/imovel/33815631/,2,2.711281499258525,32.25,489039.0,0.5,1
34580553,260000.0,124.0,2097.0,2,2,São Cosme,São Cosme - Valbom - Jovim,Cimo da Serra - Bouça das Almas - Taralhão,41.1520971,-8.5304502,bj,good,False,True,34,False,https://www.idealista.pt/imovel/34580553/,4,6.741582628685885,41.333333333333336,260028.0,0.6666666666666666,0
34574253,445000.0,163.0,2730.0,2,3,Prelada - Monte dos Burgos,Ramalde,Parque da Prelada,41.1748178,-8.6331389,bj,good,False,True,21,False,https://www.idealista.pt/imovel/34574253/,5,3.3658283754229723,54.333333333333336,444990.0,1.0,0
34585779,550000.0,148.0,3716.0,2,2,Lavadores,Canidelo,,41.1349974,-8.6676626,1,good,False,True,21,False,https://www.idealista.pt/imovel/34585779/,2,5.022900979779103,49.333333333333336,549968.0,0.6666666666666666,0
34652485,600000.0,104.0,5769.0,2,2,Centro Histórico,Santa Marinha e São Pedro da Afurada,,41.1417657,-8.6319999,,renew,False,True,16,False,https://www.idealista.pt/imovel/34652485/,1,1.969871082290102,34.666666666666664,599976.0,0.6666666666666666,1
34714468,299000.0,134.0,2231.0,3,2,Santegãos - Estrada Nova - Campainha,Rio Tinto,,41.1906375,-8.5630518,,good,False,,52,True,https://www.idealista.pt/imovel/34714468/,3,6.071469007417029,33.5,298954.0,0.5,0
34340391,520000.0,150.0,3467.0,4,2,Baixa,Cedofeita - Santo Ildefonso - Sé - Miragaia - São Nicolau - Vitória,Batalha - Poveiros,41.147238,-8.6054564,2,good,False,False,24,False,https://www.idealista.pt/imovel/34340391/,6,0.5260523323017329,30.0,520050.0,0.4,1
34597212,1050000.0,251.0,4183.0,3,4,Baixa,Cedofeita - Santo Ildefonso - Sé - Miragaia - São Nicolau - Vitória,Santa Catarina,41.151564,-8.6016656,,good,False,,30,True,https://www.idealista.pt/imovel/34597212/,6,0.8034269200858241,62.75,1049933.0,1.0,1
34610135,245100.0,55.0,4456.0,1,1,Arca d'Água - Campo Lindo - Vale Formoso,Paranhos,,41.1723949,-8.6181901,,good,False,,21,False,https://www.idealista.pt/imovel/34610135/,1,2.6071132512345025,27.5,245080.0,0.5,1
34239095,388000.0,96.0,4042.0,2,2,Afurada - Arrábida - Cavaco,Santa Marinha e São Pedro da Afurada,,41.1391863,-8.6400185,5,newdevelopment,True,True,27,True,https://www.idealista.pt/empreendimento/34239095/,2,2.6992518823126423,32.0,388032.0,0.6666666666666666,1
33420010,860000.0,408.0,2108.0,3,5,Salgueiros,Canidelo,,41.1169045,-8.6592319,,good,False,,27,True,https://www.idealista.pt/imovel/33420010/,2,5.440776398633616,102.0,860064.0,1.25,0
33850687,1990000.0,457.0,4354.0,4,4,Boavista,Cedofeita - Santo Ildefonso - Sé - Miragaia - São Nicolau - Vitória,Casa da Música,41.1591544,-8.6304974,,good,False,,33,True,https://www.idealista.pt/imovel/33850687/,1,1.9546782891311714,91.4,1989778.0,0.8,1
34624548,299900.0,124.0,2419.0,4,2,Santo Ovídio - Cedro - Monte da Virgem,Mafamude e Vilar do Paraíso,,41.1185212,-8.6018626,,good,False,,34,False,https://www.idealista.pt/imovel/34624548/,7,3.53771732100969,24.8,299956.0,0.4,0
34701455,970000.0,153.0,6340.0,3,2,Lavadores,Canidelo,,41.1323008,-8.666572,5,good,False,True,23,False,https://www.idealista.pt/imovel/34701455/,2,5.043238026380992,38.25,970020.0,0.5,0
34585390,850000.0,180.0,4722.0,3,3,Pinhais da Foz,Aldoar - Foz do Douro - Nevogilde,,41.1542329,-8.6654094,,good,False,True,29,False,https://www.idealista.pt/imovel/34585390/,0,4.592845087035756,45.0,849960.0,0.75,0
34617298,695000.0,242.0,2872.0,5,3,Camões - Gonçalo Cristóvão - Faria Guimarães,Cedofeita - Santo Ildefonso - Sé - Miragaia - São Nicolau - Vitória,,41.1537097,-8.6073981,12,good,False,True,26,False,https://www.idealista.pt/imovel/34617298/,6,0.5429511921779241,40.333333333333336,695024.0,0.5,1
34704374,1450000.0,203.0,7143.0,3,3,Serralves,Lordelo do Ouro e Massarelos,,41.160914,-8.6517534,,good,False,True,18,False,https://www.idealista.pt/imovel/34704374/,0,3.644355748679604,50.75,1450029.0,0.75,0
34654156,1300000.0,371.0,3504.0,4,4,Parque da Cidade - Vilarinha - António Aroso,Aldoar - Foz do Douro - Nevogilde,,41.1689874,-8.6701627,,good,False,True,24,False,https://www.idealista.pt/imovel/34654156/,0,5.40940708753668,74.2,1299984.0,0.8,0
34690146,270000.0,110.0,2455.0,2,2,Liceu - Paço do Rei,Mafamude e Vilar do Paraíso,,41.1245499,-8.6009643,,good,False,True,32,False,https://www.idealista.pt/imovel/34690146/,7,2.9070659974474675,36.666666666666664,270050.0,0.6666666666666666,1
34635130,585000.0,92.0,6359.0,2,2,Matosinhos Sul - Marginal,Matosinhos e Leça da Palmeira,,41.1808135,-8.682733,,good,False,True,17,False,https://www.idealista.pt/imovel/34635130/,0,6.942872611381481,30.666666666666668,585028.0,0.6666666666666666,0
34568954,350000.0,104.0,3365.0,3,2,General Torres,Santa Marinha e São Pedro da Afurada,,41.1356653,-8.6077144,,good,False,True,36,False,https://www.idealista.pt/imovel/34568954/,7,1.5722625651676791,26.0,349960.0,0.5,1
34713307,299000.0,110.0,2718.0,2,3,Valbom,São Cosme - Valbom - Jovim,,41.1404036,-8.5623293,,good,False,,23,False,https://www.idealista.pt/imovel/34713307/,4,4.193653507631061,36.666666666666664,298980.0,1.0,0
34640293,320000.0,100.0,3200.0,2,1,Baixa,Cedofeita - Santo Ildefonso - Sé - Miragaia - São Nicolau - Vitória,Batalha - Poveiros,41.1461622,-8.6048094,,renew,False,,15,False,https://www.idealista.pt/imovel/34640293/,6,0.6373387130260294,33.333333333333336,320000.0,0.3333333333333333,1
34394652,1350000.0,205.0,6585.0,3,3,Foz,Aldoar - Foz do Douro - Nevogilde,,41.1653667,-8.6817868,,good,False,,19,False,https://www.idealista.pt/imovel/34394652/,0,6.188118640377812,51.25,1349925.0,0.75,0
34664637,265000.0,87.0,3046.0,1,1,Pedra Verde,São Mamede de Infesta e Senhora da Hora,,41.1922096,-8.6180148,1,newdevelopment,True,True,22,True,https://www.idealista.pt/empreendimento/34664637/,5,4.775250698623879,43.5,265002.0,0.5,0
34658475,300000.0,156.0,1923.0,2,2,Centro de Valadares - Penedo - Valadarinho,Gulpilhares e Valadares,,41.0977785,-8.62515,3,good,False,True,33,False,https://www.idealista.pt/imovel/34658475/,7,5.884612932076543,52.0,299988.0,0.6666666666666666,0
33996009,435000.0,131.0,3321.0,2,2,Santegãos - Estrada Nova - Campainha,Rio Tinto,,41.1900696,-8.5541075,2,newdevelopment,True,True,11,True,https://www.idealista.pt/empreendimento/33996009/,3,6.5458351980161,43.666666666666664,435051.0,0.6666666666666666,0
34694664,247000.0,71.0,3479.0,1,1,Soares dos Reis - Rasa de Cima,Mafamude e Vilar do Paraíso,,41.1242891,-8.6081649,,good,False,True,15,False,https://www.idealista.pt/imovel/34694664/,7,2.8237488990474398,35.5,247009.0,0.5,1
34706605,230000.0,108.0,2130.0,3,2,Vila d'Este - Monte da Virgem,Vilar de Andorinho,,41.0992052,-8.5912751,4,good,False,True,17,False,https://www.idealista.pt/imovel/34706605/,7,5.839773105200683,27.0,230040.0,0.5,0
34146885,410000.0,169.0,2426.0,3,3,Parque da Lavandeira - Sardão,Oliveira do Douro,,41.1255317,-8.5929041,1,good,False,True,22,True,https://www.idealista.pt/imovel/34146885/,7,3.0714260633308457,42.25,409994.0,0.75,0
34555812,698500.0,222.0,3146.0,3,3,Santo Ovídio - Cedro - Monte da Virgem,Mafamude e Vilar do Paraíso,,41.1169767,-8.6027156,3,good,False,True,44,False,https://www.idealista.pt/imovel/34555812/,7,3.6917364625836186,55.5,698412.0,0.75,0
34701709,329900.0,121.0,2726.0,2,2,Soares dos Reis - Rasa de Cima,Mafamude e Vilar do Paraíso,,41.124777,-8.6053533,5,good,False,True,24,False,https://www.idealista.pt/imovel/34701709/,7,2.79900444308604,40.333333333333336,329846.0,0.6666666666666666,1
33669592,247500.0,36.0,6875.0,1,1,Campo 24 de Agosto,Bonfim,,41.1499914,-8.5961159,2,good,False,True,16,False,https://www.idealista.pt/imovel/33669592/,6,1.2386207804119986,18.0,247500.0,0.5,1
34552059,1090000.0,381.0,2861.0,3,3,Salgueiros,Canidelo,,41.1176308,-8.6606908,3,good,False,True,66,False,https://www.idealista.pt/imovel/34552059/,2,5.4795277696688105,95.25,1090041.0,0.75,0
34571940,832000.0,215.0,3870.0,4,3,Pinhais da Foz,Aldoar - Foz do Douro - Nevogilde,,41.1508296,-8.6663692,1,good,False,True,35,False,https://www.idealista.pt/imovel/34571940/,0,4.646355554057533,43.0,832050.0,0.6,0
34702932,1150000.0,348.0,3305.0,4,5,Praia de Valadares,Gulpilhares e Valadares,,41.0925736,-8.6449235,,good,False,,14,False,https://www.idealista.pt/imovel/34702932/,2,6.9520748370470535,69.6,1150140.0,1.0,0
34019916,307915.0,91.0,3384.0,0,1,Liceu - Paço do Rei,Mafamude e Vilar do Paraíso,,41.1262838,-8.6039065,,good,False,True,14,True,https://www.idealista.pt/imovel/34019916/,7,2.6579692297276276,91.0,307944.0,1.0,1
34590909,1250000.0,256.0,4883.0,4,4,Foz,Aldoar - Foz do Douro - Nevogilde,,41.1649726,-8.6778618,,good,False,,40,False,https://www.idealista.pt/imovel/34590909/,0,5.860808191117151,51.2,1250048.0,0.8,0
34565509,590000.0,182.0,3242.0,5,2,Amial,Paranhos,,41.1800196,-8.6179692,1,good,False,False,20,False,https://www.idealista.pt/imovel/34565509/,5,3.4338785462133967,30.333333333333332,590044.0,0.3333333333333333,0
34692488,210000.0,47.0,4468.0,0,1,Afurada - Arrábida - Cavaco,Santa Marinha e São Pedro da Afurada,,41.1394275,-8.6424515,3,good,False,True,12,True,https://www.idealista.pt/imovel/34692488/,2,2.87394084647951,47.0,209996.0,1.0,1
34453322,860000.0,381.0,2257.0,3,3,Salgueiros,Canidelo,,41.1165724,-8.6606712,,renew,False,,23,False,https://www.idealista.pt/imovel/34453322/,2,5.555392958241484,95.25,859917.0,0.75,0
34667171,1965000.0,467.0,4208.0,6,6,Cooperativa dos Arquitectos - Fonte da Moura - Pedra Verde,Aldoar - Foz do Douro - Nevogilde,,41.1692311,-8.6629911,,good,False,,69,False,https://www.idealista.pt/imovel/34667171/,0,4.87671087141151,66.71428571428571,1965136.0,0.8571428571428571,0
34222857,280000.0,70.0,4000.0,1,1,Matosinhos Sul - Marginal,Matosinhos e Leça da Palmeira,,41.1779513,-8.6825339,,good,False,True,20,True,https://www.idealista.pt/imovel/34222857/,0,6.774728651952406,35.0,280000.0,0.5,0
34550432,750000.0,150.0,5000.0,3,3,General Torres,Santa Marinha e São Pedro da Afurada,,41.1331298,-8.6106724,8,good,False,True,28,False,https://www.idealista.pt/imovel/34550432/,7,1.831501850978088,37.5,750000.0,0.75,1
34688353,235000.0,105.0,2238.0,2,1,Sampaio-Alumiara-Verdinho,Canidelo,,41.1369849,-8.6431363,,good,False,True,32,True,https://www.idealista.pt/imovel/34688353/,2,3.042088000812168,35.0,234990.0,0.3333333333333333,0
34496247,275000.0,70.0,3929.0,1,1,Afurada - Arrábida - Cavaco,Santa Marinha e São Pedro da Afurada,,41.1433035,-8.6409912,2,good,False,True,11,False,https://www.idealista.pt/imovel/34496247/,2,2.615097027162032,35.0,275030.0,0.5,1
34667200,345000.0,152.0,2270.0,3,2,Centro de Senhora da Hora,São Mamede de Infesta e Senhora da Hora,,41.1878347,-8.6527369,,good,False,False,36,False,https://www.idealista.pt/imovel/34667200/,5,5.508076742685255,38.0,345040.0,0.5,0
34019169,1190000.0,246.0,4837.0,3,4,Paniceiro-Viso-Meiral,Canidelo,,41.1238698,-8.641507,,good,False,True,44,False,https://www.idealista.pt/imovel/34019169/,2,3.8413150608389364,61.5,1189902.0,1.0,0
34637103,482600.0,136.0,3549.0,3,3,Paniceiro-Viso-Meiral,Canidelo,,41.1317736,-8.6493401,,good,False,True,28,False,https://www.idealista.pt/imovel/34637103/,2,3.7803510107184217,34.0,482664.0,0.75,0
33590034,1100000.0,367.0,2997.0,3,4,Parque da Cidade - Vilarinha - António Aroso,Aldoar - Foz do Douro - Nevogilde,,41.168738,-8.6672504,,good,False,,22,False,https://www.idealista.pt/imovel/33590034/,0,5.175249884268856,91.75,1099899.0,1.0,0
34098006,549000.0,136.0,4037.0,2,2,Pinhais da Foz,Aldoar - Foz do Douro - Nevogilde,,41.1570243,-8.669621,,good,False,True,35,False,https://www.idealista.pt/imovel/34098006/,0,4.9852086789447005,45.333333333333336,549032.0,0.6666666666666666,0
33849888,1090000.0,239.0,4561.0,3,4,Salgueiros,Canidelo,,41.1149837,-8.6596228,3,good,False,True,37,True,https://www.idealista.pt/imovel/33849888/,2,5.60956791438512,59.75,1090079.0,1.0,0
34615796,289000.0,120.0,2408.0,3,2,Monte de Burgos - Padrão da Légua,São Mamede de Infesta e Senhora da Hora,,41.1811921,-8.6305557,2,good,False,True,34,False,https://www.idealista.pt/imovel/34615796/,5,3.8791154600545967,30.0,288960.0,0.5,0
34379642,235000.0,53.0,4434.0,1,1,Areosa - Fernão de Magalhães,Paranhos,,41.1769903,-8.5838376,,good,False,True,12,False,https://www.idealista.pt/imovel/34379642/,3,3.795822175086447,26.5,235002.0,0.5,0
34428555,265000.0,90.0,2944.0,1,1,Centro,Vilar de Andorinho,,41.1034654,-8.5737586,,good,False,,28,False,https://www.idealista.pt/imovel/34428555/,4,5.999498253728798,45.0,264960.0,0.5,0
33882518,335000.0,99.0,3384.0,3,2,Boavista,Cedofeita - Santo Ildefonso - Sé - Miragaia - São Nicolau - Vitória,Casa da Música,41.163602,-8.6313679,4,good,False,True,15,True,https://www.idealista.pt/imovel/33882518/,1,2.3152625691362756,24.75,335016.0,0.5,1
34662478,269000.0,44.0,6114.0,2,2,Monte dos Burgos - Carvalhido,Paranhos,,41.1671798,-8.61568,,good,False,,13,True,https://www.idealista.pt/imovel/34662478/,1,1.9953245242853244,14.666666666666666,269016.0,0.6666666666666666,1
34629437,575000.0,131.0,4389.0,3,3,Lavadores,Canidelo,,41.1329723,-8.6658059,3,newdevelopment,True,True,43,False,https://www.idealista.pt/empreendimento/34629437/,2,4.95563345827231,32.75,574959.0,0.75,0
34328000,420000.0,184.0,2283.0,5,3,São Lourenço - Balteiro - Lijó,Vilar de Andorinho,,41.0929742,-8.5764988,,good,False,,29,False,https://www.idealista.pt/imovel/34328000/,4,6.9245719637636265,30.666666666666668,420072.0,0.5,0
34693592,1300000.0,297.0,4377.0,3,4,Foz,Aldoar - Foz do Douro - Nevogilde,,41.1580087,-8.6783372,,good,False,,40,True,https://www.idealista.pt/imovel/34693592/,0,5.722990606081841,74.25,1299969.0,1.0,0
34701324,270000.0,43.0,6279.0,1,1,Constituição,Cedofeita - Santo Ildefonso - Sé - Miragaia - São Nicolau - Vitória,,41.1654869,-8.6265812,,good,False,True,18,False,https://www.idealista.pt/imovel/34701324/,1,2.2009437553280113,21.5,269997.0,0.5,1
34685260,315000.0,105.0,3000.0,2,2,Parque da Lavandeira - Sardão,Oliveira do Douro,,41.1192093,-8.5898033,bj,good,False,True,26,False,https://www.idealista.pt/imovel/34685260/,7,3.8132998113235876,35.0,315000.0,0.6666666666666666,0
34616128,220000.0,37.0,5946.0,0,1,Baixa,Cedofeita - Santo Ildefonso - Sé - Miragaia - São Nicolau - Vitória,Cedofeita,41.1537687,-8.6227837,2,good,False,True,17,True,https://www.idealista.pt/imovel/34616128/,1,1.0976579937905662,37.0,220002.0,1.0,1
33956950,285000.0,77.0,3701.0,2,2,Lapa - Bouça,Cedofeita - Santo Ildefonso - Sé - Miragaia - São Nicolau - Vitória,,41.1607505,-8.6148903,,good,False,,28,True,https://www.idealista.pt/imovel/33956950/,1,1.2840976210139052,25.666666666666668,284977.0,0.6666666666666666,1
34690623,520000.0,242.0,2149.0,5,3,Camões - Gonçalo Cristóvão - Faria Guimarães,Cedofeita - Santo Ildefonso - Sé - Miragaia - São Nicolau - Vitória,,41.1535665,-8.6064476,13,good,False,True,19,False,https://www.idealista.pt/imovel/34690623/,6,0.5774922655272674,40.333333333333336,520058.0,0.5,1
34458516,720000.0,283.0,2544.0,5,5,Estação,Campanhã,,41.1546838,-8.5893054,,good,False,,60,True,https://www.idealista.pt/imovel/34458516/,6,1.8943379653251036,47.166666666666664,719952.0,0.8333333333333334,1
34494478,549000.0,308.0,1782.0,4,4,Lavadores,Canidelo,,41.1339121,-8.6582454,,good,False,,36,True,https://www.idealista.pt/imovel/34494478/,2,4.331458537145895,61.6,548856.0,0.8,0
34395406,350000.0,170.0,2059.0,3,2,Santo Ovídio - Cedro - Monte da Virgem,Mafamude e Vilar do Paraíso,,41.1142072,-8.6096487,,good,False,,32,True,https://www.idealista.pt/imovel/34395406/,7,3.936894893395357,42.5,350030.0,0.5,0
34587328,570000.0,179.0,3184.0,3,3,Centro de Ramalde - Pereiró,Ramalde,,41.1773002,-8.6600386,,good,False,,36,True,https://www.idealista.pt/imovel/34587328/,0,5.138844254628102,44.75,569936.0,0.75,0
34606180,235000.0,60.0,3917.0,1,1,Areosa - Fernão de Magalhães,Paranhos,,41.173471,-8.5855891,bj,good,False,False,24,False,https://www.idealista.pt/imovel/34606180/,3,3.3963383093510333,30.0,235020.0,0.5,0
34525166,300000.0,138.0,2174.0,2,2,Vilar do Paraíso - Junqueira - São Caetano,Mafamude e Vilar do Paraíso,,41.0997485,-8.6199399,2,good,False,,32,True,https://www.idealista.pt/imovel/34525166/,7,5.594709936151123,46.0,300012.0,0.6666666666666666,0
34561027,790000.0,259.0,3050.0,4,5,Parque Oriental - Azevedo,Campanhã,,41.1553865,-8.5692989,,good,False,,26,False,https://www.idealista.pt/imovel/34561027/,4,3.5420015733337475,51.8,789950.0,1.0,0
34121896,315000.0,56.0,5625.0,1,1,Centro Histórico,Cedofeita - Santo Ildefonso - Sé - Miragaia - São Nicolau - Vitória,Vitória - Clérigos,41.1454679,-8.6143001,1,good,False,True,36,False,https://www.idealista.pt/imovel/34121896/,1,0.5405213772189198,28.0,315000.0,0.5,1
34193777,320000.0,77.0,4156.0,1,1,Centro,Madalena,,41.1104066,-8.6447962,bj,,True,True,21,False,https://www.idealista.pt/empreendimento/34193777/,2,5.2012226944811895,38.5,320012.0,0.5,0
34528733,890000.0,212.0,4198.0,5,3,Aviz - Cristo Rei,Aldoar - Foz do Douro - Nevogilde,,41.1578175,-8.6698258,2,good,False,True,35,False,https://www.idealista.pt/imovel/34528733/,0,5.017400707789104,35.333333333333336,889976.0,0.5,0
34647603,422000.0,147.0,2871.0,2,3,Areosa - Fernão de Magalhães,Paranhos,,41.1754121,-8.586213,,good,False,True,22,False,https://www.idealista.pt/imovel/34647603/,3,3.536777372543978,49.0,422037.0,1.0,0
34529497,850000.0,113.0,7522.0,2,2,Arrábida,Lordelo do Ouro e Massarelos,,41.1482694,-8.6449337,2,good,False,False,19,False,https://www.idealista.pt/imovel/34529497/,2,2.853478934780695,37.666666666666664,849986.0,0.6666666666666666,1
34546353,1975000.0,367.0,5381.0,5,5,Pinheiro Manso,Ramalde,,41.167712,-8.6541019,,good,False,,29,False,https://www.idealista.pt/imovel/34546353/,0,4.139683226257157,61.166666666666664,1974827.0,0.8333333333333334,0
34550347,585000.0,202.0,2896.0,3,3,São Roque da Lameira,Campanhã,,41.1657361,-8.5665111,,good,False,,29,False,https://www.idealista.pt/imovel/34550347/,3,4.126666870423545,50.5,584992.0,0.75,0
33802096,230000.0,46.0,5000.0,0,1,Heroísmo - Nova Sintra - Soares dos Reis,Bonfim,,41.1461532,-8.598109,,good,False,True,21,True,https://www.idealista.pt/imovel/33802096/,6,1.1375191959702522,46.0,230000.0,1.0,1
34106019,420000.0,187.0,2246.0,3,2,Freixo,Campanhã,,41.1463386,-8.5830354,,good,False,,37,False,https://www.idealista.pt/imovel/34106019/,6,2.361152481297453,46.75,420002.0,0.5,1
34716853,349900.0,149.0,2348.0,3,2,Maninho - Baviera,Madalena,,41.1083792,-8.6376064,,good,False,,32,False,https://www.idealista.pt/imovel/34716853/,2,5.1002131908649435,37.25,349852.0,0.5,0
34550844,775000.0,247.0,3138.0,4,1,Serralves,Lordelo do Ouro e Massarelos,,41.161525,-8.6511092,,good,False,True,22,False,https://www.idealista.pt/imovel/34550844/,0,3.618114453761364,49.4,775086.0,0.2,0
34645282,525000.0,185.0,2838.0,3,3,Prelada - Monte dos Burgos,Ramalde,Requesende,41.1741645,-8.6368731,,good,False,,25,False,https://www.idealista.pt/imovel/34645282/,5,3.491185369086473,46.25,525030.0,0.75,0
34365045,330000.0,172.0,1919.0,2,1,Vilar do Paraíso - Junqueira - São Caetano,Mafamude e Vilar do Paraíso,,41.1015372,-8.6134953,,good,False,,20,False,https://www.idealista.pt/imovel/34365045/,7,5.348758710947809,57.333333333333336,330068.0,0.3333333333333333,0
34594991,425500.0,130.0,3273.0,3,2,Matosinhos Sul - Marginal,Matosinhos e Leça da Palmeira,,41.1772848,-8.6834621,,good,False,,20,False,https://www.idealista.pt/imovel/34594991/,0,6.8098052699246745,32.5,425490.0,0.5,0
34606823,700000.0,275.0,2545.0,3,5,Centro,Madalena,,41.1052655,-8.6349315,,good,False,,28,False,https://www.idealista.pt/imovel/34606823/,7,5.324854549001294,68.75,699875.0,1.25,0
34180544,1500000.0,246.0,6098.0,5,4,Fluvial,Lordelo do Ouro e Massarelos,,41.1471401,-8.6570394,,good,False,True,37,False,https://www.idealista.pt/imovel/34180544/,2,3.872954682829861,41.0,1500108.0,0.6666666666666666,0
34688445,570000.0,117.0,4872.0,3,2,Bessa Leite,Lordelo do Ouro e Massarelos,,41.1564354,-8.6422377,6,good,False,True,27,False,https://www.idealista.pt/imovel/34688445/,1,2.731613335453624,29.25,570024.0,0.5,1
34562292,242000.0,89.0,2719.0,2,1,Centro de Senhora da Hora,São Mamede de Infesta e Senhora da Hora,,41.1914955,-8.6519924,,good,False,,23,False,https://www.idealista.pt/imovel/34562292/,5,5.790735471993825,29.666666666666668,241991.0,0.3333333333333333,0
34695164,275000.0,135.0,2037.0,1,1,ESMAE - Doze Casas,Bonfim,,41.1592218,-8.600786,,good,False,True,22,False,https://www.idealista.pt/imovel/34695164/,6,1.3644421886058677,67.5,274995.0,0.5,1
34681971,210000.0,64.0,3281.0,1,1,Parque da Lavandeira - Sardão,Oliveira do Douro,,41.1238061,-8.5914759,2,good,False,True,17,False,https://www.idealista.pt/imovel/34681971/,7,3.2973300153352065,32.0,209984.0,0.5,0
34383925,495000.0,218.0,2271.0,2,2,Lapa - Bouça,Cedofeita - Santo Ildefonso - Sé - Miragaia - São Nicolau - Vitória,,41.161506,-8.6170114,2,newdevelopment,True,True,11,False,https://www.idealista.pt/empreendimento/34383925/,1,1.4193194700960414,72.66666666666667,495078.0,0.6666666666666666,1
34632906,700000.0,292.0,2397.0,3,5,Centro,Madalena,,41.106728,-8.6370137,,good,False,,61,True,https://www.idealista.pt/imovel/34632906/,2,5.244951424259002,73.0,699924.0,1.25,0
34562830,1250000.0,182.0,6868.0,3,4,Afurada - Arrábida - Cavaco,Santa Marinha e São Pedro da Afurada,,41.1396936,-8.6410345,10,good,False,True,30,False,https://www.idealista.pt/imovel/34562830/,2,2.75328272060496,45.5,1249976.0,1.0,1
34696711,239500.0,65.0,3685.0,1,1,Hospital São João - Pólo Universitário,Paranhos,,41.1852595,-8.6037888,,good,False,True,8,False,https://www.idealista.pt/imovel/34696711/,3,4.009586460766658,32.5,239525.0,0.5,0
34648694,310000.0,61.0,5082.0,1,1,Boavista,Cedofeita - Santo Ildefonso - Sé - Miragaia - São Nicolau - Vitória,Ramalda Alta,41.1623464,-8.6201554,,good,False,False,18,False,https://www.idealista.pt/imovel/34648694/,1,1.6153215762488373,30.5,310002.0,0.5,1
34658588,350000.0,46.0,7609.0,1,1,Sete Bicas,São Mamede de Infesta e Senhora da Hora,,41.1807913,-8.6503214,,good,False,True,12,False,https://www.idealista.pt/imovel/34658588/,5,4.787354770415365,23.0,350014.0,0.5,0
33030587,1100000.0,500.0,2200.0,5,5,Formigosa - Corredoura,Oliveira do Douro,,41.1306899,-8.5772688,,renew,False,,27,True,https://www.idealista.pt/imovel/33030587/,4,3.514685883798209,83.33333333333333,1100000.0,0.8333333333333334,0
34648410,695000.0,147.0,4728.0,3,4,Constituição,Cedofeita - Santo Ildefonso - Sé - Miragaia - São Nicolau - Vitória,,41.1653041,-8.6236976,,good,False,,15,False,https://www.idealista.pt/imovel/34648410/,1,2.048701149570591,36.75,695016.0,1.0,1
34596247,215000.0,52.0,4135.0,0,1,Baixa,Cedofeita - Santo Ildefonso - Sé - Miragaia - São Nicolau - Vitória,Batalha - Poveiros,41.1462587,-8.604461,3,good,False,False,20,False,https://www.idealista.pt/imovel/34596247/,6,0.6547645340162408,52.0,215020.0,1.0,1
34577778,1840000.0,329.0,5593.0,5,3,Agramonte - Bom Sucesso - Guerra Junqueiro,Lordelo do Ouro e Massarelos,,41.1557731,-8.6397992,,good,False,,31,False,https://www.idealista.pt/imovel/34577778/,1,2.515072014563238,54.833333333333336,1840097.0,0.5,1
34422981,575000.0,275.0,2091.0,4,5,Foz Velha,Aldoar - Foz do Douro - Nevogilde,,41.1521606,-8.6738513,,renew,False,,22,False,https://www.idealista.pt/imovel/34422981/,0,5.278438490536656,55.0,575025.0,1.0,0
34577544,240000.0,35.0,6857.0,0,1,Boavista,Cedofeita - Santo Ildefonso - Sé - Miragaia - São Nicolau - Vitória,Casa da Música,41.1575234,-8.6283216,,good,False,True,9,False,https://www.idealista.pt/imovel/34577544/,1,1.7040449614982447,35.0,239995.0,1.0,1
34618433,415000.0,227.0,1828.0,4,4,Ouro - Condominhas,Lordelo do Ouro e Massarelos,,41.1509852,-8.6542719,,good,False,,10,False,https://www.idealista.pt/imovel/34618433/,0,3.6347174958020716,45.4,414956.0,0.8,0
33726967,480000.0,112.0,4286.0,2,1,Foz,Aldoar - Foz do Douro - Nevogilde,,41.1618929,-8.6832271,,good,False,False,10,False,https://www.idealista.pt/imovel/33726967/,0,6.207680074927876,37.333333333333336,480032.0,0.3333333333333333,0
34277305,1250000.0,479.0,2610.0,4,4,Parque da Cidade - Vilarinha - António Aroso,Aldoar - Foz do Douro - Nevogilde,,41.168244,-8.6666463,,good,False,,25,True,https://www.idealista.pt/imovel/34277305/,0,5.106662717948909,95.8,1250190.0,0.8,0
34131164,530000.0,146.0,3630.0,2,2,Campo 24 de Agosto,Bonfim,,41.1488973,-8.6005373,1,good,False,False,24,False,https://www.idealista.pt/imovel/34131164/,6,0.8711755172504602,48.666666666666664,529980.0,0.6666666666666666,1
34495073,230000.0,90.0,2556.0,2,1,São Roque da Lameira,Campanhã,,41.1627396,-8.5771607,,good,False,False,39,True,https://www.idealista.pt/imovel/34495073/,3,3.180172409538322,30.0,230040.0,0.3333333333333333,0
34611408,398000.0,169.0,2355.0,3,1,Praia,Madalena,,41.108162,-8.6550949,2,good,False,,33,False,https://www.idealista.pt/imovel/34611408/,2,5.9103695002538,42.25,397995.0,0.25,0
34563776,1900000.0,669.0,2840.0,6,7,Pinhais da Foz,Aldoar - Foz do Douro - Nevogilde,,41.1574051,-8.664137,,good,False,,42,False,https://www.idealista.pt/imovel/34563776/,0,4.5409308103721715,95.57142857142857,1899960.0,1.0,0
34577756,2000000.0,415.0,4819.0,6,5,Foz,Aldoar - Foz do Douro - Nevogilde,,41.1573213,-8.6789121,,good,False,True,25,False,https://www.idealista.pt/imovel/34577756/,0,5.758620510827954,59.285714285714285,1999885.0,0.7142857142857143,0
34323709,265000.0,40.0,6625.0,0,1,Campo 24 de Agosto,Bonfim,,41.1513051,-8.5963166,,good,False,False,19,True,https://www.idealista.pt/imovel/34323709/,6,1.2356717124265666,40.0,265000.0,1.0,1
34699702,1450000.0,280.0,5179.0,3,4,Serralves,Lordelo do Ouro e Massarelos,,41.1568945,-8.6504993,,good,False,,26,False,https://www.idealista.pt/imovel/34699702/,0,3.41320628178436,70.0,1450120.0,1.0,0
34335439,720000.0,272.0,2647.0,4,5,Estação,Campanhã,,41.1531952,-8.5881455,,good,False,,32,False,https://www.idealista.pt/imovel/34335439/,6,1.9466526212995248,54.4,719984.0,1.0,1
34701641,290000.0,113.0,2566.0,3,2,Paniceiro-Viso-Meiral,Canidelo,,41.127658,-8.6444538,bj,good,False,True,18,False,https://www.idealista.pt/imovel/34701641/,2,3.7213374897251903,28.25,289958.0,0.5,0
34454578,370000.0,162.0,2284.0,3,3,Corujeira - Bonjóia,Campanhã,,41.1567776,-8.5806497,,good,False,,21,False,https://www.idealista.pt/imovel/34454578/,6,2.6554686516714163,40.5,370008.0,0.75,1
34588550,215000.0,32.0,6719.0,0,1,Centro Histórico,Santa Marinha e São Pedro da Afurada,,41.1362464,-8.6124211,1,good,False,False,9,True,https://www.idealista.pt/imovel/34588550/,7,1.4903057156721216,32.0,215008.0,1.0,1
34567378,215000.0,58.0,3707.0,1,1,Monte dos Burgos - Carvalhido,Paranhos,,41.1711124,-8.6183525,,good,False,False,16,False,https://www.idealista.pt/imovel/34567378/,1,2.47209120632173,29.0,215006.0,0.5,1
34703288,375000.0,164.0,2287.0,3,2,Valbom,São Cosme - Valbom - Jovim,,41.1346143,-8.5628541,,good,False,,43,False,https://www.idealista.pt/imovel/34703288/,4,4.354723193677597,41.0,375068.0,0.5,0
34246240,650000.0,252.0,2579.0,4,3,Maninho - Baviera,Madalena,,41.1055363,-8.635862,,good,False,,20,False,https://www.idealista.pt/imovel/34246240/,2,5.327090670351457,50.4,649908.0,0.6,0
34597141,240000.0,43.0,5581.0,0,1,Baixa,Cedofeita - Santo Ildefonso - Sé - Miragaia - São Nicolau - Vitória,Aliados - Clérigos - Carlos Alberto,41.14781,-8.6141127,1,good,False,False,11,True,https://www.idealista.pt/imovel/34597141/,1,0.3346305431513069,43.0,239983.0,1.0,1
34552962,280500.0,85.0,3300.0,1,1,Sampaio-Alumiara-Verdinho,Canidelo,,41.1292807,-8.6394047,4,newdevelopment,True,True,20,False,https://www.idealista.pt/empreendimento/34552962/,2,3.286773020375792,42.5,280500.0,0.5,0
34624827,270000.0,99.0,2727.0,2,2,,Águas Santas,,41.2031887,-8.5946161,2,good,False,True,22,False,https://www.idealista.pt/imovel/34624827/,3,6.112661957371547,33.0,269973.0,0.6666666666666666,0
34512473,600000.0,145.0,4138.0,3,3,Boavista,Cedofeita - Santo Ildefonso - Sé - Miragaia - São Nicolau - Vitória,Júlio Dinis - Hospital Militar,41.1585576,-8.6245429,2,good,False,True,20,False,https://www.idealista.pt/imovel/34512473/,1,1.5155145056136852,36.25,600010.0,0.75,1
33682944,1295000.0,196.0,6607.0,3,3,Foz Velha,Aldoar - Foz do Douro - Nevogilde,,41.1502472,-8.6786126,,good,False,True,13,False,https://www.idealista.pt/imovel/33682944/,0,5.669944745053099,49.0,1294972.0,0.75,0
33991070,520000.0,76.0,6842.0,2,2,Centro Histórico,Cedofeita - Santo Ildefonso - Sé - Miragaia - São Nicolau - Vitória,Vitória - Clérigos,41.1447548,-8.6166235,2,good,False,True,29,True,https://www.idealista.pt/imovel/33991070/,1,0.7210661206226153,25.333333333333332,519992.0,0.6666666666666666,1
34263664,550000.0,140.0,3929.0,4,4,Boavista,Cedofeita - Santo Ildefonso - Sé - Miragaia - São Nicolau - Vitória,Casa da Música,41.1602957,-8.626241,5,good,False,True,13,False,https://www.idealista.pt/imovel/34263664/,1,1.750455285796962,28.0,550060.0,0.8,1
33375599,375000.0,77.0,4870.0,2,1,Cais das Pedras,Lordelo do Ouro e Massarelos,,41.1466618,-8.6317868,,good,False,,26,False,https://www.idealista.pt/imovel/33375599/,1,1.7791279602573227,25.666666666666668,374990.0,0.3333333333333333,1
34562511,239000.0,64.0,3734.0,2,2,Covelo - Monte de São João,Paranhos,,41.1674657,-8.6079456,bj,good,False,False,15,False,https://www.idealista.pt/imovel/34562511/,6,2.0019130660013893,21.333333333333332,238976.0,0.6666666666666666,1
34606435,720000.0,90.0,8000.0,2,2,Agramonte - Bom Sucesso - Guerra Junqueiro,Lordelo do Ouro e Massarelos,,41.1553245,-8.6394449,1,,True,True,31,False,https://www.idealista.pt/empreendimento/34606435/,1,2.473250096784175,30.0,720000.0,0.6666666666666666,1
34606431,400000.0,52.0,7692.0,1,1,Agramonte - Bom Sucesso - Guerra Junqueiro,Lordelo do Ouro e Massarelos,,41.1553245,-8.6394449,2,,True,True,31,False,https://www.idealista.pt/empreendimento/34606431/,1,2.473250096784175,26.0,399984.0,0.5,1
34378289,1240000.0,330.0,3758.0,4,4,Boavista,Cedofeita - Santo Ildefonso - Sé - Miragaia - São Nicolau - Vitória,Casa da Música,41.160413,-8.6264271,,good,False,,37,True,https://www.idealista.pt/imovel/34378289/,1,1.7707488447148716,66.0,1240140.0,0.8,1
34682887,265000.0,91.0,2912.0,2,1,,Baguim do Monte,,41.1882045,-8.5486562,bj,good,False,True,13,False,https://www.idealista.pt/imovel/34682887/,3,6.750673575572216,30.333333333333332,264992.0,0.3333333333333333,0
34554002,425000.0,125.0,3400.0,3,3,Valbom,São Cosme - Valbom - Jovim,,41.1456226,-8.5673463,,good,False,,32,False,https://www.idealista.pt/imovel/34554002/,4,3.673543321801387,31.25,425000.0,0.75,0
34655969,1890000.0,233.0,8112.0,4,4,Foz Velha,Aldoar - Foz do Douro - Nevogilde,,41.1508559,-8.6784624,,good,False,,25,False,https://www.idealista.pt/imovel/34655969/,0,5.658609190083715,46.6,1890096.0,0.8,0
34595839,320000.0,53.0,6038.0,1,1,Centro de Matosinhos,Matosinhos e Leça da Palmeira,,41.1786167,-8.6797095,1,good,False,True,5,False,https://www.idealista.pt/imovel/34595839/,0,6.602190845742185,26.5,320014.0,0.5,0
34710729,290000.0,106.0,2736.0,2,3,Soares dos Reis - Rasa de Cima,Mafamude e Vilar do Paraíso,,41.1186163,-8.6080824,1,good,False,False,36,False,https://www.idealista.pt/imovel/34710729/,7,3.4533018581677033,35.333333333333336,290016.0,1.0,0
34679625,349900.0,141.0,2482.0,3,3,Paniceiro-Viso-Meiral,Canidelo,,41.123481,-8.6428657,,renew,False,,22,False,https://www.idealista.pt/imovel/34679625/,2,3.9498418169370977,35.25,349962.0,0.75,0
34392308,535000.0,175.0,3057.0,3,2,Bessa - Foco,Ramalde,,41.1629747,-8.6423035,10,good,False,True,16,False,https://www.idealista.pt/imovel/34392308/,1,3.0206004773973323,43.75,534975.0,0.5,0
33867305,850000.0,148.0,5743.0,4,2,Foz,Aldoar - Foz do Douro - Nevogilde,,41.1562548,-8.6793093,3,renew,False,True,19,False,https://www.idealista.pt/imovel/33867305/,0,5.775162913037753,29.6,849964.0,0.4,0
34396212,267000.0,36.0,7417.0,0,1,Camões - Gonçalo Cristóvão - Faria Guimarães,Cedofeita - Santo Ildefonso - Sé - Miragaia - São Nicolau - Vitória,,41.1561045,-8.6082048,,good,False,True,14,False,https://www.idealista.pt/imovel/34396212/,6,0.7576517311128879,36.0,267012.0,1.0,1
33825972,330000.0,113.0,2920.0,3,2,Baixa,Cedofeita - Santo Ildefonso - Sé - Miragaia - São Nicolau - Vitória,Santa Catarina,41.1475574,-8.600862,,good,False,True,31,False,https://www.idealista.pt/imovel/33825972/,6,0.8706337978811609,28.25,329960.0,0.5,1
34648717,415000.0,86.0,4826.0,2,2,Boavista,Cedofeita - Santo Ildefonso - Sé - Miragaia - São Nicolau - Vitória,Casa da Música,41.1597725,-8.6248149,,good,False,True,13,False,https://www.idealista.pt/imovel/34648717/,1,1.623780173400591,28.666666666666668,415036.0,0.6666666666666666,1
34211403,2300000.0,400.0,5750.0,4,6,Pinheiro Manso,Ramalde,,41.163464,-8.650915,,good,False,,35,False,https://www.idealista.pt/imovel/34211403/,0,3.687749242744621,80.0,2300000.0,1.2,0
34660234,560000.0,296.0,1892.0,3,3,Amial,Paranhos,,41.1778557,-8.6196265,2,good,False,True,27,False,https://www.idealista.pt/imovel/34660234/,5,3.2256957195664016,74.0,560032.0,0.75,0
34567037,260000.0,60.0,4333.0,1,1,Hospital São João - Pólo Universitário,Paranhos,,41.185636,-8.6074035,,good,False,,43,True,https://www.idealista.pt/imovel/34567037/,5,4.0176949767949415,30.0,259980.0,0.5,0
34665029,225000.0,105.0,2143.0,3,1,Quinta das Rosas - Rasa de Baixo,Mafamude e Vilar do Paraíso,,41.1096023,-8.6149307,,good,False,,37,True,https://www.idealista.pt/imovel/34665029/,7,4.460335264876639,26.25,225015.0,0.25,0
34629840,248500.0,70.0,3550.0,2,1,Quinta das Rosas - Rasa de Baixo,Mafamude e Vilar do Paraíso,,41.1122998,-8.6143165,,good,False,,23,False,https://www.idealista.pt/imovel/34629840/,7,4.157451729544707,23.333333333333332,248500.0,0.3333333333333333,0
34621825,292500.0,152.0,1924.0,4,2,Centro,Rio Tinto,,41.179677,-8.5584551,1,good,False,True,21,False,https://www.idealista.pt/imovel/34621825/,3,5.518927449149161,30.4,292448.0,0.4,0
34380726,275000.0,50.0,5500.0,0,1,Matosinhos Sul - Marginal,Matosinhos e Leça da Palmeira,,41.1748168,-8.6848916,,good,False,,20,False,https://www.idealista.pt/imovel/34380726/,0,6.799167361354407,50.0,275000.0,1.0,0
34030514,690000.0,191.0,3613.0,3,3,Fluvial,Lordelo do Ouro e Massarelos,,41.151419,-8.6611211,1,good,False,True,14,False,https://www.idealista.pt/imovel/34030514/,0,4.209771727375148,47.75,690083.0,0.75,0
34562074,1995000.0,477.0,4182.0,4,1,Parque da Cidade - Vilarinha - António Aroso,Aldoar - Foz do Douro - Nevogilde,,41.1710176,-8.66941,,good,False,,21,False,https://www.idealista.pt/imovel/34562074/,0,5.446461653529153,95.4,1994814.0,0.2,0
34717585,264900.0,124.0,2136.0,2,2,Lagos - Chavinha,Mafamude e Vilar do Paraíso,,41.1140315,-8.6181773,1,good,False,True,25,False,https://www.idealista.pt/imovel/34717585/,7,4.001723406229318,41.333333333333336,264864.0,0.6666666666666666,0
34667368,239900.0,107.0,2242.0,3,2,Lagos - Chavinha,Mafamude e Vilar do Paraíso,,41.1075712,-8.6180117,1,good,False,True,27,False,https://www.idealista.pt/imovel/34667368/,7,4.711195533203238,26.75,239894.0,0.5,0
34603031,895000.0,241.0,3714.0,3,3,Camões - Gonçalo Cristóvão - Faria Guimarães,Cedofeita - Santo Ildefonso - Sé - Miragaia - São Nicolau - Vitória,,41.15438,-8.6065629,,good,False,True,16,False,https://www.idealista.pt/imovel/34603031/,6,0.6437133757179108,60.25,895074.0,0.75,1
34547002,600000.0,140.0,4286.0,3,3,Boavista,Cedofeita - Santo Ildefonso - Sé - Miragaia - São Nicolau - Vitória,Júlio Dinis - Hospital Militar,41.1577672,-8.6247196,,good,False,True,24,False,https://www.idealista.pt/imovel/34547002/,1,1.470870123946483,35.0,600040.0,0.75,1
34391915,778000.0,271.0,2871.0,5,5,São João - Asprela - Telheiro,São Mamede de Infesta e Senhora da Hora,,41.1839166,-8.6184946,,good,False,,47,False,https://www.idealista.pt/imovel/34391915/,5,3.868425492700387,45.166666666666664,778041.0,0.8333333333333334,0
34688611,250000.0,49.0,5102.0,1,1,Campo 24 de Agosto,Bonfim,,41.1501438,-8.5987369,1,good,False,False,16,False,https://www.idealista.pt/imovel/34688611/,6,1.0201949523654876,24.5,249998.0,0.5,1
34516389,365000.0,114.0,3202.0,3,3,Centro de Ramalde - Pereiró,Ramalde,,41.1710993,-8.6530707,1,good,False,False,13,False,https://www.idealista.pt/imovel/34516389/,0,4.2636024369754635,28.5,365028.0,0.75,0
34606779,420000.0,121.0,3471.0,2,2,Barrosa - Devesas - Telheira do Meio,Santa Marinha e São Pedro da Afurada,,41.1309568,-8.6118479,1,good,False,False,47,False,https://www.idealista.pt/imovel/34606779/,7,2.0745484285620877,40.333333333333336,419991.0,0.6666666666666666,1
34688106,250000.0,109.0,2294.0,3,2,Vila d'Este - Monte da Virgem,Vilar de Andorinho,,41.0987235,-8.5915269,4,good,False,True,14,False,https://www.idealista.pt/imovel/34688106/,7,5.885340715815845,27.25,250046.0,0.5,0
34625590,299900.0,69.0,4346.0,2,1,Areosa - Fernão de Magalhães,Paranhos,,41.1767152,-8.5854974,,good,False,,21,False,https://www.idealista.pt/imovel/34625590/,3,3.6895330325903513,23.0,299874.0,0.3333333333333333,0
34545934,1990000.0,629.0,3164.0,5,5,Serralves,Lordelo do Ouro e Massarelos,,41.1556101,-8.6533474,,good,False,,20,False,https://www.idealista.pt/imovel/34545934/,0,3.616208625514841,104.83333333333333,1990156.0,0.8333333333333334,0
34360950,285000.0,57.0,5000.0,0,1,Baixa,Cedofeita - Santo Ildefonso - Sé - Miragaia - São Nicolau - Vitória,Santa Catarina,41.1517179,-8.6024639,,good,False,True,13,False,https://www.idealista.pt/imovel/34360950/,6,0.7445605210227478,57.0,285000.0,1.0,1
34688593,229900.0,50.0,4598.0,2,1,Seara - Freixieiro,Oliveira do Douro,,41.1164856,-8.5763068,,renew,False,,20,False,https://www.idealista.pt/imovel/34688593/,4,4.6852916907433855,16.666666666666668,229900.0,0.3333333333333333,0
34637310,350000.0,112.0,3125.0,2,1,Afurada - Arrábida - Cavaco,Santa Marinha e São Pedro da Afurada,,41.143976,-8.6480983,,good,False,,20,False,https://www.idealista.pt/imovel/34637310/,2,3.176872803064954,37.333333333333336,350000.0,0.3333333333333333,0
34641644,299000.0,100.0,2990.0,3,2,Leça do Balio,Custóias - Leça do Balio - Guifões,,41.2036489,-8.6237961,bj,good,False,True,24,False,https://www.idealista.pt/imovel/34641644/,5,6.1061135132511755,25.0,299000.0,0.5,0
34679602,249900.0,102.0,2450.0,3,2,Formigosa - Corredoura,Oliveira do Douro,,41.1312992,-8.5866746,bj,good,False,True,25,False,https://www.idealista.pt/imovel/34679602/,4,2.873409972052681,25.5,249900.0,0.5,1
34706262,429900.0,177.0,2429.0,3,3,Paniceiro-Viso-Meiral,Canidelo,,41.1248038,-8.6420589,bj,good,False,True,25,False,https://www.idealista.pt/imovel/34706262/,2,3.7962068188986713,44.25,429933.0,0.75,0
34692130,295000.0,95.0,3105.0,2,1,Liceu - Paço do Rei,Mafamude e Vilar do Paraíso,,41.1256679,-8.5991617,4,good,False,True,36,False,https://www.idealista.pt/imovel/34692130/,7,2.8368864692629945,31.666666666666668,294975.0,0.3333333333333333,1
33928087,1490000.0,315.0,4730.0,4,5,Foz Velha,Aldoar - Foz do Douro - Nevogilde,,41.1477794,-8.66849,1,good,False,False,32,False,https://www.idealista.pt/imovel/33928087/,0,4.8262742978362505,63.0,1489950.0,1.0,0
34661632,370000.0,82.0,4512.0,2,3,São João - Asprela - Telheiro,São Mamede de Infesta e Senhora da Hora,,41.1880993,-8.6157823,1,good,False,True,10,False,https://www.idealista.pt/imovel/34661632/,5,4.30038908230103,27.333333333333332,369984.0,1.0,0
34637209,350000.0,65.0,5385.0,2,1,Arca d'Água - Campo Lindo - Vale Formoso,Paranhos,,41.1690961,-8.6099965,5,good,False,True,10,True,https://www.idealista.pt/imovel/34637209/,6,2.1691865324575454,21.666666666666668,350025.0,0.3333333333333333,1
34471177,275000.0,79.0,3481.0,2,1,Corujeira - Bonjóia,Campanhã,,41.15629,-8.5759073,,good,False,,15,False,https://www.idealista.pt/imovel/34471177/,6,3.022724308919064,26.333333333333332,274999.0,0.3333333333333333,0
34471986,375000.0,126.0,2976.0,2,2,Arrábida,Lordelo do Ouro e Massarelos,,41.1503911,-8.6441138,,good,False,,14,False,https://www.idealista.pt/imovel/34471986/,1,2.7823362392217983,42.0,374976.0,0.6666666666666666,1
34648692,690000.0,286.0,2413.0,3,2,Praia,Madalena,,41.1005972,-8.6544718,,good,False,,50,False,https://www.idealista.pt/imovel/34648692/,2,6.558171925332477,71.5,690118.0,0.5,0
34601443,409500.0,157.0,2608.0,2,2,Fernão Magalhães - Joaquim Urbano,Bonfim,,41.1572425,-8.5913505,5,good,False,True,29,False,https://www.idealista.pt/imovel/34601443/,6,1.8442283890040487,52.333333333333336,409456.0,0.6666666666666666,1
34463971,519900.0,253.0,2055.0,4,4,Constituição,Cedofeita - Santo Ildefonso - Sé - Miragaia - São Nicolau - Vitória,,41.1655461,-8.6182649,,good,False,,35,False,https://www.idealista.pt/imovel/34463971/,1,1.8772710461653337,50.6,519915.0,0.8,1
34675192,698000.0,308.0,2266.0,3,4,Salgueiros,Canidelo,,41.1248326,-8.6603274,,good,False,,25,True,https://www.idealista.pt/imovel/34675192/,2,4.971752308416195,77.0,697928.0,1.0,0
34495054,995000.0,227.0,4383.0,4,3,Matosinhos Sul - Marginal,Matosinhos e Leça da Palmeira,,41.1772842,-8.6824722,,good,False,,19,False,https://www.idealista.pt/imovel/34495054/,0,6.735963386862211,45.4,994941.0,0.6,0
34679542,214900.0,75.0,2865.0,1,1,Monte de Burgos - Padrão da Légua,São Mamede de Infesta e Senhora da Hora,,41.1816947,-8.6287534,3,good,False,False,24,False,https://www.idealista.pt/imovel/34679542/,5,3.869054708348363,37.5,214875.0,0.5,0
34576881,299900.0,155.0,1935.0,2,2,Sampaio-Alumiara-Verdinho,Canidelo,,41.1395908,-8.6469757,,good,False,,15,False,https://www.idealista.pt/imovel/34576881/,2,3.2193233045141523,51.666666666666664,299925.0,0.6666666666666666,0
34670964,470000.0,107.0,4393.0,3,2,Barranha - Vasco da Gama,São Mamede de Infesta e Senhora da Hora,,41.1854991,-8.659446,,good,False,,21,False,https://www.idealista.pt/imovel/34670964/,0,5.696252967980107,26.75,470051.0,0.5,0
34623087,750000.0,310.0,2419.0,5,5,Monte dos Burgos - Carvalhido,Paranhos,,41.1701628,-8.6184345,6,good,False,True,46,False,https://www.idealista.pt/imovel/34623087/,1,2.3718857773986914,51.666666666666664,749890.0,0.8333333333333334,1
33365432,235000.0,41.0,5732.0,1,1,Camões - Gonçalo Cristóvão - Faria Guimarães,Cedofeita - Santo Ildefonso - Sé - Miragaia - São Nicolau - Vitória,,41.1534071,-8.6091009,4,good,False,True,9,False,https://www.idealista.pt/imovel/33365432/,6,0.4493313550858465,20.5,235012.0,0.5,1
33356252,1450000.0,475.0,3053.0,4,5,Centro Histórico,Santa Marinha e São Pedro da Afurada,,41.1391036,-8.6255939,,good,False,,115,True,https://www.idealista.pt/imovel/33356252/,1,1.695915398518666,95.0,1450175.0,1.0,1
32730450,900000.0,167.0,5389.0,4,2,Foz Velha,Aldoar - Foz do Douro - Nevogilde,,41.1499139,-8.6774969,,renew,False,,32,True,https://www.idealista.pt/imovel/32730450/,0,5.576195327450837,33.4,899963.0,0.4,0
34183623,590000.0,172.0,3430.0,4,3,Bessa Leite,Lordelo do Ouro e Massarelos,,41.158839,-8.6398321,3,good,False,True,45,True,https://www.idealista.pt/imovel/34183623/,1,2.631138180224849,34.4,589960.0,0.6,1
34653587,650000.0,111.0,5856.0,2,2,Centro Histórico,Cedofeita - Santo Ildefonso - Sé - Miragaia - São Nicolau - Vitória,Rua das Flores - Mouzinho,41.1436682,-8.6144853,2,good,False,False,41,True,https://www.idealista.pt/imovel/34653587/,1,0.7246919128462749,37.0,650016.0,0.6666666666666666,1
33824417,300000.0,56.0,5357.0,2,2,Baixa,Cedofeita - Santo Ildefonso - Sé - Miragaia - São Nicolau - Vitória,Santa Catarina,41.1496835,-8.6029983,3,good,False,False,23,True,https://www.idealista.pt/imovel/33824417/,6,0.6616670819536907,18.666666666666668,299992.0,0.6666666666666666,1
34262084,295500.0,170.0,1738.0,1,1,Marquês,Cedofeita - Santo Ildefonso - Sé - Miragaia - São Nicolau - Vitória,,41.1576722,-8.6055634,st,good,False,False,25,True,https://www.idealista.pt/imovel/34262084/,6,1.0026440296499375,85.0,295460.0,0.5,1
34632095,684000.0,220.0,3109.0,5,3,Praça do Marquês - Lima,Bonfim,,41.1621563,-8.5983138,4,good,False,True,32,True,https://www.idealista.pt/imovel/34632095/,6,1.7492036995387015,36.666666666666664,683980.0,0.5,1
34625898,372500.0,82.0,4543.0,2,2,Liceu - Paço do Rei,Mafamude e Vilar do Paraíso,,41.1237535,-8.6055245,6,good,False,True,22,True,https://www.idealista.pt/imovel/34625898/,7,2.9090430112384635,27.333333333333332,372526.0,0.6666666666666666,1
34525659,550000.0,154.0,3571.0,2,3,Coimbrões,Santa Marinha e São Pedro da Afurada,,41.120044,-8.6347731,,good,False,,38,True,https://www.idealista.pt/imovel/34525659/,2,3.846846629910178,51.333333333333336,549934.0,1.0,0
34505709,1650000.0,341.0,4839.0,5,4,Foz,Aldoar - Foz do Douro - Nevogilde,,41.1622496,-8.6785555,,good,False,,53,True,https://www.idealista.pt/imovel/34505709/,0,5.836220931514259,56.833333333333336,1650099.0,0.6666666666666666,0
34642203,616453.0,227.0,2716.0,3,3,Santo Ovídio - Cedro - Monte da Virgem,Mafamude e Vilar do Paraíso,,41.1182198,-8.6067551,,good,False,True,32,True,https://www.idealista.pt/imovel/34642203/,7,3.5065435766488102,56.75,616532.0,0.75,0
34449817,1450000.0,290.0,5000.0,4,5,Salgueiros,Canidelo,,41.1177325,-8.6595016,,good,False,,49,True,https://www.idealista.pt/imovel/34449817/,2,5.396687289047782,58.0,1450000.0,1.0,0
34293470,1500000.0,470.0,3191.0,3,5,Praia,Madalena,,41.0986296,-8.6583785,,good,False,,56,True,https://www.idealista.pt/imovel/34293470/,2,6.9237134130872615,117.5,1499770.0,1.25,0
32320378,489000.0,146.0,3349.0,4,3,Quinta Seca - Azenha de Cima,São Mamede de Infesta e Senhora da Hora,,41.1801056,-8.6716523,4,good,False,True,27,True,https://www.idealista.pt/imovel/32320378/,0,6.113016404610652,29.2,488954.0,0.6,0
33977254,850000.0,334.0,2545.0,4,4,Salgueiros,Canidelo,,41.1222611,-8.6566926,,good,False,,37,True,https://www.idealista.pt/imovel/33977254/,2,4.893699597798444,66.8,850030.0,0.8,0
34493451,320000.0,125.0,2560.0,3,1,Fernão Magalhães - Joaquim Urbano,Bonfim,,41.1549126,-8.5944134,,good,False,False,25,True,https://www.idealista.pt/imovel/34493451/,6,1.5014459425542408,31.25,320000.0,0.25,1
34037573,649000.0,128.0,5070.0,3,4,Lavadores,Canidelo,,41.1310681,-8.668108,,good,False,True,31,True,https://www.idealista.pt/imovel/34037573/,2,5.215039639033781,32.0,648960.0,1.0,0
33615314,650000.0,324.0,2006.0,4,3,,Pedrouços,,41.1954,-8.5785044,4,good,False,True,48,True,https://www.idealista.pt/imovel/33615314/,3,5.769587987201054,64.8,649944.0,0.6,0
34387733,990000.0,220.0,4500.0,4,4,Foz,Aldoar - Foz do Douro - Nevogilde,,41.1565089,-8.6779527,,good,False,True,61,True,https://www.idealista.pt/imovel/34387733/,0,5.6662874726267125,44.0,990000.0,0.8,0
34160198,730000.0,255.0,2863.0,3,3,Monte dos Burgos - Carvalhido,Paranhos,,41.1660611,-8.6166302,,good,False,,51,True,https://www.idealista.pt/imovel/34160198/,1,1.8922119199903742,63.75,730065.0,0.75,1
32786140,360000.0,78.0,4615.0,1,1,Baixa,Cedofeita - Santo Ildefonso - Sé - Miragaia - São Nicolau - Vitória,Batalha - Poveiros,41.1447664,-8.6061906,4,good,False,True,24,True,https://www.idealista.pt/imovel/32786140/,6,0.6666114658257217,39.0,359970.0,0.5,1
34513462,385000.0,144.0,2674.0,3,2,Coimbrões,Santa Marinha e São Pedro da Afurada,,41.120214,-8.6316568,,good,False,,30,True,https://www.idealista.pt/imovel/34513462/,7,3.701196985679259,36.0,385056.0,0.5,0
33131340,1050000.0,227.0,4626.0,3,3,Lapa - Bouça,Cedofeita - Santo Ildefonso - Sé - Miragaia - São Nicolau - Vitória,,41.1599357,-8.6127333,,good,False,True,21,True,https://www.idealista.pt/imovel/33131340/,1,1.159481464181923,56.75,1050102.0,0.75,1
34611430,520000.0,141.0,3688.0,3,2,Pinheiro Manso,Ramalde,,41.1665751,-8.6466935,9,good,False,True,35,True,https://www.idealista.pt/imovel/34611430/,0,3.541505082959989,35.25,520008.0,0.5,0
34293101,750000.0,226.0,3319.0,4,4,Bessa - Foco,Ramalde,,41.162235,-8.6507144,4,good,False,True,42,True,https://www.idealista.pt/imovel/34293101/,0,3.6172902917000176,45.2,750094.0,0.8,0
33871447,1600000.0,378.0,4233.0,5,5,Matosinhos Sul - Marginal,Matosinhos e Leça da Palmeira,,41.1758022,-8.6812538,,good,False,True,38,True,https://www.idealista.pt/imovel/33871447/,0,6.570753728737606,63.0,1600074.0,0.8333333333333334,0
34658013,575000.0,244.0,2357.0,3,3,Prelada - Monte dos Burgos,Ramalde,Requesende,41.1767358,-8.6358591,1,good,False,True,23,True,https://www.idealista.pt/imovel/34658013/,5,3.6701432560482807,61.0,575108.0,0.75,0
34557764,280000.0,112.0,2500.0,0,1,Batalha - Guindais,Cedofeita - Santo Ildefonso - Sé - Miragaia - São Nicolau - Vitória,,41.1442973,-8.6074215,2,good,False,True,17,True,https://www.idealista.pt/imovel/34557764/,6,0.6576487690658349,112.0,280000.0,1.0,1
34258535,645000.0,323.0,1997.0,3,3,Praia,Madalena,,41.0974081,-8.6521539,,good,False,,57,False,https://www.idealista.pt/imovel/34258535/,2,6.754330489027475,80.75,645031.0,0.75,0
34568027,890000.0,373.0,2386.0,4,5,Praia,Madalena,,41.1076713,-8.659718,,good,False,,61,False,https://www.idealista.pt/imovel/34568027/,2,6.201201134589061,74.6,889978.0,1.0,0
33771280,548000.0,246.0,2228.0,3,4,Laborim - Rechousa - Alto das Torres,Mafamude e Vilar do Paraíso,,41.0995451,-8.6007849,1,good,False,True,21,False,https://www.idealista.pt/imovel/33771280/,7,5.629967293417741,61.5,548088.0,1.0,0
34078276,1450000.0,280.0,5179.0,3,4,Fluvial,Lordelo do Ouro e Massarelos,,41.1473904,-8.6561147,,good,False,,26,False,https://www.idealista.pt/imovel/34078276/,2,3.7938149056605437,70.0,1450120.0,1.0,0
34291336,990000.0,250.0,3960.0,4,4,Foz,Aldoar - Foz do Douro - Nevogilde,,41.1579014,-8.6767947,,good,False,True,23,False,https://www.idealista.pt/imovel/34291336/,0,5.593644896028765,50.0,990000.0,0.8,0
34359839,2300000.0,520.0,4423.0,4,5,Foz,Aldoar - Foz do Douro - Nevogilde,,41.1568506,-8.6723808,,good,False,,21,False,https://www.idealista.pt/imovel/34359839/,0,5.210204453534181,104.0,2299960.0,1.0,0
34627730,340000.0,98.0,3469.0,2,2,Santo Ovídio - Cedro - Monte da Virgem,Mafamude e Vilar do Paraíso,,41.1183165,-8.6066675,6,good,False,True,23,True,https://www.idealista.pt/imovel/34627730/,7,3.4965800967648533,32.666666666666664,339962.0,0.6666666666666666,0
34453055,565000.0,137.0,4124.0,2,3,Campo 24 de Agosto,Bonfim,,41.1518749,-8.5966902,5,good,False,True,33,True,https://www.idealista.pt/imovel/34453055/,6,1.216347175385715,45.666666666666664,564988.0,1.0,1
34322799,1300000.0,484.0,2686.0,5,5,Parque da Cidade - Vilarinha - António Aroso,Aldoar - Foz do Douro - Nevogilde,,41.1709479,-8.667837,,good,False,,26,True,https://www.idealista.pt/imovel/34322799/,0,5.324887254493194,80.66666666666667,1300024.0,0.8333333333333334,0
34350292,745000.0,257.0,2899.0,3,4,Antas - Estádio do Dragão,Campanhã,,41.1637623,-8.589409,6,good,False,True,31,True,https://www.idealista.pt/imovel/34350292/,6,2.391054321873006,64.25,745043.0,1.0,1
34130318,375000.0,63.0,5952.0,1,1,Baixa,Cedofeita - Santo Ildefonso - Sé - Miragaia - São Nicolau - Vitória,Bolhão,41.1490854,-8.6076219,5,good,False,True,31,True,https://www.idealista.pt/imovel/34130318/,6,0.2803746253376395,31.5,374976.0,0.5,1
33844756,1250000.0,677.0,1846.0,3,5,Salgueiros,Canidelo,,41.1165469,-8.6588032,,good,False,,70,True,https://www.idealista.pt/imovel/33844756/,2,5.440907051494572,169.25,1249742.0,1.25,0
34286827,335000.0,180.0,1861.0,3,4,Coimbrões,Santa Marinha e São Pedro da Afurada,,41.1257511,-8.6282768,,renew,False,,25,True,https://www.idealista.pt/imovel/34286827/,7,3.02491027548719,45.0,334980.0,1.0,0
33766369,650000.0,167.0,3892.0,3,4,Centro Histórico,Santa Marinha e São Pedro da Afurada,,41.1331862,-8.613629,4,good,False,True,33,True,https://www.idealista.pt/imovel/33766369/,7,1.8393825192731967,41.75,649964.0,1.0,1
33295063,700000.0,388.0,1804.0,4,3,Seara - Freixieiro,Oliveira do Douro,,41.1150269,-8.5774465,,good,False,,29,True,https://www.idealista.pt/imovel/33295063/,4,4.75699156435,77.6,699952.0,0.6,0
34301398,1995000.0,434.0,4597.0,4,5,Foz,Aldoar - Foz do Douro - Nevogilde,,41.1593099,-8.6782746,bj,good,False,True,46,True,https://www.idealista.pt/imovel/34301398/,0,5.743198916184232,86.8,1995098.0,1.0,0
33923164,412000.0,201.0,2050.0,4,3,Leça do Balio,Custóias - Leça do Balio - Guifões,,41.2036523,-8.6148002,2,good,False,True,52,True,https://www.idealista.pt/imovel/33923164/,5,6.019199201661041,40.2,412050.0,0.6,0
33531894,1650000.0,341.0,4839.0,5,4,Foz,Aldoar - Foz do Douro - Nevogilde,,41.1585136,-8.6738291,,good,False,,31,True,https://www.idealista.pt/imovel/33531894/,0,5.361057346641302,56.833333333333336,1650099.0,0.6666666666666666,0
34353880,235000.0,100.0,2350.0,1,2,Sampaio-Alumiara-Verdinho,Canidelo,,41.1319553,-8.6365034,1,good,False,True,41,True,https://www.idealista.pt/imovel/34353880/,2,2.906260360471747,50.0,235000.0,1.0,1
33648245,645000.0,323.0,1997.0,3,3,Praia,Madalena,,41.0999252,-8.6537414,,good,False,,61,True,https://www.idealista.pt/imovel/33648245/,2,6.586868311784536,80.75,645031.0,0.75,0
34339780,450000.0,210.0,2143.0,2,3,Coimbrões,Santa Marinha e São Pedro da Afurada,,41.1225455,-8.6317436,,good,False,,37,True,https://www.idealista.pt/imovel/34339780/,7,3.4780805472698404,70.0,450030.0,1.0,0
33660925,980000.0,207.0,4734.0,2,4,Foz Velha,Aldoar - Foz do Douro - Nevogilde,,41.1507334,-8.6765901,bj,good,False,True,29,True,https://www.idealista.pt/imovel/33660925/,0,5.501570035465204,69.0,979938.0,1.3333333333333333,0
34379583,385000.0,209.0,1842.0,3,3,São Cosme,São Cosme - Valbom - Jovim,Carregais - São Miguel,41.135082,-8.5412059,3,good,False,True,25,True,https://www.idealista.pt/imovel/34379583/,4,6.055227642723256,52.25,384978.0,0.75,0
34353368,395000.0,94.0,4202.0,0,1,Fontaínhas - Duques,Bonfim,,41.1422503,-8.5969192,2,good,False,False,41,True,https://www.idealista.pt/imovel/34353368/,6,1.42770953735074,94.0,394988.0,1.0,1
34371500,675000.0,322.0,2096.0,4,4,Salgueiros,Canidelo,,41.1247694,-8.6595002,,good,False,,55,True,https://www.idealista.pt/imovel/34371500/,2,4.918170765788482,64.4,674912.0,0.8,0
34551466,349000.0,119.0,2933.0,4,3,Barrosa - Devesas - Telheira do Meio,Santa Marinha e São Pedro da Afurada,,41.1251246,-8.6221433,bj,good,False,False,21,True,https://www.idealista.pt/imovel/34551466/,7,2.879814318056869,23.8,349027.0,0.6,1
34179950,390000.0,100.0,3900.0,2,2,Santo Ovídio - Cedro - Monte da Virgem,Mafamude e Vilar do Paraíso,,41.1152375,-8.6018201,,good,False,True,29,True,https://www.idealista.pt/imovel/34179950/,7,3.895874141495201,33.333333333333336,390000.0,0.6666666666666666,0
33792884,665000.0,145.0,4586.0,3,2,Pinhais da Foz,Aldoar - Foz do Douro - Nevogilde,,41.1553454,-8.667046,7,good,False,True,27,True,https://www.idealista.pt/imovel/33792884/,0,4.744061704010817,36.25,664970.0,0.5,0
34514645,360000.0,99.0,3636.0,3,2,Marquês,Cedofeita - Santo Ildefonso - Sé - Miragaia - São Nicolau - Vitória,,41.1625275,-8.6066301,4,good,False,True,33,True,https://www.idealista.pt/imovel/34514645/,6,1.481255777681801,24.75,359964.0,0.5,1
33905467,455000.0,80.0,5688.0,1,1,Foz Velha,Aldoar - Foz do Douro - Nevogilde,,41.1509297,-8.6730826,1,good,False,False,26,True,https://www.idealista.pt/imovel/33905467/,0,5.20854025626372,40.0,455040.0,0.5,0
34613047,635000.0,138.0,4601.0,3,3,Campo 24 de Agosto,Bonfim,,41.1520521,-8.60152,,good,False,,52,True,https://www.idealista.pt/imovel/34613047/,6,0.831349107698934,34.5,634938.0,0.75,1
34566955,595000.0,120.0,4958.0,3,3,Campo Alegre,Lordelo do Ouro e Massarelos,,41.1575918,-8.6445758,6,good,False,True,38,True,https://www.idealista.pt/imovel/34566955/,1,2.9562007853824688,30.0,594960.0,0.75,1
34678732,1290000.0,281.0,4591.0,4,5,Cooperativa dos Arquitectos - Fonte da Moura - Pedra Verde,Aldoar - Foz do Douro - Nevogilde,,41.1683825,-8.6615212,,good,False,,28,True,https://www.idealista.pt/imovel/34678732/,0,4.724550419560158,56.2,1290071.0,1.0,0
34548341,695000.0,195.0,3564.0,3,4,Baixa,Cedofeita - Santo Ildefonso - Sé - Miragaia - São Nicolau - Vitória,Santa Catarina,41.1492808,-8.6026873,,good,False,,24,True,https://www.idealista.pt/imovel/34548341/,6,0.6885591900123103,48.75,694980.0,1.0,1
34485294,355000.0,165.0,2152.0,3,2,Parque da Lavandeira - Sardão,Oliveira do Douro,,41.1171947,-8.5933987,,good,False,,45,True,https://www.idealista.pt/imovel/34485294/,7,3.890009275305976,41.25,355080.0,0.5,0
34693656,399000.0,123.0,3244.0,3,2,Antas - Estádio do Dragão,Campanhã,,41.1587993,-8.592338,bj,good,False,False,30,True,https://www.idealista.pt/imovel/34693656/,6,1.8605085779558432,30.75,399012.0,0.5,1
33824866,285000.0,60.0,4750.0,2,1,Centro Histórico,Cedofeita - Santo Ildefonso - Sé - Miragaia - São Nicolau - Vitória,Ferreira Borges - Comércio do Porto,41.1422122,-8.616083,2,good,False,False,18,True,https://www.idealista.pt/imovel/33824866/,1,0.9290793839055949,20.0,285000.0,0.3333333333333333,1
34431739,445000.0,150.0,2967.0,3,2,Hospital São João - Pólo Universitário,Paranhos,,41.1740505,-8.5892112,1,good,False,True,27,True,https://www.idealista.pt/imovel/34431739/,3,3.2692945422818163,37.5,445050.0,0.5,0
34305651,730000.0,225.0,3244.0,3,3,Monte dos Burgos - Carvalhido,Paranhos,,41.1665006,-8.6184021,,good,False,,31,True,https://www.idealista.pt/imovel/34305651/,1,1.9814351465632445,56.25,729900.0,0.75,1
32098528,355000.0,112.0,3170.0,2,2,Igreja do Bonfim - Lomba,Bonfim,,41.1534453,-8.5952621,2,good,False,False,31,True,https://www.idealista.pt/imovel/32098528/,6,1.3773573450675625,37.333333333333336,355040.0,0.6666666666666666,1
34488475,545000.0,112.0,4866.0,3,2,Foz,Aldoar - Foz do Douro - Nevogilde,,41.156629,-8.6719961,6,good,False,True,43,True,https://www.idealista.pt/imovel/34488475/,0,5.174615429187718,28.0,544992.0,0.5,0
34355445,287500.0,79.0,3639.0,3,1,Hospital São João - Pólo Universitário,Paranhos,,41.1856323,-8.6038379,,good,False,,25,True,https://www.idealista.pt/imovel/34355445/,3,4.049983064588748,19.75,287481.0,0.25,0
34393307,495000.0,154.0,3214.0,3,2,Baixa,Cedofeita - Santo Ildefonso - Sé - Miragaia - São Nicolau - Vitória,Bairro das Artes,41.1507376,-8.6191113,2,good,False,False,28,True,https://www.idealista.pt/imovel/34393307/,1,0.6990589007004824,38.5,494956.0,0.5,1
32541220,417500.0,117.0,3568.0,2,2,Baixa,Cedofeita - Santo Ildefonso - Sé - Miragaia - São Nicolau - Vitória,Bolhão,41.1491491,-8.6074523,3,good,False,False,18,True,https://www.idealista.pt/imovel/32541220/,6,0.2929955617047197,39.0,417456.0,0.6666666666666666,1
34526060,348500.0,143.0,2437.0,4,3,Barrosa - Devesas - Telheira do Meio,Santa Marinha e São Pedro da Afurada,,41.1268584,-8.6218308,bj,good,False,True,21,True,https://www.idealista.pt/imovel/34526060/,7,2.689332416421537,28.6,348491.0,0.6,1
34604304,342000.0,78.0,4385.0,2,1,Hospital São João - Pólo Universitário,Paranhos,,41.1853671,-8.6056847,3,good,False,True,21,True,https://www.idealista.pt/imovel/34604304/,5,4.001007719011795,26.0,342030.0,0.3333333333333333,0
34539270,250000.0,52.0,4808.0,1,1,Monte dos Burgos - Carvalhido,Paranhos,,41.1693944,-8.6189128,5,good,False,True,18,True,https://www.idealista.pt/imovel/34539270/,1,2.300986830822787,26.0,250016.0,0.5,1
33900150,235000.0,77.0,3052.0,0,2,Campo 24 de Agosto,Bonfim,,41.149328,-8.6011881,bj,good,False,False,18,True,https://www.idealista.pt/imovel/33900150/,6,0.8137327600889982,77.0,235004.0,2.0,1
34622057,898000.0,139.0,6460.0,3,2,Foz Velha,Aldoar - Foz do Douro - Nevogilde,,41.151518,-8.6686136,4,good,False,True,33,True,https://www.idealista.pt/imovel/34622057/,0,4.836942052486776,34.75,897940.0,0.5,0
34191000,1400000.0,240.0,5833.0,4,4,Foz Velha,Aldoar - Foz do Douro - Nevogilde,,41.1543424,-8.6763035,,good,False,,25,True,https://www.idealista.pt/imovel/34191000/,0,5.501311152035756,48.0,1399920.0,0.8,0
33397702,850000.0,120.0,7083.0,2,2,Foz,Aldoar - Foz do Douro - Nevogilde,,41.1568066,-8.6814176,1,good,False,True,34,True,https://www.idealista.pt/imovel/33397702/,0,5.958184899401051,40.0,849960.0,0.6666666666666666,0
32768366,630000.0,194.0,3247.0,3,3,Sampaio-Alumiara-Verdinho,Canidelo,,41.1411667,-8.649981,1,good,False,True,50,True,https://www.idealista.pt/imovel/32768366/,2,3.404135947426823,48.5,629918.0,0.75,0
34327758,850000.0,194.0,4381.0,3,3,Sampaio-Alumiara-Verdinho,Canidelo,,41.1397966,-8.6531819,3,good,False,True,19,True,https://www.idealista.pt/imovel/34327758/,2,3.704506330488184,48.5,849914.0,0.75,0
34379605,365000.0,99.0,3687.0,3,3,Centro de Ramalde - Pereiró,Ramalde,,41.1709052,-8.6533247,1,good,False,False,24,True,https://www.idealista.pt/imovel/34379605/,0,4.269215883129505,24.75,365013.0,0.75,0
33916548,970000.0,348.0,2787.0,4,4,Boavista,Cedofeita - Santo Ildefonso - Sé - Miragaia - São Nicolau - Vitória,Casa da Música,41.1587746,-8.6253644,4,good,False,True,43,True,https://www.idealista.pt/imovel/33916548/,1,1.5834399005413586,69.6,969876.0,0.8,1
34147012,475000.0,224.0,2121.0,4,2,Coimbrões,Santa Marinha e São Pedro da Afurada,,41.1285352,-8.6327232,,good,False,,42,True,https://www.idealista.pt/imovel/34147012/,2,2.970897604245414,44.8,475104.0,0.4,1
33745147,1850000.0,578.0,3201.0,5,4,Lavadores,Canidelo,,41.1287342,-8.6660697,4,good,False,True,44,True,https://www.idealista.pt/imovel/33745147/,2,5.169913916885638,96.33333333333333,1850178.0,0.6666666666666666,0
34354310,875000.0,238.0,3676.0,3,3,Parque da Cidade - Vilarinha - António Aroso,Aldoar - Foz do Douro - Nevogilde,,41.1675677,-8.6702097,2,good,False,True,21,True,https://www.idealista.pt/imovel/34354310/,0,5.35215468914395,59.5,874888.0,0.75,0
34106854,832000.0,188.0,4426.0,4,3,Pinhais da Foz,Aldoar - Foz do Douro - Nevogilde,,41.1482127,-8.6627608,1,good,False,True,42,True,https://www.idealista.pt/imovel/34106854/,0,4.345044015314467,37.6,832088.0,0.6,0
33596992,645000.0,220.0,2932.0,4,3,Bessa Leite,Lordelo do Ouro e Massarelos,,41.1618063,-8.6415947,10,good,False,True,18,True,https://www.idealista.pt/imovel/33596992/,1,2.9062142979112306,44.0,645040.0,0.6,1
34551789,369500.0,98.0,3770.0,2,2,Parque da Lavandeira - Sardão,Oliveira do Douro,,41.1189213,-8.5969217,3,good,False,True,45,True,https://www.idealista.pt/imovel/34551789/,7,3.6065954418013217,32.666666666666664,369460.0,0.6666666666666666,0
34076528,775000.0,145.0,5345.0,3,3,Lavadores,Canidelo,,41.1320945,-8.6663158,4,good,False,True,22,True,https://www.idealista.pt/imovel/34076528/,2,5.0322477776949155,36.25,775025.0,0.75,0
34566213,420000.0,231.0,1818.0,3,2,Lavadores,Canidelo,,41.130098,-8.6565842,,good,False,,53,True,https://www.idealista.pt/imovel/34566213/,2,4.397524012247795,57.75,419958.0,0.5,0
34560059,750000.0,334.0,2246.0,0,0,Boavista,Cedofeita - Santo Ildefonso - Sé - Miragaia - São Nicolau - Vitória,Casa da Música,41.1590921,-8.634202,,renew,False,,38,True,https://www.idealista.pt/imovel/34560059/,1,2.2181280036190296,334.0,750164.0,0.0,1
34478323,825000.0,213.0,3873.0,4,4,Salgueiros,Canidelo,,41.1154085,-8.660529,,good,False,,41,True,https://www.idealista.pt/imovel/34478323/,2,5.633018129736075,42.6,824949.0,0.8,0
34232054,480000.0,253.0,1897.0,5,4,Câmara de Gaia - Aviadores - Quinta das Pedras,Mafamude e Vilar do Paraíso,,41.1290715,-8.6066815,6,good,False,True,28,True,https://www.idealista.pt/imovel/34232054/,7,2.309839171948255,42.166666666666664,479941.0,0.6666666666666666,1
33342526,1350000.0,307.0,4397.0,4,5,Matosinhos Sul - Marginal,Matosinhos e Leça da Palmeira,,41.173015,-8.6814418,,good,False,True,24,True,https://www.idealista.pt/imovel/33342526/,0,6.453837135723653,61.4,1349879.0,1.0,0
34235471,865000.0,284.0,3046.0,4,5,Areosa - Fernão de Magalhães,Paranhos,,41.1724573,-8.5844673,,good,False,,36,True,https://www.idealista.pt/imovel/34235471/,3,3.3699106660191536,56.8,865064.0,1.0,0
34577795,490000.0,214.0,2290.0,4,4,Sampaio-Alumiara-Verdinho,Canidelo,,41.1323476,-8.6384465,2,good,False,True,61,True,https://www.idealista.pt/imovel/34577795/,2,3.000210542409503,42.8,490060.0,0.8,0
33891619,1050000.0,256.0,4102.0,3,3,Pinhais da Foz,Aldoar - Foz do Douro - Nevogilde,,41.1526272,-8.6694217,,good,False,True,26,True,https://www.idealista.pt/imovel/33891619/,0,4.911405542393851,64.0,1050112.0,0.75,0
33224311,550000.0,303.0,1815.0,4,5,Monte dos Burgos - Carvalhido,Paranhos,,41.1690857,-8.6227206,,good,False,,31,True,https://www.idealista.pt/imovel/33224311/,1,2.3819965578496842,60.6,549945.0,1.0,1
34386281,350000.0,80.0,4375.0,2,2,Cooperativa dos Arquitectos - Fonte da Moura - Pedra Verde,Aldoar - Foz do Douro - Nevogilde,,41.1720543,-8.6656279,4,good,False,True,54,True,https://www.idealista.pt/imovel/34386281/,0,5.217708602971971,26.666666666666668,350000.0,0.6666666666666666,0
34581275,365000.0,135.0,2704.0,3,2,Cooperativa dos Arquitectos - Fonte da Moura - Pedra Verde,Aldoar - Foz do Douro - Nevogilde,,41.1729512,-8.6587734,1,good,False,,29,True,https://www.idealista.pt/imovel/34581275/,0,4.775303170391317,33.75,365040.0,0.5,0
34572240,950000.0,298.0,3188.0,3,3,Areosa - Fernão de Magalhães,Paranhos,,41.1709839,-8.5874321,,good,False,,16,True,https://www.idealista.pt/imovel/34572240/,3,3.084412223392951,74.5,950024.0,0.75,0
33673048,550000.0,285.0,1930.0,4,2,Cooperativa dos Arquitectos - Fonte da Moura - Pedra Verde,Aldoar - Foz do Douro - Nevogilde,,41.1726932,-8.6624909,,good,False,,21,True,https://www.idealista.pt/imovel/33673048/,0,5.024612345110384,57.0,550050.0,0.4,0
33685866,450000.0,168.0,2679.0,3,3,Praça do Marquês - Lima,Bonfim,,41.1648906,-8.5992378,1,good,False,True,38,True,https://www.idealista.pt/imovel/33685866/,6,1.9606298015188806,42.0,450072.0,0.75,1
34580454,1150000.0,199.0,5779.0,3,4,Serralves,Lordelo do Ouro e Massarelos,,41.1574026,-8.6511763,4,good,False,True,36,True,https://www.idealista.pt/imovel/34580454/,0,3.48192377499598,49.75,1150021.0,1.0,0
34594196,740000.0,209.0,3541.0,4,3,Boavista,Cedofeita - Santo Ildefonso - Sé - Miragaia - São Nicolau - Vitória,Casa da Música,41.1643996,-8.6311989,6,good,False,True,32,True,https://www.idealista.pt/imovel/34594196/,1,2.36561850688465,41.8,740069.0,0.6,1
34321869,750000.0,194.0,3866.0,3,2,Pinhais da Foz,Aldoar - Foz do Douro - Nevogilde,,41.155149,-8.6700957,3,good,False,True,16,True,https://www.idealista.pt/imovel/34321869/,0,4.9944540590151325,48.5,750004.0,0.5,0
34567569,1200000.0,268.0,4478.0,4,4,Bessa Leite,Lordelo do Ouro e Massarelos,,41.1601448,-8.648381,17,good,False,True,71,True,https://www.idealista.pt/imovel/34567569/,0,3.3499041240424936,53.6,1200104.0,0.8,0
34337607,550000.0,104.0,5288.0,2,2,Lavadores,Canidelo,,41.1298898,-8.6666712,,good,False,True,32,True,https://www.idealista.pt/imovel/34337607/,2,5.159054004756783,34.666666666666664,549952.0,0.6666666666666666,0
34071327,1250000.0,268.0,4664.0,3,3,Afurada - Arrábida - Cavaco,Santa Marinha e São Pedro da Afurada,,41.1415202,-8.6439296,,good,False,True,63,True,https://www.idealista.pt/imovel/34071327/,2,2.907977123166509,67.0,1249952.0,0.75,1
34554132,255000.0,53.0,4811.0,1,1,Contumil - Nicolau Nasoni,Campanhã,,41.1699751,-8.5779379,,renew,False,True,13,True,https://www.idealista.pt/imovel/34554132/,3,3.5703767283345385,26.5,254983.0,0.5,0
34323406,1250000.0,470.0,2660.0,4,3,Sampaio-Alumiara-Verdinho,Canidelo,,41.1292209,-8.6501765,,good,False,,83,True,https://www.idealista.pt/imovel/34323406/,2,3.9941403247442504,94.0,1250200.0,0.6,0
34586915,1300000.0,370.0,3514.0,3,5,Centro de Ramalde - Pereiró,Ramalde,,41.1694449,-8.6498334,,good,False,,34,True,https://www.idealista.pt/imovel/34586915/,0,3.9360867208041155,92.5,1300180.0,1.25,0
34633870,345000.0,111.0,3108.0,3,2,Monte dos Burgos - Carvalhido,Paranhos,,41.1663494,-8.6232185,1,good,False,True,14,True,https://www.idealista.pt/imovel/34633870/,1,2.1289112603340206,27.75,344988.0,0.5,1
34277289,247000.0,61.0,4049.0,1,1,Lapa - Bouça,Cedofeita - Santo Ildefonso - Sé - Miragaia - São Nicolau - Vitória,,41.1584213,-8.6179199,,good,False,,27,True,https://www.idealista.pt/imovel/34277289/,1,1.1434859667641828,30.5,246989.0,0.5,1
28628825,1015000.0,258.0,3934.0,3,3,Pinhais da Foz,Aldoar - Foz do Douro - Nevogilde,,41.151606,-8.667425,,good,False,True,17,True,https://www.idealista.pt/imovel/28628825/,0,4.737969319683967,64.5,1014972.0,0.75,0
31020441,610000.0,110.0,5545.0,3,3,Camões - Gonçalo Cristóvão - Faria Guimarães,Cedofeita - Santo Ildefonso - Sé - Miragaia - São Nicolau - Vitória,,41.1566982,-8.6090502,3,good,False,True,26,True,https://www.idealista.pt/imovel/31020441/,6,0.8043350267203426,27.5,609950.0,0.75,1
34543292,440000.0,189.0,2328.0,7,2,Contumil - Nicolau Nasoni,Campanhã,,41.1747752,-8.5732161,,good,False,,72,True,https://www.idealista.pt/imovel/34543292/,3,4.217594030783873,23.625,439992.0,0.25,0
34391247,365000.0,131.0,2786.0,2,2,Praia,Madalena,,41.1059462,-8.6618449,bj,good,False,True,32,True,https://www.idealista.pt/imovel/34391247/,2,6.462918338606472,43.666666666666664,364966.0,0.6666666666666666,0
32438865,970000.0,257.0,3774.0,3,3,Fluvial,Lordelo do Ouro e Massarelos,,41.1561853,-8.6582956,,good,False,True,16,True,https://www.idealista.pt/imovel/32438865/,0,4.0351881437984,64.25,969918.0,0.75,0
34385846,595000.0,118.0,5042.0,1,2,Sampaio-Alumiara-Verdinho,Canidelo,,41.1422991,-8.6474496,,good,False,False,31,True,https://www.idealista.pt/imovel/34385846/,2,3.166279437196877,59.0,594956.0,1.0,0
34462072,460000.0,252.0,1825.0,4,3,Parque da Lavandeira - Sardão,Oliveira do Douro,,41.1150192,-8.5907815,,good,False,,21,True,https://www.idealista.pt/imovel/34462072/,7,4.198176624924949,50.4,459900.0,0.6,0
34480543,310000.0,96.0,3229.0,1,1,Paniceiro-Viso-Meiral,Canidelo,,41.1239006,-8.6409048,,good,False,True,12,True,https://www.idealista.pt/imovel/34480543/,2,3.8052758071573414,48.0,309984.0,0.5,0
32970655,1850000.0,578.0,3201.0,5,5,Lavadores,Canidelo,,41.1315082,-8.6673958,4,good,False,True,71,True,https://www.idealista.pt/imovel/32970655/,2,5.140945857494027,96.33333333333333,1850178.0,0.8333333333333334,0
34101490,285000.0,77.0,3701.0,2,1,Lapa - Bouça,Cedofeita - Santo Ildefonso - Sé - Miragaia - São Nicolau - Vitória,,41.1610306,-8.614455,,good,False,,31,True,https://www.idealista.pt/imovel/34101490/,1,1.305407257114884,25.666666666666668,284977.0,0.3333333333333333,1
34688290,320000.0,48.0,6667.0,1,1,Baixa,Cedofeita - Santo Ildefonso - Sé - Miragaia - São Nicolau - Vitória,Trindade,41.1531194,-8.6120654,1,good,False,True,23,True,https://www.idealista.pt/imovel/34688290/,1,0.4033205712649798,24.0,320016.0,0.5,1
34149944,870000.0,390.0,2231.0,8,4,Francos - Casa da Música - Pedro Hispano,Ramalde,,41.1621817,-8.6344065,,good,False,,44,True,https://www.idealista.pt/imovel/34149944/,1,2.4145896909020195,43.333333333333336,870090.0,0.4444444444444444,1
34714039,840000.0,349.0,2407.0,4,4,Paniceiro-Viso-Meiral,Canidelo,,41.1237794,-8.6460939,,good,False,,42,True,https://www.idealista.pt/imovel/34714039/,2,4.114621170226098,69.8,840043.0,0.8,0
34708338,275000.0,100.0,2750.0,2,2,Paniceiro-Viso-Meiral,Canidelo,,41.1233445,-8.654427,2,good,False,False,22,True,https://www.idealista.pt/imovel/34708338/,2,4.670212639969836,33.333333333333336,275000.0,0.6666666666666666,0
34704906,220000.0,50.0,4400.0,1,1,Baixa,Cedofeita - Santo Ildefonso - Sé - Miragaia - São Nicolau - Vitória,Cedofeita,41.1544291,-8.6203895,4,good,False,True,19,True,https://www.idealista.pt/imovel/34704906/,1,0.9589564386904158,25.0,220000.0,0.5,1
34235786,295000.0,121.0,2438.0,2,2,Candal - Regadas,Santa Marinha e São Pedro da Afurada,,41.1352164,-8.6291318,4,good,False,True,23,True,https://www.idealista.pt/imovel/34235786/,1,2.211072075518779,40.333333333333336,294998.0,0.6666666666666666,1
34664782,830000.0,225.0,3689.0,3,2,Igreja do Bonfim - Lomba,Bonfim,,41.1494929,-8.589108,,good,False,False,54,True,https://www.idealista.pt/imovel/34664782/,6,1.8246652461796629,56.25,830025.0,0.5,1
34381757,218000.0,62.0,3516.0,2,1,ESMAE - Doze Casas,Bonfim,,41.1581961,-8.6026089,4,good,False,False,19,False,https://www.idealista.pt/imovel/34381757/,6,1.1813105962753123,20.666666666666668,217992.0,0.3333333333333333,1
34238615,495000.0,266.0,1861.0,3,1,Laborim - Rechousa - Alto das Torres,Mafamude e Vilar do Paraíso,,41.1022077,-8.6037494,,good,False,,39,False,https://www.idealista.pt/imovel/34238615/,7,5.303709366096133,66.5,495026.0,0.25,0
34696451,315000.0,156.0,2019.0,3,3,Quinta das Rosas - Rasa de Baixo,Mafamude e Vilar do Paraíso,,41.1135755,-8.6163142,2,good,False,True,25,True,https://www.idealista.pt/imovel/34696451/,7,4.031325285627672,39.0,314964.0,0.75,0
34632211,850000.0,225.0,3778.0,4,4,Centro Histórico,Santa Marinha e São Pedro da Afurada,,41.1354,-8.6081661,9,good,False,True,66,True,https://www.idealista.pt/imovel/34632211/,7,1.5954778561444267,45.0,850050.0,0.8,1
33823617,300000.0,53.0,5660.0,1,2,Baixa,Cedofeita - Santo Ildefonso - Sé - Miragaia - São Nicolau - Vitória,Santa Catarina,41.1509291,-8.6041761,3,good,False,False,25,False,https://www.idealista.pt/imovel/33823617/,6,0.5820555650743063,26.5,299980.0,1.0,1
33956540,390000.0,146.0,2671.0,2,2,Santo Ovídio - Cedro - Monte da Virgem,Mafamude e Vilar do Paraíso,,41.1164763,-8.6011845,bj,good,False,True,43,False,https://www.idealista.pt/imovel/33956540/,7,3.771993824275913,48.666666666666664,389966.0,0.6666666666666666,0
34501033,318500.0,150.0,2123.0,3,3,Crastro - Vila Chã,Gulpilhares e Valadares,,41.0920417,-8.6400578,2,good,False,True,36,False,https://www.idealista.pt/imovel/34501033/,2,6.850393974417822,37.5,318450.0,0.75,0
34499368,290000.0,124.0,2339.0,2,2,Coimbrões,Santa Marinha e São Pedro da Afurada,,41.1244558,-8.6315596,4,good,False,True,20,True,https://www.idealista.pt/imovel/34499368/,7,3.287930766802989,41.333333333333336,290036.0,0.6666666666666666,0
34234562,235000.0,61.0,3852.0,1,1,Santos Pousada,Bonfim,,41.1552804,-8.5995451,bj,good,False,False,22,False,https://www.idealista.pt/imovel/34234562/,6,1.1413933093749138,30.5,234972.0,0.5,1
34160473,730000.0,225.0,3244.0,3,3,Monte dos Burgos - Carvalhido,Paranhos,,41.1658304,-8.6176932,,good,False,,32,True,https://www.idealista.pt/imovel/34160473/,1,1.8922262433673698,56.25,729900.0,0.75,1
34599283,380000.0,87.0,4368.0,1,2,Santo Ovídio - Cedro - Monte da Virgem,Mafamude e Vilar do Paraíso,,41.1161934,-8.6016183,3,good,False,True,20,True,https://www.idealista.pt/imovel/34599283/,7,3.7951087992739847,43.5,380016.0,1.0,0
34642225,438457.0,149.0,2943.0,3,3,Santo Ovídio - Cedro - Monte da Virgem,Mafamude e Vilar do Paraíso,,41.1184612,-8.6066184,2,good,False,True,24,True,https://www.idealista.pt/imovel/34642225/,7,3.4809946093952755,37.25,438507.0,0.75,0
34387348,450000.0,211.0,2133.0,2,3,Coimbrões,Santa Marinha e São Pedro da Afurada,,41.1231447,-8.6325861,,good,False,,36,True,https://www.idealista.pt/imovel/34387348/,2,3.4571487450433427,70.33333333333333,450063.0,1.0,0
33356253,780000.0,223.0,3498.0,2,3,Centro Histórico,Santa Marinha e São Pedro da Afurada,,41.1423723,-8.6243532,bj,good,False,True,42,True,https://www.idealista.pt/imovel/33356253/,1,1.3837916752654296,74.33333333333333,780054.0,1.0,1
34201240,795000.0,281.0,2829.0,4,4,Salgueiros,Canidelo,,41.1188959,-8.6603219,2,good,False,True,33,True,https://www.idealista.pt/imovel/34201240/,2,5.3654304740030145,56.2,794949.0,0.8,0
34659087,225000.0,50.0,4500.0,0,1,Liceu - Paço do Rei,Mafamude e Vilar do Paraíso,,41.126557,-8.5991131,bj,good,False,True,18,True,https://www.idealista.pt/imovel/34659087/,7,2.7458200037576774,50.0,225000.0,1.0,1
34173870,219000.0,56.0,3911.0,2,1,Centro Histórico,Santa Marinha e São Pedro da Afurada,,41.1371236,-8.6103307,1,good,False,False,18,True,https://www.idealista.pt/imovel/34173870/,7,1.3881311974386672,18.666666666666668,219016.0,0.3333333333333333,1
34643630,750000.0,300.0,2500.0,3,3,Praia de Valadares,Gulpilhares e Valadares,,41.0957401,-8.6480097,,good,False,,44,True,https://www.idealista.pt/imovel/34643630/,2,6.747583247354508,75.0,750000.0,0.75,0
34674425,250000.0,43.0,5814.0,0,1,Baixa,Cedofeita - Santo Ildefonso - Sé - Miragaia - São Nicolau - Vitória,Batalha - Poveiros,41.1468542,-8.6027974,4,good,False,True,23,False,https://www.idealista.pt/imovel/34674425/,6,0.7439741113733338,43.0,250002.0,1.0,1
33933903,825000.0,168.0,4911.0,3,3,Salgueiros,Canidelo,,41.1097917,-8.6609626,,good,False,True,31,False,https://www.idealista.pt/imovel/33933903/,2,6.097107882014641,42.0,825048.0,0.75,0
34466642,575000.0,93.0,6183.0,2,2,Lavadores,Canidelo,,41.1357562,-8.6662558,,good,False,True,26,False,https://www.idealista.pt/imovel/34466642/,2,4.8843004324466985,31.0,575019.0,0.6666666666666666,0
33863450,660000.0,155.0,4258.0,3,3,Salgueiros,Canidelo,,41.1214522,-8.6627926,,good,False,True,28,False,https://www.idealista.pt/imovel/33863450/,2,5.3556207059116385,38.75,659990.0,0.75,0
33849450,349000.0,137.0,2547.0,3,3,Barrosa - Devesas - Telheira do Meio,Santa Marinha e São Pedro da Afurada,,41.1271543,-8.6158124,,good,False,True,38,False,https://www.idealista.pt/imovel/33849450/,7,2.5295239941063232,34.25,348939.0,0.75,1
34375179,595000.0,83.0,7169.0,1,2,Sampaio-Alumiara-Verdinho,Canidelo,,41.1397763,-8.6523144,,good,False,True,21,False,https://www.idealista.pt/imovel/34375179/,2,3.6358229115460787,41.5,595027.0,1.0,0
34381155,266000.0,68.0,3912.0,2,2,Câmara de Gaia - Aviadores - Quinta das Pedras,Mafamude e Vilar do Paraíso,,41.1320306,-8.6049697,bj,good,False,False,20,True,https://www.idealista.pt/imovel/34381155/,7,2.0157578583017224,22.666666666666668,266016.0,0.6666666666666666,1
33462612,950000.0,321.0,2960.0,3,4,Praia,Madalena,,41.1100509,-8.6589221,,good,False,,52,True,https://www.idealista.pt/imovel/33462612/,2,5.959561628380996,80.25,950160.0,1.0,0
34512247,575000.0,184.0,3125.0,3,3,Praia,Madalena,,41.1077608,-8.6566512,,good,False,True,56,True,https://www.idealista.pt/imovel/34512247/,2,6.0272414760090305,46.0,575000.0,0.75,0
32878063,349500.0,171.0,2044.0,3,3,Estação,Campanhã,,41.1458979,-8.5890934,,good,False,,25,True,https://www.idealista.pt/imovel/32878063/,6,1.8717281738586478,42.75,349524.0,0.75,1
34385245,870000.0,235.0,3702.0,3,4,Serralves,Lordelo do Ouro e Massarelos,,41.1581857,-8.6546087,,good,False,True,19,False,https://www.idealista.pt/imovel/34385245/,0,3.781931850525664,58.75,869970.0,1.0,0
33961877,765000.0,195.0,3923.0,4,3,Lavadores,Canidelo,,41.1314454,-8.6565171,,good,False,,42,True,https://www.idealista.pt/imovel/33961877/,2,4.32060288972169,39.0,764985.0,0.6,0
34516790,1975000.0,367.0,5381.0,5,5,Pinheiro Manso,Ramalde,,41.1672719,-8.6523081,,good,False,,39,True,https://www.idealista.pt/imovel/34516790/,0,3.984798017596445,61.166666666666664,1974827.0,0.8333333333333334,0
34589334,950000.0,206.0,4612.0,4,5,Salgueiros,Canidelo,,41.115162,-8.6581939,1,good,False,True,50,True,https://www.idealista.pt/imovel/34589334/,2,5.509322141591664,41.2,950072.0,1.0,0
34602334,1500000.0,225.0,6667.0,4,4,Pinhais da Foz,Aldoar - Foz do Douro - Nevogilde,,41.1540494,-8.668043,6,good,False,True,42,False,https://www.idealista.pt/imovel/34602334/,0,4.8098834467603755,45.0,1500075.0,0.8,0
33964091,1450000.0,349.0,4155.0,4,3,Lapa - Bouça,Cedofeita - Santo Ildefonso - Sé - Miragaia - São Nicolau - Vitória,,41.1596075,-8.6108087,,good,False,,39,False,https://www.idealista.pt/imovel/33964091/,1,1.112809481615559,69.8,1450095.0,0.6,1
34394762,510000.0,130.0,3923.0,3,3,Arca d'Água - Campo Lindo - Vale Formoso,Paranhos,,41.1693339,-8.6157958,3,good,False,True,32,False,https://www.idealista.pt/imovel/34394762/,1,2.2322587455041645,32.5,509990.0,0.75,1
34519657,380000.0,100.0,3800.0,2,2,Antas - Praça Velásquez,Bonfim,,41.1602806,-8.5942106,5,good,False,True,27,False,https://www.idealista.pt/imovel/34519657/,6,1.833804409894983,33.333333333333336,380000.0,0.6666666666666666,1
34629432,695000.0,156.0,4455.0,3,3,Serralves,Lordelo do Ouro e Massarelos,,41.1578541,-8.6495911,1,good,False,True,45,True,https://www.idealista.pt/imovel/34629432/,0,3.366880651907204,39.0,694980.0,0.75,0
34182216,395000.0,168.0,2351.0,3,2,Quinta Seca - Azenha de Cima,São Mamede de Infesta e Senhora da Hora,,41.1789787,-8.6592097,2,good,False,True,35,True,https://www.idealista.pt/imovel/34182216/,0,5.1986392173761615,42.0,394968.0,0.5,0
34550805,519000.0,97.0,5351.0,0,1,Baixa,Cedofeita - Santo Ildefonso - Sé - Miragaia - São Nicolau - Vitória,Praça da República,41.1530142,-8.6169886,,good,False,False,14,False,https://www.idealista.pt/imovel/34550805/,1,0.635612540367897,97.0,519047.0,1.0,1
34380861,524500.0,208.0,2522.0,3,3,Lapa - Bouça,Cedofeita - Santo Ildefonso - Sé - Miragaia - São Nicolau - Vitória,,41.1609357,-8.6159098,7,good,False,True,39,True,https://www.idealista.pt/imovel/34380861/,1,1.3284245940055373,52.0,524576.0,0.75,1
34450917,830000.0,273.0,3040.0,4,3,Fontaínhas - Duques,Bonfim,,41.1447373,-8.5976213,,good,False,,16,True,https://www.idealista.pt/imovel/34450917/,6,1.2363601036546155,54.6,829920.0,0.6,1
34423661,575000.0,186.0,3091.0,3,3,Prelada - Monte dos Burgos,Ramalde,Parque da Prelada,41.1776027,-8.6326927,4,good,False,True,28,True,https://www.idealista.pt/imovel/34423661/,5,3.6088138715811335,46.5,574926.0,0.75,0
34367530,999000.0,371.0,2693.0,3,3,Montes Caulinos,São Mamede de Infesta e Senhora da Hora,,41.1837265,-8.6380941,7,good,False,True,20,True,https://www.idealista.pt/imovel/34367530/,5,4.425092913380286,92.75,999103.0,0.75,0
34504431,729500.0,213.0,3425.0,3,3,Bessa Leite,Lordelo do Ouro e Massarelos,,41.1573024,-8.6443,1,good,False,True,34,False,https://www.idealista.pt/imovel/34504431/,1,2.924606631610945,53.25,729525.0,0.75,1
34375752,1490000.0,342.0,4357.0,3,4,Foz,Aldoar - Foz do Douro - Nevogilde,,41.1565695,-8.6763791,bj,good,False,True,33,True,https://www.idealista.pt/imovel/34375752/,0,5.536720266721329,85.5,1490094.0,1.0,0
34594362,295000.0,126.0,2341.0,3,2,Sampaio-Alumiara-Verdinho,Canidelo,,41.1387016,-8.6420366,1,good,False,True,57,True,https://www.idealista.pt/imovel/34594362/,2,2.875127786057697,31.5,294966.0,0.5,1
33859026,700000.0,203.0,3448.0,4,3,Pinheiro Manso,Ramalde,,41.1657946,-8.6465297,,good,False,True,36,True,https://www.idealista.pt/imovel/33859026/,0,3.4842888745544642,40.6,699944.0,0.6,0
34627666,320000.0,116.0,2759.0,2,2,Barranha - Vasco da Gama,São Mamede de Infesta e Senhora da Hora,,41.187247,-8.6624381,1,good,False,True,38,False,https://www.idealista.pt/imovel/34627666/,0,6.011197384761953,38.666666666666664,320044.0,0.6666666666666666,0
34543537,800000.0,151.0,5298.0,2,3,Cais das Pedras,Lordelo do Ouro e Massarelos,,41.1489647,-8.6379082,,good,False,True,47,False,https://www.idealista.pt/imovel/34543537/,1,2.2624867660201815,50.333333333333336,799998.0,1.0,1
34627953,310000.0,42.0,7381.0,1,1,Baixa,Cedofeita - Santo Ildefonso - Sé - Miragaia - São Nicolau - Vitória,Trindade,41.1526762,-8.6100386,1,good,False,True,31,True,https://www.idealista.pt/imovel/34627953/,6,0.3495786410028982,21.0,310002.0,0.5,1
33798860,995000.0,218.0,4564.0,3,4,Baixa,Cedofeita - Santo Ildefonso - Sé - Miragaia - São Nicolau - Vitória,Cedofeita,41.15508,-8.6199035,bj,good,False,True,21,True,https://www.idealista.pt/imovel/33798860/,1,0.9693065725204875,54.5,994952.0,1.0,1
34502491,895000.0,310.0,2887.0,3,4,Salgueiros,Canidelo,,41.1241423,-8.6559109,,good,False,,60,False,https://www.idealista.pt/imovel/34502491/,2,4.714024607805677,77.5,894970.0,1.0,0
34549406,360000.0,158.0,2278.0,3,3,Paniceiro-Viso-Meiral,Canidelo,,41.1265187,-8.6414397,3,good,False,True,30,False,https://www.idealista.pt/imovel/34549406/,2,3.6232458638241583,39.5,359924.0,0.75,0
33899372,1100000.0,239.0,4603.0,5,5,Agramonte - Bom Sucesso - Guerra Junqueiro,Lordelo do Ouro e Massarelos,,41.1535612,-8.6400718,,good,False,,48,True,https://www.idealista.pt/imovel/33899372/,1,2.4818535943727134,39.833333333333336,1100117.0,0.8333333333333334,1
34574883,1500000.0,274.0,5474.0,5,4,Parque da Cidade - Vilarinha - António Aroso,Aldoar - Foz do Douro - Nevogilde,,41.1650035,-8.6662858,,good,False,,39,True,https://www.idealista.pt/imovel/34574883/,0,4.943087709207439,45.666666666666664,1499876.0,0.6666666666666666,0
34524857,395000.0,128.0,3086.0,2,2,Centro de Matosinhos,Matosinhos e Leça da Palmeira,,41.1802729,-8.6758196,3,good,False,True,27,True,https://www.idealista.pt/imovel/34524857/,0,6.416015623035379,42.666666666666664,395008.0,0.6666666666666666,0
33550417,2150000.0,373.0,5764.0,3,4,Lavadores,Canidelo,,41.1370147,-8.6560675,,good,False,,52,True,https://www.idealista.pt/imovel/33550417/,2,4.0327906218533665,93.25,2149972.0,1.0,0
34089870,560000.0,130.0,4308.0,3,4,Contumil - Nicolau Nasoni,Campanhã,,41.172798,-8.5820273,,good,False,,67,False,https://www.idealista.pt/imovel/34089870/,3,3.5349665445735154,32.5,560040.0,1.0,0
33823091,835000.0,235.0,3553.0,3,4,Paniceiro-Viso-Meiral,Canidelo,,41.1194225,-8.6493937,,good,False,,57,False,https://www.idealista.pt/imovel/33823091/,2,4.653250414394364,58.75,834955.0,1.0,0
34516053,359000.0,185.0,1941.0,4,3,Seara - Freixieiro,Oliveira do Douro,,41.1115382,-8.5781669,6,renew,False,True,24,False,https://www.idealista.pt/imovel/34516053/,4,5.042623929026308,37.0,359085.0,0.6,0
34207459,305000.0,111.0,2748.0,3,2,Seara - Freixieiro,Oliveira do Douro,,41.1123448,-8.5779585,7,renew,False,True,22,False,https://www.idealista.pt/imovel/34207459/,4,4.977231001327541,27.75,305028.0,0.5,0
32373297,300000.0,79.0,3797.0,1,1,Serralves,Lordelo do Ouro e Massarelos,,41.1582189,-8.6494126,4,good,False,True,16,False,https://www.idealista.pt/imovel/32373297/,0,3.363827239100372,39.5,299963.0,0.5,0
33909721,575000.0,125.0,4600.0,3,3,Centro de Ramalde - Pereiró,Ramalde,,41.1745253,-8.6580841,,good,False,,20,False,https://www.idealista.pt/imovel/33909721/,0,4.825302502943839,31.25,575000.0,0.75,0
32663483,1150000.0,305.0,3770.0,4,4,Antas - Praça Velásquez,Bonfim,,41.1619708,-8.5987721,,good,False,,24,False,https://www.idealista.pt/imovel/32663483/,6,1.7097235005023195,61.0,1149850.0,0.8,1
34666520,260000.0,61.0,4262.0,0,1,Boavista,Cedofeita - Santo Ildefonso - Sé - Miragaia - São Nicolau - Vitória,Ramalda Alta,41.1626339,-8.6235326,3,good,False,False,51,True,https://www.idealista.pt/imovel/34666520/,1,1.794163431018565,61.0,259982.0,1.0,1
34630465,324999.0,135.0,2407.0,3,2,Seara - Freixieiro,Oliveira do Douro,,41.1194041,-8.576268,,good,False,,32,True,https://www.idealista.pt/imovel/34630465/,4,4.436874569645878,33.75,324945.0,0.5,0
34424744,850000.0,141.0,6028.0,3,3,Baixa,Cedofeita - Santo Ildefonso - Sé - Miragaia - São Nicolau - Vitória,Bairro das Artes,41.1466085,-8.6181905,5,good,False,True,26,False,https://www.idealista.pt/imovel/34424744/,1,0.6951887437274904,35.25,849948.0,0.75,1
34110409,465000.0,189.0,2460.0,3,2,Campo 24 de Agosto,Bonfim,,41.1520709,-8.6005966,4,good,False,True,52,False,https://www.idealista.pt/imovel/34110409/,6,0.9053741164602267,47.25,464940.0,0.5,1
34607790,1395000.0,318.0,4387.0,5,5,Igreja do Bonfim - Lomba,Bonfim,,41.1494841,-8.593365,,good,False,,49,True,https://www.idealista.pt/imovel/34607790/,6,1.46824790625182,53.0,1395066.0,0.8333333333333334,1
34257647,269000.0,120.0,2242.0,2,2,Centro de Valadares - Penedo - Valadarinho,Gulpilhares e Valadares,,41.0980461,-8.6241707,bj,good,False,False,24,True,https://www.idealista.pt/imovel/34257647/,7,5.839309550109052,40.0,269040.0,0.6666666666666666,0
34372045,249000.0,97.0,2567.0,2,1,Forno,Rio Tinto,,41.1969594,-8.5733408,,good,False,,24,False,https://www.idealista.pt/imovel/34372045/,3,6.133081188594455,32.333333333333336,248999.0,0.3333333333333333,0
34109410,410000.0,118.0,3475.0,2,2,Monte dos Burgos - Carvalhido,Paranhos,,41.1686064,-8.6199486,1,good,False,True,24,False,https://www.idealista.pt/imovel/34109410/,1,2.2450752264097176,39.333333333333336,410050.0,0.6666666666666666,1
34575672,370000.0,80.0,4625.0,3,1,Camões - Gonçalo Cristóvão - Faria Guimarães,Cedofeita - Santo Ildefonso - Sé - Miragaia - São Nicolau - Vitória,,41.1583637,-8.6098563,4,good,False,True,23,True,https://www.idealista.pt/imovel/34575672/,6,0.9783889488543004,20.0,370000.0,0.25,1
32404151,850000.0,230.0,3696.0,3,3,Sampaio-Alumiara-Verdinho,Canidelo,,41.1390812,-8.6540781,3,good,False,True,23,True,https://www.idealista.pt/imovel/32404151/,2,3.8000371698490567,57.5,850080.0,0.75,0
34387166,329000.0,123.0,2675.0,2,2,Coimbrões,Santa Marinha e São Pedro da Afurada,,41.1234389,-8.6218056,5,good,False,True,28,False,https://www.idealista.pt/imovel/34387166/,7,3.0489814421977153,41.0,329025.0,0.6666666666666666,0
31290902,1025000.0,221.0,4638.0,3,3,Batalha - Guindais,Cedofeita - Santo Ildefonso - Sé - Miragaia - São Nicolau - Vitória,,41.1444627,-8.6046196,3,newdevelopment,True,True,55,True,https://www.idealista.pt/empreendimento/31290902/,6,0.7764402268470825,55.25,1024998.0,0.75,1
31290891,765000.0,156.0,4904.0,3,3,Batalha - Guindais,Cedofeita - Santo Ildefonso - Sé - Miragaia - São Nicolau - Vitória,,41.1444627,-8.6046196,1,newdevelopment,True,True,73,True,https://www.idealista.pt/empreendimento/31290891/,6,0.7764402268470825,39.0,765024.0,0.75,1
33959219,525000.0,192.0,2734.0,3,3,Maninho - Baviera,Madalena,,41.1133254,-8.629584,,good,False,,34,True,https://www.idealista.pt/imovel/33959219/,7,4.32645609929559,48.0,524928.0,0.75,0
32830530,445000.0,159.0,2799.0,3,2,Amial,Paranhos,,41.1794425,-8.6197706,1,renew,False,True,31,True,https://www.idealista.pt/imovel/32830530/,5,3.4004025503496704,39.75,445041.0,0.5,0
32859295,412000.0,201.0,2050.0,4,3,Leça do Balio,Custóias - Leça do Balio - Guifões,,41.2025007,-8.6143247,2,renew,False,True,31,True,https://www.idealista.pt/imovel/32859295/,5,5.889268781400918,40.2,412050.0,0.6,0
33875687,355000.0,161.0,2205.0,4,2,Paniceiro-Viso-Meiral,Canidelo,,41.1206885,-8.6355605,4,renew,False,True,26,False,https://www.idealista.pt/imovel/33875687/,2,3.8210343276936647,32.2,355005.0,0.4,0
34569607,635000.0,164.0,3872.0,3,3,Santos Pousada,Bonfim,,41.1561503,-8.6006264,,good,False,,56,False,https://www.idealista.pt/imovel/34569607/,6,1.1271103032264265,41.0,635008.0,0.75,1
33297383,370000.0,134.0,2761.0,3,2,Antas - Praça Velásquez,Bonfim,,41.1602706,-8.5980675,,good,False,,27,False,https://www.idealista.pt/imovel/33297383/,6,1.6006513823315331,33.5,369974.0,0.5,1
34387165,649000.0,229.0,2834.0,4,4,Câmara de Gaia - Aviadores - Quinta das Pedras,Mafamude e Vilar do Paraíso,,41.128912,-8.5968511,,renew,False,True,22,False,https://www.idealista.pt/imovel/34387165/,7,2.5837890780511525,45.8,648986.0,0.8,1
34006423,350000.0,187.0,1872.0,4,4,Pedra Verde,São Mamede de Infesta e Senhora da Hora,,41.1941676,-8.6157272,,good,False,,36,False,https://www.idealista.pt/imovel/34006423/,5,4.972134505160564,37.4,350064.0,0.8,0
34308948,690000.0,161.0,4286.0,3,3,Lavadores,Canidelo,,41.1238877,-8.6665362,2,newdevelopment,True,True,52,True,https://www.idealista.pt/empreendimento/34308948/,2,5.466556566541271,40.25,690046.0,0.75,0
34719944,390000.0,82.0,4756.0,2,2,Sampaio-Alumiara-Verdinho,Canidelo,,41.1326532,-8.6487113,6,good,False,True,24,False,https://www.idealista.pt/imovel/34719944/,2,3.684631886802138,27.333333333333332,389992.0,0.6666666666666666,0
34513945,606300.0,131.0,4628.0,2,2,Valbom,São Cosme - Valbom - Jovim,,41.1406638,-8.5691091,1,newdevelopment,True,True,27,True,https://www.idealista.pt/empreendimento/34513945/,4,3.6376964478187523,43.666666666666664,606268.0,0.6666666666666666,0
34308861,665000.0,177.0,3757.0,3,3,Lavadores,Canidelo,,41.1238877,-8.6665362,1,newdevelopment,True,True,52,True,https://www.idealista.pt/empreendimento/34308861/,2,5.466556566541271,44.25,664989.0,0.75,0
34462854,470485.0,101.0,4658.0,2,2,Centro de Senhora da Hora,São Mamede de Infesta e Senhora da Hora,,41.1860646,-8.6503927,2,newdevelopment,True,True,70,True,https://www.idealista.pt/empreendimento/34462854/,5,5.2314936972276875,33.666666666666664,470458.0,0.6666666666666666,0
34313812,720000.0,161.0,4472.0,3,3,Lavadores,Canidelo,,41.1238877,-8.6665362,4,newdevelopment,True,True,52,True,https://www.idealista.pt/empreendimento/34313812/,2,5.466556566541271,40.25,719992.0,0.75,0
34293595,283719.0,71.0,3996.0,0,1,Centro de Senhora da Hora,São Mamede de Infesta e Senhora da Hora,,41.1860646,-8.6503927,1,newdevelopment,True,True,69,True,https://www.idealista.pt/empreendimento/34293595/,5,5.2314936972276875,71.0,283716.0,1.0,0
34293594,278156.0,60.0,4636.0,0,1,Centro de Senhora da Hora,São Mamede de Infesta e Senhora da Hora,,41.1860646,-8.6503927,3,newdevelopment,True,True,69,True,https://www.idealista.pt/empreendimento/34293594/,5,5.2314936972276875,60.0,278160.0,1.0,0
34257460,442500.0,118.0,3750.0,2,2,Serralves,Lordelo do Ouro e Massarelos,,41.1551707,-8.6507126,1,newdevelopment,True,True,27,True,https://www.idealista.pt/empreendimento/34257460/,0,3.390398385459906,39.333333333333336,442500.0,0.6666666666666666,0
34257453,741000.0,154.0,4812.0,4,3,Serralves,Lordelo do Ouro e Massarelos,,41.1551707,-8.6507126,4,newdevelopment,True,True,27,True,https://www.idealista.pt/empreendimento/34257453/,0,3.390398385459906,30.8,741048.0,0.6,0
34257444,512500.0,107.0,4790.0,3,3,Serralves,Lordelo do Ouro e Massarelos,,41.1551707,-8.6507126,3,newdevelopment,True,True,27,True,https://www.idealista.pt/empreendimento/34257444/,0,3.390398385459906,26.75,512530.0,0.75,0
34257442,440500.0,95.0,4637.0,2,2,Serralves,Lordelo do Ouro e Massarelos,,41.1551707,-8.6507126,3,newdevelopment,True,True,27,True,https://www.idealista.pt/empreendimento/34257442/,0,3.390398385459906,31.666666666666668,440515.0,0.6666666666666666,0
34257315,434000.0,95.0,4568.0,2,2,Serralves,Lordelo do Ouro e Massarelos,,41.1551707,-8.6507126,2,newdevelopment,True,True,27,True,https://www.idealista.pt/empreendimento/34257315/,0,3.390398385459906,31.666666666666668,433960.0,0.6666666666666666,0
34113142,865674.0,199.0,4350.0,4,4,Centro de Senhora da Hora,São Mamede de Infesta e Senhora da Hora,,41.1860646,-8.6503927,2,newdevelopment,True,True,69,True,https://www.idealista.pt/empreendimento/34113142/,5,5.2314936972276875,39.8,865650.0,0.8,0
33810143,615307.0,136.0,4524.0,3,3,Centro de Senhora da Hora,São Mamede de Infesta e Senhora da Hora,,41.1860646,-8.6503927,2,newdevelopment,True,True,69,True,https://www.idealista.pt/empreendimento/33810143/,5,5.2314936972276875,34.0,615264.0,0.75,0
34477136,242000.0,60.0,4033.0,2,2,Fontaínhas - Duques,Bonfim,,41.1445657,-8.6010387,,good,False,False,18,True,https://www.idealista.pt/imovel/34477136/,6,0.9975769094931838,20.0,241980.0,0.6666666666666666,1
34720030,595000.0,84.0,7083.0,2,2,Matosinhos Sul - Marginal,Matosinhos e Leça da Palmeira,,41.1730504,-8.6838906,5,good,False,True,28,False,https://www.idealista.pt/imovel/34720030/,0,6.643471560279256,28.0,594972.0,0.6666666666666666,0
34514023,719000.0,170.0,4229.0,3,3,Valbom,São Cosme - Valbom - Jovim,,41.1406638,-8.5691091,bj,newdevelopment,True,True,27,True,https://www.idealista.pt/empreendimento/34514023/,4,3.6376964478187523,42.5,718930.0,0.75,0
34309016,720000.0,161.0,4472.0,3,3,Lavadores,Canidelo,,41.1238877,-8.6665362,4,newdevelopment,True,True,52,True,https://www.idealista.pt/empreendimento/34309016/,2,5.466556566541271,40.25,719992.0,0.75,0
34513971,662400.0,145.0,4568.0,3,3,Valbom,São Cosme - Valbom - Jovim,,41.1406638,-8.5691091,2,newdevelopment,True,True,27,True,https://www.idealista.pt/empreendimento/34513971/,4,3.6376964478187523,36.25,662360.0,0.75,0
34308963,700000.0,161.0,4348.0,3,3,Lavadores,Canidelo,,41.1238877,-8.6665362,2,newdevelopment,True,True,52,True,https://www.idealista.pt/empreendimento/34308963/,2,5.466556566541271,40.25,700028.0,0.75,0
34513962,876300.0,203.0,4317.0,4,4,Valbom,São Cosme - Valbom - Jovim,,41.1406638,-8.5691091,1,newdevelopment,True,True,27,True,https://www.idealista.pt/empreendimento/34513962/,4,3.6376964478187523,40.6,876351.0,0.8,0
34513960,579100.0,166.0,3489.0,2,2,Valbom,São Cosme - Valbom - Jovim,,41.1406638,-8.5691091,bj,newdevelopment,True,True,27,True,https://www.idealista.pt/empreendimento/34513960/,4,3.6376964478187523,55.333333333333336,579174.0,0.6666666666666666,0
34628844,530000.0,74.0,7162.0,1,1,Boavista,Cedofeita - Santo Ildefonso - Sé - Miragaia - São Nicolau - Vitória,Júlio Dinis - Hospital Militar,41.1556981,-8.6252634,3,newdevelopment,True,True,26,True,https://www.idealista.pt/empreendimento/34628844/,1,1.3805742921667776,37.0,529988.0,0.5,1
34628829,500000.0,62.0,8065.0,1,1,Boavista,Cedofeita - Santo Ildefonso - Sé - Miragaia - São Nicolau - Vitória,Júlio Dinis - Hospital Militar,41.1556981,-8.6252634,4,newdevelopment,True,True,26,True,https://www.idealista.pt/empreendimento/34628829/,1,1.3805742921667776,31.0,500030.0,0.5,1
34628819,500000.0,79.0,6329.0,1,2,Boavista,Cedofeita - Santo Ildefonso - Sé - Miragaia - São Nicolau - Vitória,Júlio Dinis - Hospital Militar,41.1556981,-8.6252634,2,newdevelopment,True,True,26,True,https://www.idealista.pt/empreendimento/34628819/,1,1.3805742921667776,39.5,499991.0,1.0,1
34628805,500000.0,62.0,8065.0,1,1,Boavista,Cedofeita - Santo Ildefonso - Sé - Miragaia - São Nicolau - Vitória,Júlio Dinis - Hospital Militar,41.1556981,-8.6252634,4,newdevelopment,True,True,26,True,https://www.idealista.pt/empreendimento/34628805/,1,1.3805742921667776,31.0,500030.0,0.5,1
34628785,450000.0,64.0,7031.0,1,2,Boavista,Cedofeita - Santo Ildefonso - Sé - Miragaia - São Nicolau - Vitória,Júlio Dinis - Hospital Militar,41.1556981,-8.6252634,3,newdevelopment,True,True,26,True,https://www.idealista.pt/empreendimento/34628785/,1,1.3805742921667776,32.0,449984.0,1.0,1
34701607,295240.0,80.4,3672.0,1,1,Camões - Gonçalo Cristóvão - Faria Guimarães,Cedofeita - Santo Ildefonso - Sé - Miragaia - São Nicolau - Vitória,,41.1538928,-8.6062855,1,newdevelopment,True,True,28,False,https://www.idealista.pt/empreendimento/34701607/,6,0.6141022945212857,40.2,295228.80000000005,0.5,1
34701598,509100.0,145.0,3511.0,2,1,Camões - Gonçalo Cristóvão - Faria Guimarães,Cedofeita - Santo Ildefonso - Sé - Miragaia - São Nicolau - Vitória,,41.1538928,-8.6062855,4,newdevelopment,True,True,28,False,https://www.idealista.pt/empreendimento/34701598/,6,0.6141022945212857,48.333333333333336,509095.0,0.3333333333333333,1
34701477,236020.0,72.0,3278.0,0,1,Camões - Gonçalo Cristóvão - Faria Guimarães,Cedofeita - Santo Ildefonso - Sé - Miragaia - São Nicolau - Vitória,,41.1538928,-8.6062855,st,newdevelopment,True,True,28,False,https://www.idealista.pt/empreendimento/34701477/,6,0.6141022945212857,72.0,236016.0,1.0,1
34645666,595000.0,84.0,7083.0,2,2,Matosinhos Sul - Marginal,Matosinhos e Leça da Palmeira,,41.1739584,-8.6832233,5,good,False,True,24,True,https://www.idealista.pt/imovel/34645666/,0,6.632675856529152,28.0,594972.0,0.6666666666666666,0
34450856,700000.0,251.0,2789.0,6,3,Serralves,Lordelo do Ouro e Massarelos,,41.1611257,-8.6521084,,good,False,,43,False,https://www.idealista.pt/imovel/34450856/,0,3.6803899187805174,35.857142857142854,700039.0,0.42857142857142855,0
34486845,579100.0,166.0,3489.0,2,3,Valbom,São Cosme - Valbom - Jovim,,41.1406638,-8.5691091,bj,newdevelopment,True,True,44,True,https://www.idealista.pt/empreendimento/34486845/,4,3.6376964478187523,55.333333333333336,579174.0,1.0,0
31942302,1350000.0,203.0,6650.0,3,3,Aviz - Cristo Rei,Aldoar - Foz do Douro - Nevogilde,,41.1626451,-8.6711983,1,newdevelopment,True,True,25,False,https://www.idealista.pt/empreendimento/31942302/,0,5.252487674844402,50.75,1349950.0,0.75,0
34487185,638600.0,195.0,3275.0,2,3,Valbom,São Cosme - Valbom - Jovim,,41.1406638,-8.5691091,2,newdevelopment,True,True,44,True,https://www.idealista.pt/empreendimento/34487185/,4,3.6376964478187523,65.0,638625.0,1.0,0
34654025,850000.0,160.0,5313.0,3,3,Foz,Aldoar - Foz do Douro - Nevogilde,,41.1594545,-8.6798835,1,good,False,True,39,True,https://www.idealista.pt/imovel/34654025/,0,5.87852317061213,40.0,850080.0,0.75,0
34715880,210000.0,75.0,2800.0,1,1,Lavadores,Canidelo,,41.1295332,-8.6518666,bj,good,False,True,34,True,https://www.idealista.pt/imovel/34715880/,2,4.0924301368084235,37.5,210000.0,0.5,0
34487141,606300.0,131.0,4628.0,2,3,Valbom,São Cosme - Valbom - Jovim,,41.1406638,-8.5691091,,newdevelopment,True,True,44,True,https://www.idealista.pt/empreendimento/34487141/,4,3.6376964478187523,43.666666666666664,606268.0,1.0,0
34547081,949300.0,178.0,5333.0,4,5,Valbom,São Cosme - Valbom - Jovim,,41.1406638,-8.5691091,,newdevelopment,True,True,47,True,https://www.idealista.pt/empreendimento/34547081/,4,3.6376964478187523,35.6,949274.0,1.0,0
34715848,260000.0,58.0,4483.0,1,2,Lavadores,Canidelo,,41.1335889,-8.6626506,,good,False,True,22,True,https://www.idealista.pt/imovel/34715848/,2,4.68501945518054,29.0,260014.0,1.0,0
34718819,1300000.0,484.0,2686.0,4,5,Cooperativa dos Arquitectos - Fonte da Moura - Pedra Verde,Aldoar - Foz do Douro - Nevogilde,,41.1732266,-8.6660715,,good,False,,39,False,https://www.idealista.pt/imovel/34718819/,0,5.3135380866848845,96.8,1300024.0,1.0,0
34718774,980000.0,540.0,1815.0,4,3,Monte de Burgos - Padrão da Légua,São Mamede de Infesta e Senhora da Hora,,41.1870812,-8.6259779,,good,False,,43,False,https://www.idealista.pt/imovel/34718774/,5,4.354626965528326,108.0,980100.0,0.6,0
34719761,595000.0,80.0,7438.0,2,2,Matosinhos Sul - Marginal,Matosinhos e Leça da Palmeira,,41.1747508,-8.6807983,5,good,False,True,27,False,https://www.idealista.pt/imovel/34719761/,0,6.485374598402719,26.666666666666668,595040.0,0.6666666666666666,0
34441539,350000.0,96.0,3646.0,2,2,Padrão da Légua - Av. Xanana Gusmão,Custóias - Leça do Balio - Guifões,,41.191013,-8.6333514,2,newdevelopment,True,True,20,True,https://www.idealista.pt/empreendimento/34441539/,5,4.973610053144598,32.0,350016.0,0.6666666666666666,0
34119284,330000.0,90.0,3667.0,2,2,Padrão da Légua - Av. Xanana Gusmão,Custóias - Leça do Balio - Guifões,,41.191013,-8.6333514,4,newdevelopment,True,True,20,True,https://www.idealista.pt/empreendimento/34119284/,5,4.973610053144598,30.0,330030.0,0.6666666666666666,0
34605170,241500.0,36.0,6708.0,0,1,Campo 24 de Agosto,Bonfim,,41.1514971,-8.5976711,10,newdevelopment,True,True,33,True,https://www.idealista.pt/empreendimento/34605170/,6,1.1275366834276188,36.0,241488.0,1.0,1
33991150,270000.0,68.0,3971.0,1,1,Padrão da Légua - Av. Xanana Gusmão,Custóias - Leça do Balio - Guifões,,41.191013,-8.6333514,4,newdevelopment,True,True,20,True,https://www.idealista.pt/empreendimento/33991150/,5,4.973610053144598,34.0,270028.0,0.5,0
34605145,240000.0,36.0,6667.0,0,1,Campo 24 de Agosto,Bonfim,,41.1514971,-8.5976711,9,newdevelopment,True,True,33,True,https://www.idealista.pt/empreendimento/34605145/,6,1.1275366834276188,36.0,240012.0,1.0,1
34605134,595000.0,103.0,5777.0,2,2,Campo 24 de Agosto,Bonfim,,41.1514971,-8.5976711,18,newdevelopment,True,True,33,True,https://www.idealista.pt/empreendimento/34605134/,6,1.1275366834276188,34.333333333333336,595031.0,0.6666666666666666,1
34605122,380000.0,71.0,5352.0,1,1,Campo 24 de Agosto,Bonfim,,41.1514971,-8.5976711,5,newdevelopment,True,True,33,True,https://www.idealista.pt/empreendimento/34605122/,6,1.1275366834276188,35.5,379992.0,0.5,1
34605121,280000.0,53.0,5283.0,0,1,Campo 24 de Agosto,Bonfim,,41.1514971,-8.5976711,4,newdevelopment,True,True,33,True,https://www.idealista.pt/empreendimento/34605121/,6,1.1275366834276188,53.0,279999.0,1.0,1
33991107,340000.0,90.0,3778.0,2,2,Padrão da Légua - Av. Xanana Gusmão,Custóias - Leça do Balio - Guifões,,41.191013,-8.6333514,5,newdevelopment,True,True,20,True,https://www.idealista.pt/empreendimento/33991107/,5,4.973610053144598,30.0,340020.0,0.6666666666666666,0
34496279,1400000.0,192.0,7292.0,3,4,Miragaia - Virtudes,Cedofeita - Santo Ildefonso - Sé - Miragaia - São Nicolau - Vitória,,41.1456708,-8.6214294,1,newdevelopment,True,True,22,True,https://www.idealista.pt/empreendimento/34496279/,1,0.9839631885733442,48.0,1400064.0,1.0,1
34496172,860000.0,116.0,7414.0,1,2,Miragaia - Virtudes,Cedofeita - Santo Ildefonso - Sé - Miragaia - São Nicolau - Vitória,,41.1456708,-8.6214294,,newdevelopment,True,True,19,True,https://www.idealista.pt/empreendimento/34496172/,1,0.9839631885733442,58.0,860024.0,1.0,1
33705124,1295000.0,202.0,6411.0,3,2,Bessa Leite,Lordelo do Ouro e Massarelos,,41.1621399,-8.639538,5,,True,True,60,True,https://www.idealista.pt/empreendimento/33705124/,1,2.773587372121928,50.5,1295022.0,0.5,1
33705108,760000.0,129.0,5891.0,2,3,Bessa Leite,Lordelo do Ouro e Massarelos,,41.1621399,-8.639538,2,newdevelopment,True,True,60,True,https://www.idealista.pt/empreendimento/33705108/,1,2.773587372121928,43.0,759939.0,1.0,1
34630105,295000.0,140.0,2107.0,3,2,Câmara de Gaia - Aviadores - Quinta das Pedras,Mafamude e Vilar do Paraíso,,41.1301532,-8.603497,,good,False,True,17,True,https://www.idealista.pt/imovel/34630105/,7,2.2494965784855867,35.0,294980.0,0.5,1
34586053,420000.0,79.0,5316.0,1,1,Marquês,Cedofeita - Santo Ildefonso - Sé - Miragaia - São Nicolau - Vitória,,41.1606133,-8.6078183,6,newdevelopment,True,True,84,True,https://www.idealista.pt/empreendimento/34586053/,6,1.2515066819471123,39.5,419964.0,0.5,1
34586043,475000.0,91.0,5220.0,2,1,Marquês,Cedofeita - Santo Ildefonso - Sé - Miragaia - São Nicolau - Vitória,,41.1606133,-8.6078183,6,newdevelopment,True,True,84,True,https://www.idealista.pt/empreendimento/34586043/,6,1.2515066819471123,30.333333333333332,475020.0,0.3333333333333333,1
34414007,580000.0,151.0,3841.0,2,2,Sete Bicas,São Mamede de Infesta e Senhora da Hora,,41.1863613,-8.6479305,4,newdevelopment,True,True,27,False,https://www.idealista.pt/empreendimento/34414007/,5,5.130004645524542,50.333333333333336,579991.0,0.6666666666666666,0
34586003,210000.0,37.0,5676.0,0,1,Marquês,Cedofeita - Santo Ildefonso - Sé - Miragaia - São Nicolau - Vitória,,41.1606133,-8.6078183,1,newdevelopment,True,True,84,True,https://www.idealista.pt/empreendimento/34586003/,6,1.2515066819471123,37.0,210012.0,1.0,1
34513943,395000.0,147.0,2687.0,2,2,Igreja do Bonfim - Lomba,Bonfim,,41.1556899,-8.5903838,1,newdevelopment,True,True,23,False,https://www.idealista.pt/empreendimento/34513943/,6,1.8463823562780766,49.0,394989.0,0.6666666666666666,1
34513905,330000.0,83.0,3976.0,2,2,Igreja do Bonfim - Lomba,Bonfim,,41.1556899,-8.5903838,bj,newdevelopment,True,True,23,False,https://www.idealista.pt/empreendimento/34513905/,6,1.8463823562780766,27.666666666666668,330008.0,0.6666666666666666,1
34537896,359000.0,185.0,1941.0,4,3,Seara - Freixieiro,Oliveira do Douro,,41.1149949,-8.578202,6,good,False,True,67,True,https://www.idealista.pt/imovel/34537896/,4,4.722900421273474,37.0,359085.0,0.6,0
34513895,420000.0,128.0,3281.0,2,3,Igreja do Bonfim - Lomba,Bonfim,,41.1556899,-8.5903838,2,newdevelopment,True,True,23,False,https://www.idealista.pt/empreendimento/34513895/,6,1.8463823562780766,42.666666666666664,419968.0,1.0,1
33894215,405000.0,137.0,2956.0,3,3,Padrão da Légua - Av. Xanana Gusmão,Custóias - Leça do Balio - Guifões,,41.1901126,-8.6367176,2,good,False,True,18,True,https://www.idealista.pt/imovel/33894215/,5,4.996316278794345,34.25,404972.0,0.75,0
34549213,830000.0,136.0,6103.0,2,2,Centro Histórico,Santa Marinha e São Pedro da Afurada,,41.1364988,-8.6210129,3,newdevelopment,True,True,75,True,https://www.idealista.pt/empreendimento/34549213/,7,1.6850362728261348,45.333333333333336,830008.0,0.6666666666666666,1
34549210,830000.0,136.0,6103.0,2,2,Centro Histórico,Santa Marinha e São Pedro da Afurada,,41.1364988,-8.6210129,3,newdevelopment,True,True,75,True,https://www.idealista.pt/empreendimento/34549210/,7,1.6850362728261348,45.333333333333336,830008.0,0.6666666666666666,1
34523210,220000.0,52.0,4231.0,0,1,Marquês,Cedofeita - Santo Ildefonso - Sé - Miragaia - São Nicolau - Vitória,,41.1604947,-8.6056091,bj,newdevelopment,True,True,50,False,https://www.idealista.pt/empreendimento/34523210/,6,1.2898814461556507,52.0,220012.0,1.0,1
34549157,650000.0,173.0,3757.0,2,2,Centro Histórico,Santa Marinha e São Pedro da Afurada,,41.1364988,-8.6210129,2,newdevelopment,True,True,75,True,https://www.idealista.pt/empreendimento/34549157/,7,1.6850362728261348,57.666666666666664,649961.0,0.6666666666666666,1
34538118,269000.0,144.0,1868.0,2,2,Paniceiro-Viso-Meiral,Canidelo,,41.1221858,-8.6520835,bj,good,False,False,39,True,https://www.idealista.pt/imovel/34538118/,2,4.6030108328008525,48.0,268992.0,0.6666666666666666,0
33236871,870000.0,230.0,3783.0,3,3,Praça do Marquês - Lima,Bonfim,,41.1633911,-8.5979934,3,good,False,True,32,False,https://www.idealista.pt/imovel/33236871/,6,1.8759530456601465,57.5,870090.0,0.75,1
33236872,1150000.0,305.0,3770.0,4,4,Antas - Praça Velásquez,Bonfim,,41.1633708,-8.5976483,2,good,False,True,35,False,https://www.idealista.pt/imovel/33236872/,6,1.8909137898827082,61.0,1149850.0,0.8,1
33575800,443000.0,104.0,4260.0,2,2,Hospital São João - Pólo Universitário,Paranhos,,41.1756743,-8.5907734,3,good,False,True,36,True,https://www.idealista.pt/imovel/33575800/,3,3.3533302795412148,34.666666666666664,443040.0,0.6666666666666666,0
33962496,678000.0,190.0,3568.0,3,4,Lavadores,Canidelo,,41.1334686,-8.6684431,1,good,False,True,40,True,https://www.idealista.pt/imovel/33962496/,2,5.141655149542061,47.5,677920.0,1.0,0
34565786,275000.0,76.0,3618.0,2,1,Prelada - Monte dos Burgos,Ramalde,Requesende,41.1722068,-8.6351558,,good,False,True,26,True,https://www.idealista.pt/imovel/34565786/,5,3.231438830667973,25.333333333333332,274968.0,0.3333333333333333,0
34715656,220000.0,39.0,5641.0,1,1,Areosa,Rio Tinto,,41.1838876,-8.5814058,1,newdevelopment,True,True,12,False,https://www.idealista.pt/empreendimento/34715656/,3,4.54217223844504,19.5,219999.0,0.5,0
34715657,225000.0,42.0,5357.0,1,1,Areosa,Rio Tinto,,41.1838876,-8.5814058,1,newdevelopment,True,True,12,False,https://www.idealista.pt/empreendimento/34715657/,3,4.54217223844504,21.0,224994.0,0.5,0
34513129,280000.0,54.0,5185.0,1,1,Palácio de Cristal - Galiza - Vilar,Lordelo do Ouro e Massarelos,,41.1534217,-8.6249619,2,newdevelopment,True,True,27,False,https://www.idealista.pt/empreendimento/34513129/,1,1.2517000784237973,27.0,279990.0,0.5,1
34513085,275000.0,54.0,5093.0,1,1,Palácio de Cristal - Galiza - Vilar,Lordelo do Ouro e Massarelos,,41.1534217,-8.6249619,1,newdevelopment,True,True,21,False,https://www.idealista.pt/empreendimento/34513085/,1,1.2517000784237973,27.0,275022.0,0.5,1
31799660,2000000.0,840.0,2381.0,4,6,Foz,Aldoar - Foz do Douro - Nevogilde,,41.1599602,-8.678911,,good,False,,62,True,https://www.idealista.pt/imovel/31799660/,0,5.809416710026762,168.0,2000040.0,1.2,0
33761265,1250000.0,678.0,1844.0,4,5,Salgueiros,Canidelo,,41.114793,-8.659322,,good,False,,63,True,https://www.idealista.pt/imovel/33761265/,2,5.605892119296288,135.6,1250232.0,1.0,0
34677957,289900.0,114.0,2543.0,2,2,Arca d'Água - Campo Lindo - Vale Formoso,Paranhos,,41.1719595,-8.6189024,bj,good,False,True,25,False,https://www.idealista.pt/imovel/34677957/,1,2.574936074792356,38.0,289902.0,0.6666666666666666,1
34702905,549000.0,108.0,5083.0,3,3,Antas - Estádio do Dragão,Campanhã,,41.163038,-8.5855652,7,,True,True,22,True,https://www.idealista.pt/empreendimento/34702905/,6,2.5945267070761133,27.0,548964.0,0.75,1
34702867,531000.0,158.0,3361.0,2,3,Antas - Estádio do Dragão,Campanhã,,41.163038,-8.5855652,bj,newdevelopment,True,True,22,True,https://www.idealista.pt/empreendimento/34702867/,6,2.5945267070761133,52.666666666666664,531038.0,1.0,1
34702830,338000.0,62.0,5452.0,1,1,Antas - Estádio do Dragão,Campanhã,,41.163038,-8.5855652,8,,True,True,22,True,https://www.idealista.pt/empreendimento/34702830/,6,2.5945267070761133,31.0,338024.0,0.5,1
34702767,433000.0,105.0,4124.0,2,3,Antas - Estádio do Dragão,Campanhã,,41.163038,-8.5855652,3,newdevelopment,True,True,22,True,https://www.idealista.pt/empreendimento/34702767/,6,2.5945267070761133,35.0,433020.0,1.0,1
34677211,860000.0,336.0,2560.0,4,5,Combatentes - Costa Cabral,Paranhos,,41.1666126,-8.5897643,3,good,False,True,21,False,https://www.idealista.pt/imovel/34677211/,6,2.5902734243777723,67.2,860160.0,1.0,1
34513130,325000.0,70.0,4643.0,1,1,Palácio de Cristal - Galiza - Vilar,Lordelo do Ouro e Massarelos,,41.1534217,-8.6249619,,newdevelopment,True,True,24,False,https://www.idealista.pt/empreendimento/34513130/,1,1.2517000784237973,35.0,325010.0,0.5,1
34690991,360000.0,62.0,5806.0,1,1,Camões - Gonçalo Cristóvão - Faria Guimarães,Cedofeita - Santo Ildefonso - Sé - Miragaia - São Nicolau - Vitória,,41.1562789,-8.6062652,2,renew,False,True,22,False,https://www.idealista.pt/imovel/34690991/,6,0.8379288607638541,31.0,359972.0,0.5,1
33031552,1100000.0,244.0,4508.0,4,5,Serralves,Lordelo do Ouro e Massarelos,,41.1620295,-8.6589917,1,good,False,False,37,True,https://www.idealista.pt/imovel/33031552/,0,4.2569043233291834,48.8,1099952.0,1.0,0
33935110,730000.0,104.0,7019.0,1,2,Pinhais da Foz,Aldoar - Foz do Douro - Nevogilde,,41.1515084,-8.6646159,3,good,False,True,23,True,https://www.idealista.pt/imovel/33935110/,0,4.502522685725582,52.0,729976.0,1.0,0
34689943,459000.0,73.0,6288.0,1,1,Centro Histórico,Cedofeita - Santo Ildefonso - Sé - Miragaia - São Nicolau - Vitória,São Bento - Cimo de Vila,41.1442983,-8.6074864,3,good,False,False,16,False,https://www.idealista.pt/imovel/34689943/,6,0.6551600764875934,36.5,459024.0,0.5,1
32420636,725000.0,153.0,4739.0,2,2,Centro Histórico,Santa Marinha e São Pedro da Afurada,,41.1364989,-8.6210129,1,newdevelopment,True,True,61,True,https://www.idealista.pt/empreendimento/32420636/,7,1.6850266592269658,51.0,725067.0,0.6666666666666666,1
32420627,830000.0,140.0,5929.0,2,2,Centro Histórico,Santa Marinha e São Pedro da Afurada,,41.1364989,-8.6210129,3,newdevelopment,True,True,61,True,https://www.idealista.pt/empreendimento/32420627/,7,1.6850266592269658,46.666666666666664,830060.0,0.6666666666666666,1
33059539,445000.0,212.0,2099.0,2,3,Covelo - Monte de São João,Paranhos,,41.1652696,-8.6065613,bj,newdevelopment,True,True,67,True,https://www.idealista.pt/empreendimento/33059539/,6,1.7798386725281432,70.66666666666667,444988.0,1.0,1
34483453,370000.0,83.0,4458.0,1,1,Baixa,Cedofeita - Santo Ildefonso - Sé - Miragaia - São Nicolau - Vitória,Santa Catarina,41.1493104,-8.6061015,,good,False,,17,True,https://www.idealista.pt/imovel/34483453/,6,0.4030634732244868,41.5,370014.0,0.5,1
34708410,430000.0,182.0,2363.0,3,2,Candal - Regadas,Santa Marinha e São Pedro da Afurada,,41.1314266,-8.6311589,1,good,False,True,30,True,https://www.idealista.pt/imovel/34708410/,2,2.638500793881211,45.5,430066.0,0.5,1
34720284,450000.0,142.0,3169.0,3,2,Paniceiro-Viso-Meiral,Canidelo,,41.1293815,-8.6487141,,good,False,True,38,True,https://www.idealista.pt/imovel/34720284/,2,3.8835447308697053,35.5,449998.0,0.5,0
34718234,224000.0,73.0,3068.0,2,2,Candal - Regadas,Santa Marinha e São Pedro da Afurada,,41.134054,-8.6325081,,good,False,,24,False,https://www.idealista.pt/imovel/34718234/,2,2.5024512660945026,24.333333333333332,223964.0,0.6666666666666666,1
34712118,470000.0,137.0,3431.0,2,3,Constituição,Cedofeita - Santo Ildefonso - Sé - Miragaia - São Nicolau - Vitória,,41.162156,-8.6146247,2,good,False,True,47,False,https://www.idealista.pt/imovel/34712118/,1,1.4305642906369302,45.666666666666664,470047.0,1.0,1
34612815,525000.0,186.0,2823.0,3,4,Hospital São João - Pólo Universitário,Paranhos,,41.1762519,-8.5926582,2,good,False,True,35,False,https://www.idealista.pt/imovel/34612815/,3,3.3338528084890964,46.5,525078.0,1.0,0
34058474,890000.0,192.0,4635.0,3,3,Foz,Aldoar - Foz do Douro - Nevogilde,,41.1585689,-8.6815464,bj,good,False,True,33,True,https://www.idealista.pt/imovel/34058474/,0,5.998244439835395,48.0,889920.0,0.75,0
34602901,490000.0,240.0,2042.0,3,3,Fernão Magalhães - Joaquim Urbano,Bonfim,,41.1561172,-8.5938657,,good,False,,34,False,https://www.idealista.pt/imovel/34602901/,6,1.5997485694368725,60.0,490080.0,0.75,1
34203799,600000.0,80.0,7500.0,0,1,Baixa,Cedofeita - Santo Ildefonso - Sé - Miragaia - São Nicolau - Vitória,Batalha - Poveiros,41.1492058,-8.6064169,1,good,False,True,19,False,https://www.idealista.pt/imovel/34203799/,6,0.3779177379359092,80.0,600000.0,1.0,1
34281770,1100000.0,219.0,5023.0,3,3,Campo 24 de Agosto,Bonfim,,41.1508146,-8.5941554,1,good,False,False,21,False,https://www.idealista.pt/imovel/34281770/,6,1.408487724984057,54.75,1100037.0,0.75,1
34352734,345000.0,85.0,4059.0,1,2,Camões - Gonçalo Cristóvão - Faria Guimarães,Cedofeita - Santo Ildefonso - Sé - Miragaia - São Nicolau - Vitória,,41.1572601,-8.6099581,bj,good,False,False,25,False,https://www.idealista.pt/imovel/34352734/,6,0.8554070528058892,42.5,345015.0,1.0,1
34643412,1100000.0,162.0,6790.0,3,3,Serralves,Lordelo do Ouro e Massarelos,,41.1619864,-8.657625,4,good,False,True,25,True,https://www.idealista.pt/imovel/34643412/,0,4.147254679740133,40.5,1099980.0,0.75,0
34668262,242000.0,50.0,4840.0,1,1,Soares dos Reis - Rasa de Cima,Mafamude e Vilar do Paraíso,,41.1237096,-8.6087947,bj,good,False,True,26,False,https://www.idealista.pt/imovel/34668262/,7,2.884274894143343,25.0,242000.0,0.5,1
29436134,640000.0,360.0,1778.0,4,6,Soares dos Reis - Rasa de Cima,Mafamude e Vilar do Paraíso,,41.1171084,-8.6116149,,good,False,,20,False,https://www.idealista.pt/imovel/29436134/,7,3.6133971484315803,72.0,640080.0,1.2,0
34580814,595000.0,120.0,4958.0,3,3,Campo Alegre,Lordelo do Ouro e Massarelos,,41.1550705,-8.6449658,6,good,False,True,36,False,https://www.idealista.pt/imovel/34580814/,1,2.9163249915700646,30.0,594960.0,0.75,1
34416943,495000.0,256.0,1934.0,4,4,Parque da Lavandeira - Sardão,Oliveira do Douro,,41.1171162,-8.5872973,bj,newdevelopment,True,True,27,True,https://www.idealista.pt/empreendimento/34416943/,7,4.11755025270591,51.2,495104.0,0.8,0
34527916,425000.0,71.0,5986.0,2,2,Matosinhos Sul - Marginal,Matosinhos e Leça da Palmeira,,41.1772732,-8.6853742,2,newdevelopment,True,True,22,True,https://www.idealista.pt/empreendimento/34527916/,0,6.952387311599068,23.666666666666668,425006.0,0.6666666666666666,0
34376875,450000.0,106.0,4245.0,2,3,Prelada - Monte dos Burgos,Ramalde,Requesende,41.1744685,-8.636216,4,,True,True,16,True,https://www.idealista.pt/empreendimento/34376875/,5,3.4839602144199904,35.333333333333336,449970.0,1.0,0
34542853,459000.0,84.0,5464.0,2,2,Matosinhos Sul - Marginal,Matosinhos e Leça da Palmeira,,41.1760339,-8.6822701,2,good,False,True,23,True,https://www.idealista.pt/imovel/34542853/,0,6.6584402664449795,28.0,458976.0,0.6666666666666666,0
34719831,1950000.0,367.0,5313.0,5,1,Centro de Ramalde - Pereiró,Ramalde,,41.1694831,-8.6495317,,good,False,,53,False,https://www.idealista.pt/imovel/34719831/,0,3.917592305874507,61.166666666666664,1949871.0,0.16666666666666666,0
34243758,1703400.0,757.0,2250.0,4,4,Liceu - Paço do Rei,Mafamude e Vilar do Paraíso,,41.1237535,-8.6055245,8,newdevelopment,True,True,79,True,https://www.idealista.pt/empreendimento/34243758/,7,2.9090430112384635,151.4,1703250.0,0.8,1
32420639,650000.0,186.0,3495.0,2,3,Centro Histórico,Santa Marinha e São Pedro da Afurada,,41.1364989,-8.6210129,2,newdevelopment,True,True,50,False,https://www.idealista.pt/empreendimento/32420639/,7,1.6850266592269658,62.0,650070.0,1.0,1
34688626,215000.0,48.0,4479.0,0,1,Igreja do Bonfim - Lomba,Bonfim,,41.1540118,-8.5938995,1,good,False,True,34,True,https://www.idealista.pt/imovel/34688626/,6,1.5055546444178727,48.0,214992.0,1.0,1
34540522,425250.0,113.0,3763.0,2,2,Prelada - Monte dos Burgos,Ramalde,Parque da Prelada,41.1767233,-8.6312809,3,newdevelopment,True,True,19,True,https://www.idealista.pt/empreendimento/34540522/,5,3.465104097035788,37.666666666666664,425219.0,0.6666666666666666,0
34636492,290000.0,91.0,3187.0,2,1,Parque Oriental - Azevedo,Campanhã,,41.1520326,-8.567104,3,good,False,True,6,False,https://www.idealista.pt/imovel/34636492/,4,3.6768952711350487,30.333333333333332,290017.0,0.3333333333333333,0
34633460,248000.0,42.0,5905.0,1,1,General Torres,Santa Marinha e São Pedro da Afurada,,41.1329627,-8.6075083,6,,True,True,41,True,https://www.idealista.pt/empreendimento/34633460/,7,1.8716585707501867,21.0,248010.0,0.5,1
34666444,424000.0,118.0,3593.0,2,2,Prelada - Monte dos Burgos,Ramalde,Requesende,41.1744685,-8.636216,4,newdevelopment,True,True,16,True,https://www.idealista.pt/empreendimento/34666444/,5,3.4839602144199904,39.333333333333336,423974.0,0.6666666666666666,0
34228376,230000.0,59.0,3898.0,0,1,ESMAE - Doze Casas,Bonfim,,41.156458,-8.602369,3,newdevelopment,True,False,15,False,https://www.idealista.pt/empreendimento/34228376/,6,1.0448356725534211,59.0,229982.0,1.0,1
34494176,440000.0,70.0,6286.0,2,2,Matosinhos Sul - Marginal,Matosinhos e Leça da Palmeira,,41.1772732,-8.6853742,3,newdevelopment,True,True,22,True,https://www.idealista.pt/empreendimento/34494176/,0,6.952387311599068,23.333333333333332,440020.0,0.6666666666666666,0
34494174,605000.0,107.0,5654.0,3,3,Matosinhos Sul - Marginal,Matosinhos e Leça da Palmeira,,41.1772732,-8.6853742,1,newdevelopment,True,True,22,True,https://www.idealista.pt/empreendimento/34494174/,0,6.952387311599068,26.75,604978.0,0.75,0
34075105,420000.0,112.0,3750.0,2,2,Prelada - Monte dos Burgos,Ramalde,Parque da Prelada,41.1767233,-8.6312809,2,newdevelopment,True,True,19,True,https://www.idealista.pt/empreendimento/34075105/,5,3.465104097035788,37.333333333333336,420000.0,0.6666666666666666,0
34075104,430500.0,133.0,3237.0,2,2,Prelada - Monte dos Burgos,Ramalde,Parque da Prelada,41.1767233,-8.6312809,3,newdevelopment,True,True,19,True,https://www.idealista.pt/empreendimento/34075104/,5,3.465104097035788,44.333333333333336,430521.0,0.6666666666666666,0
33563080,554880.0,171.0,3245.0,3,2,Liceu - Paço do Rei,Mafamude e Vilar do Paraíso,,41.1237535,-8.6055245,2,newdevelopment,True,True,55,True,https://www.idealista.pt/empreendimento/33563080/,7,2.9090430112384635,42.75,554895.0,0.5,1
34461040,434000.0,140.0,3100.0,3,3,Soares dos Reis - Rasa de Cima,Mafamude e Vilar do Paraíso,,41.1180125,-8.6106934,5,newdevelopment,True,True,21,True,https://www.idealista.pt/empreendimento/34461040/,7,3.5124123630771464,35.0,434000.0,0.75,0
34461014,338000.0,90.0,3756.0,2,1,Soares dos Reis - Rasa de Cima,Mafamude e Vilar do Paraíso,,41.1180125,-8.6106934,3,newdevelopment,True,True,21,True,https://www.idealista.pt/empreendimento/34461014/,7,3.5124123630771464,30.0,338040.0,0.3333333333333333,0
34461004,371500.0,106.0,3505.0,2,2,Soares dos Reis - Rasa de Cima,Mafamude e Vilar do Paraíso,,41.1180125,-8.6106934,1,newdevelopment,True,True,21,True,https://www.idealista.pt/empreendimento/34461004/,7,3.5124123630771464,35.333333333333336,371530.0,0.6666666666666666,0
33562996,549780.0,172.0,3196.0,3,2,Liceu - Paço do Rei,Mafamude e Vilar do Paraíso,,41.1237535,-8.6055245,1,newdevelopment,True,True,53,True,https://www.idealista.pt/empreendimento/33562996/,7,2.9090430112384635,43.0,549712.0,0.5,1
34416965,495000.0,253.0,1957.0,4,4,Parque da Lavandeira - Sardão,Oliveira do Douro,,41.1171162,-8.5872973,bj,newdevelopment,True,True,24,True,https://www.idealista.pt/empreendimento/34416965/,7,4.11755025270591,50.6,495121.0,0.8,0
33783955,1270000.0,169.0,7515.0,3,4,Agramonte - Bom Sucesso - Guerra Junqueiro,Lordelo do Ouro e Massarelos,,41.1528024,-8.6314738,2,newdevelopment,True,True,27,False,https://www.idealista.pt/empreendimento/33783955/,1,1.759004326848709,42.25,1270035.0,1.0,1
34352949,505000.0,94.0,5372.0,2,2,Baixa,Cedofeita - Santo Ildefonso - Sé - Miragaia - São Nicolau - Vitória,Cedofeita,41.1545222,-8.6224781,4,newdevelopment,True,True,47,True,https://www.idealista.pt/empreendimento/34352949/,1,1.1132275980298032,31.333333333333332,504968.0,0.6666666666666666,1
34313945,495000.0,140.0,3536.0,2,2,Centro Histórico,Santa Marinha e São Pedro da Afurada,,41.1434773,-8.632561,bj,newdevelopment,True,True,61,True,https://www.idealista.pt/empreendimento/34313945/,1,1.9373082361438114,46.666666666666664,495040.0,0.6666666666666666,1
33783945,690000.0,95.0,7263.0,1,2,Agramonte - Bom Sucesso - Guerra Junqueiro,Lordelo do Ouro e Massarelos,,41.1528024,-8.6314738,1,newdevelopment,True,True,27,False,https://www.idealista.pt/empreendimento/33783945/,1,1.759004326848709,47.5,689985.0,1.0,1
34352935,525000.0,94.0,5585.0,2,2,Baixa,Cedofeita - Santo Ildefonso - Sé - Miragaia - São Nicolau - Vitória,Cedofeita,41.1545222,-8.6224781,4,newdevelopment,True,True,47,True,https://www.idealista.pt/empreendimento/34352935/,1,1.1132275980298032,31.333333333333332,524990.0,0.6666666666666666,1
34352915,470000.0,136.0,3456.0,1,1,Baixa,Cedofeita - Santo Ildefonso - Sé - Miragaia - São Nicolau - Vitória,Cedofeita,41.1545222,-8.6224781,21,newdevelopment,True,True,47,True,https://www.idealista.pt/empreendimento/34352915/,1,1.1132275980298032,68.0,470016.0,0.5,1
34329915,1490000.0,322.0,4627.0,4,5,Foz Velha,Aldoar - Foz do Douro - Nevogilde,,41.1492899,-8.6692696,bj,good,False,False,50,True,https://www.idealista.pt/imovel/34329915/,0,4.8873681184149875,64.4,1489894.0,1.0,0
34272909,520000.0,119.0,4370.0,2,2,Centro Histórico,Santa Marinha e São Pedro da Afurada,,41.1434773,-8.632561,2,newdevelopment,True,True,61,True,https://www.idealista.pt/empreendimento/34272909/,1,1.9373082361438114,39.666666666666664,520030.0,0.6666666666666666,1
34352897,405000.0,71.0,5704.0,1,1,Baixa,Cedofeita - Santo Ildefonso - Sé - Miragaia - São Nicolau - Vitória,Cedofeita,41.1545222,-8.6224781,2,newdevelopment,True,True,47,True,https://www.idealista.pt/empreendimento/34352897/,1,1.1132275980298032,35.5,404984.0,0.5,1
34615887,433575.0,182.0,2382.0,2,2,Prelada - Monte dos Burgos,Ramalde,Monte dos Burgos,41.1784893,-8.6281597,bj,newdevelopment,True,True,46,False,https://www.idealista.pt/empreendimento/34615887/,5,3.5223087502304993,60.666666666666664,433524.0,0.6666666666666666,0
34348869,995000.0,166.0,5994.0,4,3,Matosinhos Sul - Marginal,Matosinhos e Leça da Palmeira,,41.1788375,-8.683431,5,good,False,True,22,True,https://www.idealista.pt/imovel/34348869/,0,6.887216499777408,33.2,995004.0,0.6,0
34272868,510000.0,115.0,4435.0,2,2,Centro Histórico,Santa Marinha e São Pedro da Afurada,,41.1434773,-8.632561,1,newdevelopment,True,True,61,True,https://www.idealista.pt/empreendimento/34272868/,1,1.9373082361438114,38.333333333333336,510025.0,0.6666666666666666,1
34705729,795000.0,169.0,4704.0,3,3,Baixa,Cedofeita - Santo Ildefonso - Sé - Miragaia - São Nicolau - Vitória,Cedofeita,41.1533872,-8.6229013,bj,good,False,True,32,False,https://www.idealista.pt/imovel/34705729/,1,1.0895052280679078,42.25,794976.0,0.75,1
33387706,294800.0,67.0,4400.0,1,1,Camões - Gonçalo Cristóvão - Faria Guimarães,Cedofeita - Santo Ildefonso - Sé - Miragaia - São Nicolau - Vitória,,41.1537281,-8.6062295,1,newdevelopment,True,True,31,True,https://www.idealista.pt/empreendimento/33387706/,6,0.6030080000930292,33.5,294800.0,0.5,1
34565703,220000.0,39.0,5641.0,0,1,Areosa - Fernão de Magalhães,Paranhos,,41.1797165,-8.5845365,3,good,False,True,20,True,https://www.idealista.pt/imovel/34565703/,3,4.010588249748439,39.0,219999.0,1.0,0
34234695,490000.0,100.0,4900.0,2,2,Baixa,Cedofeita - Santo Ildefonso - Sé - Miragaia - São Nicolau - Vitória,Cedofeita,41.1505652,-8.621438,2,good,False,True,26,True,https://www.idealista.pt/imovel/34234695/,1,0.8888344048114937,33.333333333333336,490000.0,0.6666666666666666,1
33387691,509100.0,110.0,4628.0,2,1,Camões - Gonçalo Cristóvão - Faria Guimarães,Cedofeita - Santo Ildefonso - Sé - Miragaia - São Nicolau - Vitória,,41.1537281,-8.6062295,4,newdevelopment,True,True,31,True,https://www.idealista.pt/empreendimento/33387691/,6,0.6030080000930292,36.666666666666664,509080.0,0.3333333333333333,1
34478683,310000.0,80.0,3875.0,1,1,Lavadores,Canidelo,,41.1327399,-8.6690987,bj,good,False,True,17,True,https://www.idealista.pt/imovel/34478683/,2,5.221707149137812,40.0,310000.0,0.5,0
34615680,463300.0,150.0,3089.0,2,3,Prelada - Monte dos Burgos,Ramalde,Monte dos Burgos,41.1784893,-8.6281597,1,newdevelopment,True,True,45,False,https://www.idealista.pt/empreendimento/34615680/,5,3.5223087502304993,50.0,463350.0,1.0,0
34477669,276000.0,51.0,5412.0,0,1,Antas - Estádio do Dragão,Campanhã,,41.158902,-8.5915304,8,newdevelopment,True,True,42,True,https://www.idealista.pt/empreendimento/34477669/,6,1.9234629442359152,51.0,276012.0,1.0,1
34514666,273350.0,50.0,5467.0,0,1,Camões - Gonçalo Cristóvão - Faria Guimarães,Cedofeita - Santo Ildefonso - Sé - Miragaia - São Nicolau - Vitória,,41.1537281,-8.6062295,5,newdevelopment,True,True,31,True,https://www.idealista.pt/empreendimento/34514666/,6,0.6030080000930292,50.0,273350.0,1.0,1
34514627,239400.0,40.0,5985.0,0,1,Camões - Gonçalo Cristóvão - Faria Guimarães,Cedofeita - Santo Ildefonso - Sé - Miragaia - São Nicolau - Vitória,,41.1537281,-8.6062295,5,newdevelopment,True,True,31,True,https://www.idealista.pt/empreendimento/34514627/,6,0.6030080000930292,40.0,239400.0,1.0,1
34273606,880000.0,170.0,5176.0,4,5,Parque de Real - Água Viva,Matosinhos e Leça da Palmeira,,41.1729029,-8.6716915,1,good,False,True,19,True,https://www.idealista.pt/imovel/34273606/,0,5.710797700539118,34.0,879920.0,1.0,0
34688597,215000.0,48.0,4479.0,0,1,Igreja do Bonfim - Lomba,Bonfim,,41.1540118,-8.5938995,1,good,False,True,24,False,https://www.idealista.pt/imovel/34688597/,6,1.5055546444178727,48.0,214992.0,1.0,1
34477590,273000.0,50.0,5460.0,0,1,Antas - Estádio do Dragão,Campanhã,,41.158902,-8.5915304,7,newdevelopment,True,True,42,True,https://www.idealista.pt/empreendimento/34477590/,6,1.9234629442359152,50.0,273000.0,1.0,1
34344550,860000.0,132.0,6515.0,3,2,General Torres,Santa Marinha e São Pedro da Afurada,,41.1329627,-8.6075083,8,newdevelopment,True,True,43,True,https://www.idealista.pt/empreendimento/34344550/,7,1.8716585707501867,33.0,859980.0,0.5,1
34340479,433000.0,156.0,2776.0,2,2,General Torres,Santa Marinha e São Pedro da Afurada,,41.1329627,-8.6075083,2,newdevelopment,True,True,46,True,https://www.idealista.pt/empreendimento/34340479/,7,1.8716585707501867,52.0,433056.0,0.6666666666666666,1
34589385,515000.0,188.0,2739.0,2,2,Lavadores,Canidelo,,41.1337024,-8.6665562,1,newdevelopment,True,True,52,True,https://www.idealista.pt/empreendimento/34589385/,2,4.98459189728791,62.666666666666664,514932.0,0.6666666666666666,0
34589377,445000.0,183.0,2432.0,2,2,Lavadores,Canidelo,,41.1337024,-8.6665562,1,newdevelopment,True,True,52,True,https://www.idealista.pt/empreendimento/34589377/,2,4.98459189728791,61.0,445056.0,0.6666666666666666,0
34362363,640000.0,194.0,3299.0,3,4,Sete Bicas,São Mamede de Infesta e Senhora da Hora,,41.1847752,-8.6477619,4,good,False,True,30,False,https://www.idealista.pt/imovel/34362363/,5,4.981881027103987,48.5,640006.0,1.0,0
34603360,875000.0,252.0,3472.0,4,4,Leça do Balio,Custóias - Leça do Balio - Guifões,,41.1985186,-8.6334542,,renew,False,,39,True,https://www.idealista.pt/imovel/34603360/,5,5.757752852086793,50.4,874944.0,0.8,0
33847311,360000.0,115.0,3130.0,3,2,São Roque da Lameira,Campanhã,,41.1643805,-8.5714607,2,newdevelopment,True,True,58,False,https://www.idealista.pt/empreendimento/33847311/,3,3.6882692518329723,28.75,359950.0,0.5,0
33830297,387945.0,86.0,4511.0,2,1,Lapa - Bouça,Cedofeita - Santo Ildefonso - Sé - Miragaia - São Nicolau - Vitória,,41.1617612,-8.616512,1,newdevelopment,True,False,23,False,https://www.idealista.pt/empreendimento/33830297/,1,1.431562368341961,28.666666666666668,387946.0,0.3333333333333333,1
34669278,1000000.0,321.0,3115.0,4,4,General Torres,Santa Marinha e São Pedro da Afurada,,41.1344465,-8.6060259,5,good,False,True,48,False,https://www.idealista.pt/imovel/34669278/,7,1.7337204373048671,64.2,999915.0,0.8,1
33847279,330000.0,96.0,3438.0,2,2,São Roque da Lameira,Campanhã,,41.1643805,-8.5714607,1,newdevelopment,True,True,51,False,https://www.idealista.pt/empreendimento/33847279/,3,3.6882692518329723,32.0,330048.0,0.6666666666666666,0
34644266,440000.0,169.0,2604.0,4,2,Lagos - Chavinha,Mafamude e Vilar do Paraíso,,41.1129682,-8.6279692,5,good,False,True,29,True,https://www.idealista.pt/imovel/34644266/,7,4.31685687246276,33.8,440076.0,0.4,0
34660255,860000.0,336.0,2560.0,4,5,Combatentes - Costa Cabral,Paranhos,,41.1661607,-8.5908257,3,good,False,True,21,True,https://www.idealista.pt/imovel/34660255/,6,2.4930669371942624,67.2,860160.0,1.0,1
34028255,1010000.0,286.0,3531.0,3,3,Antas - Estádio do Dragão,Campanhã,,41.158902,-8.5915304,9,newdevelopment,True,True,42,True,https://www.idealista.pt/empreendimento/34028255/,6,1.9234629442359152,71.5,1009866.0,0.75,1
33742227,295240.0,67.0,4407.0,1,1,Camões - Gonçalo Cristóvão - Faria Guimarães,Cedofeita - Santo Ildefonso - Sé - Miragaia - São Nicolau - Vitória,,41.1537281,-8.6062295,1,newdevelopment,True,True,31,True,https://www.idealista.pt/empreendimento/33742227/,6,0.6030080000930292,33.5,295269.0,0.5,1
33847218,305000.0,100.0,3050.0,2,1,São Roque da Lameira,Campanhã,,41.1643805,-8.5714607,bj,newdevelopment,True,True,50,False,https://www.idealista.pt/empreendimento/33847218/,3,3.6882692518329723,33.333333333333336,305000.0,0.3333333333333333,0
34553173,650000.0,210.0,3095.0,3,3,Quinta Seca - Azenha de Cima,São Mamede de Infesta e Senhora da Hora,,41.1815895,-8.6647941,1,good,False,True,21,True,https://www.idealista.pt/imovel/34553173/,0,5.74504259633777,52.5,649950.0,0.75,0
34617144,745000.0,165.0,4515.0,4,3,Afurada - Arrábida - Cavaco,Santa Marinha e São Pedro da Afurada,,41.1401007,-8.6405379,9,good,False,True,19,True,https://www.idealista.pt/imovel/34617144/,2,2.6971694141039655,33.0,744975.0,0.6,1
34318139,815000.0,338.0,2411.0,3,3,Lavadores,Canidelo,,41.1337024,-8.6665562,1,newdevelopment,True,True,52,True,https://www.idealista.pt/empreendimento/34318139/,2,4.98459189728791,84.5,814918.0,0.75,0
34292136,730000.0,322.0,2267.0,4,5,Prelada - Monte dos Burgos,Ramalde,Monte dos Burgos,41.1784893,-8.6281597,2,newdevelopment,True,True,24,False,https://www.idealista.pt/empreendimento/34292136/,5,3.5223087502304993,64.4,729974.0,1.0,0
33708126,345000.0,60.0,5750.0,1,1,Antas - Estádio do Dragão,Campanhã,,41.158902,-8.5915304,3,newdevelopment,True,True,42,True,https://www.idealista.pt/empreendimento/33708126/,6,1.9234629442359152,30.0,345000.0,0.5,1
34318104,740000.0,252.0,2937.0,3,3,Lavadores,Canidelo,,41.1337024,-8.6665562,1,newdevelopment,True,True,52,True,https://www.idealista.pt/empreendimento/34318104/,2,4.98459189728791,63.0,740124.0,0.75,0
34318074,720000.0,151.0,4768.0,3,3,Lavadores,Canidelo,,41.1337024,-8.6665562,2,newdevelopment,True,True,52,True,https://www.idealista.pt/empreendimento/34318074/,2,4.98459189728791,37.75,719968.0,0.75,0
34712054,500000.0,116.0,4310.0,1,2,Foz Velha,Aldoar - Foz do Douro - Nevogilde,,41.1531516,-8.6776708,1,good,False,True,17,False,https://www.idealista.pt/imovel/34712054/,0,5.604439937026773,58.0,499960.0,1.0,0
34337033,700000.0,178.0,3933.0,3,3,Centro Histórico,Santa Marinha e São Pedro da Afurada,,41.1434773,-8.632561,1,newdevelopment,True,True,61,True,https://www.idealista.pt/empreendimento/34337033/,1,1.9373082361438114,44.5,700074.0,0.75,1
34337019,650000.0,180.0,3611.0,3,3,Centro Histórico,Santa Marinha e São Pedro da Afurada,,41.1434773,-8.632561,2,newdevelopment,True,True,61,True,https://www.idealista.pt/empreendimento/34337019/,1,1.9373082361438114,45.0,649980.0,0.75,1
34422973,225000.0,56.0,4018.0,0,1,Batalha - Guindais,Cedofeita - Santo Ildefonso - Sé - Miragaia - São Nicolau - Vitória,,41.1446723,-8.6045384,bj,good,False,False,25,True,https://www.idealista.pt/imovel/34422973/,6,0.7641803399874474,56.0,225008.0,1.0,1
34352961,515000.0,94.0,5479.0,2,2,Baixa,Cedofeita - Santo Ildefonso - Sé - Miragaia - São Nicolau - Vitória,Cedofeita,41.1545222,-8.6224781,3,newdevelopment,True,True,47,True,https://www.idealista.pt/empreendimento/34352961/,1,1.1132275980298032,31.333333333333332,515026.0,0.6666666666666666,1
33783962,900000.0,116.0,7759.0,2,3,Agramonte - Bom Sucesso - Guerra Junqueiro,Lordelo do Ouro e Massarelos,,41.1528024,-8.6314738,2,newdevelopment,True,True,27,False,https://www.idealista.pt/empreendimento/33783962/,1,1.759004326848709,38.666666666666664,900044.0,1.0,1
33919745,1700000.0,614.0,2769.0,20,5,Palácio de Cristal - Galiza - Vilar,Lordelo do Ouro e Massarelos,,41.149225,-8.6254806,,good,False,,59,True,https://www.idealista.pt/imovel/33919745/,1,1.221536145678313,29.238095238095237,1700166.0,0.23809523809523808,1
34379932,830000.0,208.0,3990.0,4,4,Antas - Estádio do Dragão,Campanhã,,41.1584564,-8.5851543,2,newdevelopment,True,True,55,True,https://www.idealista.pt/empreendimento/34379932/,6,2.3698243577797893,41.6,829920.0,0.8,1
34658914,320000.0,93.0,3441.0,1,1,Hospital São João - Pólo Universitário,Paranhos,,41.1755302,-8.5884263,2,good,False,True,16,False,https://www.idealista.pt/imovel/34658914/,3,3.442798737946512,46.5,320013.0,0.5,0
33153892,554000.0,204.0,2716.0,3,3,Antas - Estádio do Dragão,Campanhã,,41.1584564,-8.5851543,1,newdevelopment,True,True,54,True,https://www.idealista.pt/empreendimento/33153892/,6,2.3698243577797893,51.0,554064.0,0.75,1
33211878,470000.0,118.0,3983.0,3,2,Antas - Estádio do Dragão,Campanhã,,41.1584564,-8.5851543,2,newdevelopment,True,True,55,True,https://www.idealista.pt/empreendimento/33211878/,6,2.3698243577797893,29.5,469994.0,0.5,1
34523856,1100000.0,140.0,7857.0,2,2,Foz Velha,Aldoar - Foz do Douro - Nevogilde,,41.1520676,-8.6772223,3,newdevelopment,True,True,26,True,https://www.idealista.pt/empreendimento/34523856/,0,5.559777722787018,46.666666666666664,1099980.0,0.6666666666666666,0
34237836,370000.0,85.0,4353.0,2,1,Campo 24 de Agosto,Bonfim,,41.1514253,-8.5977129,4,newdevelopment,True,True,31,True,https://www.idealista.pt/empreendimento/34237836/,6,1.122628591993563,28.333333333333332,370005.0,0.3333333333333333,1
34237831,345000.0,66.0,5227.0,1,1,Campo 24 de Agosto,Bonfim,,41.1514253,-8.5977129,17,newdevelopment,True,True,27,True,https://www.idealista.pt/empreendimento/34237831/,6,1.122628591993563,33.0,344982.0,0.5,1
34708815,260000.0,131.0,1985.0,3,2,Coimbrões,Santa Marinha e São Pedro da Afurada,,41.1252532,-8.6280552,bj,good,False,True,19,True,https://www.idealista.pt/imovel/34708815/,7,3.064821914649849,32.75,260035.0,0.5,0
34645815,585000.0,206.0,2840.0,3,4,Centro de Senhora da Hora,São Mamede de Infesta e Senhora da Hora,,41.1856078,-8.6487595,2,good,False,True,23,False,https://www.idealista.pt/imovel/34645815/,5,5.106281201153229,51.5,585040.0,1.0,0
33486815,1250000.0,360.0,3472.0,5,5,Centro,Madalena,,41.1124388,-8.6483083,,good,False,,40,True,https://www.idealista.pt/imovel/33486815/,2,5.185611341111703,60.0,1249920.0,0.8333333333333334,0
34384817,580000.0,151.0,3841.0,2,2,Sete Bicas,São Mamede de Infesta e Senhora da Hora,,41.1858264,-8.6474693,4,good,False,True,21,False,https://www.idealista.pt/imovel/34384817/,5,5.059295687715079,50.333333333333336,579991.0,0.6666666666666666,0
34386808,510000.0,151.0,3377.0,2,3,Sete Bicas,São Mamede de Infesta e Senhora da Hora,,41.1853034,-8.6484924,1,good,False,True,23,False,https://www.idealista.pt/imovel/34386808/,5,5.065870785489159,50.333333333333336,509927.0,1.0,0
34237777,267500.0,45.0,5944.0,0,1,Campo 24 de Agosto,Bonfim,,41.1514253,-8.5977129,19,newdevelopment,True,True,31,True,https://www.idealista.pt/empreendimento/34237777/,6,1.122628591993563,45.0,267480.0,1.0,1
34617771,310000.0,48.0,6458.0,1,1,Baixa,Cedofeita - Santo Ildefonso - Sé - Miragaia - São Nicolau - Vitória,Bolhão,41.1487904,-8.6056936,3,good,False,False,26,True,https://www.idealista.pt/imovel/34617771/,6,0.4451282353704263,24.0,309984.0,0.5,1
34558740,794500.0,221.0,3595.0,4,4,Prelada - Monte dos Burgos,Ramalde,Requesende,41.1770659,-8.6363828,5,good,False,True,19,False,https://www.idealista.pt/imovel/34558740/,5,3.7253054358657347,44.2,794495.0,0.8,0
34634718,580000.0,153.0,3791.0,3,3,Combatentes - Costa Cabral,Paranhos,,41.1674836,-8.5929557,1,good,False,True,20,False,https://www.idealista.pt/imovel/34634718/,6,2.4922207928053846,38.25,580023.0,0.75,1
34719669,530000.0,200.0,2650.0,2,4,Lapa - Bouça,Cedofeita - Santo Ildefonso - Sé - Miragaia - São Nicolau - Vitória,,41.154385,-8.6187596,,good,False,True,17,False,https://www.idealista.pt/imovel/34719669/,1,0.8462448041100477,66.66666666666667,530000.0,1.3333333333333333,1
33688661,1400000.0,172.0,8140.0,3,4,Baixa,Cedofeita - Santo Ildefonso - Sé - Miragaia - São Nicolau - Vitória,Aliados - Clérigos - Carlos Alberto,41.1487849,-8.6081835,2,good,False,True,29,True,https://www.idealista.pt/imovel/33688661/,6,0.24484466812412836,43.0,1400080.0,1.0,1
34574613,875000.0,129.0,6783.0,3,3,Matosinhos Sul - Marginal,Matosinhos e Leça da Palmeira,,41.1782126,-8.6843054,5,good,False,True,21,False,https://www.idealista.pt/imovel/34574613/,0,6.9196337660732805,32.25,875007.0,0.75,0
34450469,315000.0,61.0,5164.0,0,1,Matosinhos Sul - Marginal,Matosinhos e Leça da Palmeira,,41.1760842,-8.6849954,3,good,False,True,35,False,https://www.idealista.pt/imovel/34450469/,0,6.866282508662406,61.0,315004.0,1.0,0
33770433,365000.0,92.0,3967.0,2,1,Constituição,Cedofeita - Santo Ildefonso - Sé - Miragaia - São Nicolau - Vitória,,41.1655216,-8.6238467,3,newdevelopment,True,True,21,False,https://www.idealista.pt/empreendimento/33770433/,1,2.0758431929596357,30.666666666666668,364964.0,0.3333333333333333,1
33864423,410000.0,162.0,2531.0,2,2,Fontaínhas - Duques,Bonfim,,41.1421624,-8.5967541,bj,newdevelopment,True,True,16,False,https://www.idealista.pt/empreendimento/33864423/,6,1.4446405497253298,54.0,410022.0,0.6666666666666666,1
34295410,1350000.0,202.0,6683.0,3,4,Aviz - Cristo Rei,Aldoar - Foz do Douro - Nevogilde,,41.1626451,-8.6711983,1,good,False,True,39,False,https://www.idealista.pt/imovel/34295410/,0,5.252487674844402,50.5,1349966.0,1.0,0
34511399,390000.0,90.0,4333.0,2,2,Monte dos Burgos - Carvalhido,Paranhos,,41.1700926,-8.6205949,2,good,False,True,19,False,https://www.idealista.pt/imovel/34511399/,1,2.418899743062975,30.0,389970.0,0.6666666666666666,1
33710378,1750000.0,450.0,3889.0,3,5,Ouro - Condominhas,Lordelo do Ouro e Massarelos,,41.1495373,-8.6490065,bj,newdevelopment,True,True,22,False,https://www.idealista.pt/empreendimento/33710378/,2,3.1906326787949637,112.5,1750050.0,1.25,0
33898350,390000.0,84.0,4643.0,1,2,Baixa,Cedofeita - Santo Ildefonso - Sé - Miragaia - São Nicolau - Vitória,Cedofeita,41.1542839,-8.6176232,4,good,False,True,35,True,https://www.idealista.pt/imovel/33898350/,1,0.7668927380996241,42.0,390012.0,1.0,1
34644323,650000.0,209.0,3110.0,3,3,Parque de Real - Água Viva,Matosinhos e Leça da Palmeira,,41.1802024,-8.6757909,1,good,False,True,21,False,https://www.idealista.pt/imovel/34644323/,0,6.40981820861085,52.25,649990.0,0.75,0
34598309,2050000.0,387.0,5297.0,4,4,Foz,Aldoar - Foz do Douro - Nevogilde,,41.160846,-8.6747708,1,renew,False,False,20,True,https://www.idealista.pt/imovel/34598309/,0,5.491656515073678,77.4,2049939.0,0.8,0
34470303,371500.0,103.0,3607.0,2,2,Soares dos Reis - Rasa de Cima,Mafamude e Vilar do Paraíso,,41.1181971,-8.6109471,2,newdevelopment,True,True,17,False,https://www.idealista.pt/empreendimento/34470303/,7,3.4918453899398143,34.333333333333336,371521.0,0.6666666666666666,0
34470301,316000.0,85.0,3718.0,2,2,Soares dos Reis - Rasa de Cima,Mafamude e Vilar do Paraíso,,41.1181971,-8.6109471,2,newdevelopment,True,True,17,False,https://www.idealista.pt/empreendimento/34470301/,7,3.4918453899398143,28.333333333333332,316030.0,0.6666666666666666,0
34470256,259000.0,66.0,3924.0,1,1,Soares dos Reis - Rasa de Cima,Mafamude e Vilar do Paraíso,,41.1181971,-8.6109471,3,newdevelopment,True,True,17,False,https://www.idealista.pt/empreendimento/34470256/,7,3.4918453899398143,33.0,258984.0,0.5,0
33758253,373000.0,76.0,4908.0,1,1,Antas - Estádio do Dragão,Campanhã,,41.158902,-8.5915304,8,newdevelopment,True,True,77,True,https://www.idealista.pt/empreendimento/33758253/,6,1.9234629442359152,38.0,373008.0,0.5,1
34712216,375000.0,138.0,2717.0,3,2,Salgueiros,Canidelo,,41.1187681,-8.6515691,,good,False,,26,True,https://www.idealista.pt/imovel/34712216/,2,4.832633330034274,34.5,374946.0,0.5,0
33703195,380000.0,53.0,7170.0,2,1,Centro Histórico,Santa Marinha e São Pedro da Afurada,,41.1375232,-8.6099583,,good,False,,22,False,https://www.idealista.pt/imovel/33703195/,7,1.3451921125557689,17.666666666666668,380010.0,0.3333333333333333,1
34562158,525000.0,288.0,1823.0,3,4,Hospital São João - Pólo Universitário,Paranhos,,41.1760748,-8.590787,5,good,False,True,21,False,https://www.idealista.pt/imovel/34562158/,3,3.391340415849022,72.0,525024.0,1.0,0
34012159,218000.0,53.0,4113.0,1,1,São Caetano - Soutelo - Areias,Rio Tinto,,41.1713129,-8.5554955,5,newdevelopment,True,True,35,False,https://www.idealista.pt/empreendimento/34012159/,3,5.228964285447464,26.5,217989.0,0.5,0
34012141,224000.0,53.0,4226.0,1,1,São Caetano - Soutelo - Areias,Rio Tinto,,41.1713129,-8.5554955,1,newdevelopment,True,True,35,False,https://www.idealista.pt/empreendimento/34012141/,3,5.228964285447464,26.5,223978.0,0.5,0
34012125,216000.0,53.0,4075.0,1,1,São Caetano - Soutelo - Areias,Rio Tinto,,41.1713129,-8.5554955,5,newdevelopment,True,True,35,False,https://www.idealista.pt/empreendimento/34012125/,3,5.228964285447464,26.5,215975.0,0.5,0
34634073,220000.0,50.0,4400.0,0,1,Areosa - Fernão de Magalhães,Paranhos,,41.1786754,-8.5843793,3,good,False,True,17,False,https://www.idealista.pt/imovel/34634073/,3,3.9218878646570428,50.0,220000.0,1.0,0
34514059,569000.0,195.0,2918.0,3,3,Areosa - Fernão de Magalhães,Paranhos,,41.1746114,-8.5874043,2,good,False,True,29,False,https://www.idealista.pt/imovel/34514059/,3,3.4063815383549203,48.75,569010.0,0.75,0
34001042,835000.0,208.0,4014.0,4,4,Antas - Estádio do Dragão,Campanhã,,41.1584564,-8.5851543,3,newdevelopment,True,True,55,True,https://www.idealista.pt/empreendimento/34001042/,6,2.3698243577797893,41.6,834912.0,0.8,1
33840038,482000.0,119.0,4050.0,3,2,Antas - Estádio do Dragão,Campanhã,,41.1584564,-8.5851543,3,newdevelopment,True,True,55,True,https://www.idealista.pt/empreendimento/33840038/,6,2.3698243577797893,29.75,481950.0,0.5,1
34209011,337500.0,121.0,2789.0,3,2,Constituição,Cedofeita - Santo Ildefonso - Sé - Miragaia - São Nicolau - Vitória,,41.1631286,-8.6136759,3,good,False,True,41,False,https://www.idealista.pt/imovel/34209011/,1,1.5221574331890855,30.25,337469.0,0.5,1
34678002,830000.0,190.0,4368.0,4,3,Bessa - Foco,Ramalde,,41.1630106,-8.643324,7,good,False,True,24,True,https://www.idealista.pt/imovel/34678002/,1,3.09716957308375,38.0,829920.0,0.6,0
33503963,1280000.0,390.0,3282.0,3,4,Ouro - Condominhas,Lordelo do Ouro e Massarelos,,41.1498717,-8.6510677,,good,False,,43,False,https://www.idealista.pt/imovel/33503963/,2,3.363334710170245,97.5,1279980.0,1.0,0
32718254,1760000.0,277.0,6354.0,4,4,Foz Velha,Aldoar - Foz do Douro - Nevogilde,,41.1503979,-8.6694916,,good,False,,26,True,https://www.idealista.pt/imovel/32718254/,0,4.906595150585509,55.4,1760058.0,0.8,0
33654178,1500000.0,245.0,6122.0,3,4,Foz,Aldoar - Foz do Douro - Nevogilde,,41.156989,-8.6795412,3,good,False,True,70,True,https://www.idealista.pt/imovel/33654178/,0,5.805377839658815,61.25,1499890.0,1.0,0
33761957,365000.0,98.0,3724.0,3,3,Centro de Ramalde - Pereiró,Ramalde,,41.1724464,-8.6521949,,good,False,False,28,True,https://www.idealista.pt/imovel/33761957/,0,4.290032870849921,24.5,364952.0,0.75,0
34643947,320000.0,40.0,8000.0,0,1,Centro Histórico,Cedofeita - Santo Ildefonso - Sé - Miragaia - São Nicolau - Vitória,Rua das Flores - Mouzinho,41.142873,-8.6122875,1,good,False,False,20,False,https://www.idealista.pt/imovel/34643947/,1,0.756977008740919,40.0,320000.0,1.0,1
34502926,249500.0,47.0,5309.0,0,1,Fernão Magalhães - Joaquim Urbano,Bonfim,,41.1552216,-8.5966049,1,good,False,True,29,True,https://www.idealista.pt/imovel/34502926/,6,1.3502692458819028,47.0,249523.0,1.0,1
34705898,375000.0,72.0,5208.0,1,1,Lavadores,Canidelo,,41.1336414,-8.6663476,3,renew,False,True,15,False,https://www.idealista.pt/imovel/34705898/,2,4.970682559373532,36.0,374976.0,0.5,0
32368884,540000.0,115.0,4696.0,2,2,Centro Histórico,Cedofeita - Santo Ildefonso - Sé - Miragaia - São Nicolau - Vitória,Rua das Flores - Mouzinho,41.1426754,-8.6125748,1,good,False,False,23,True,https://www.idealista.pt/imovel/32368884/,1,0.7826469162664706,38.333333333333336,540040.0,0.6666666666666666,1
34602878,255000.0,59.0,4322.0,1,1,Antas - Estádio do Dragão,Campanhã,,41.1563392,-8.5910283,2,newdevelopment,True,True,21,False,https://www.idealista.pt/empreendimento/34602878/,6,1.8247263448270736,29.5,254998.0,0.5,1
34677863,300000.0,51.0,5882.0,1,1,Sampaio-Alumiara-Verdinho,Canidelo,,41.1415392,-8.6516328,1,good,False,True,36,False,https://www.idealista.pt/imovel/34677863/,2,3.5265387020337418,25.5,299982.0,0.5,0
34420818,405000.0,118.0,3432.0,3,3,Padrão da Légua - Av. Xanana Gusmão,Custóias - Leça do Balio - Guifões,,41.191013,-8.6333514,2,good,False,True,18,False,https://www.idealista.pt/imovel/34420818/,5,4.973610053144598,29.5,404976.0,0.75,0
34420795,325000.0,89.0,3652.0,2,2,Padrão da Légua - Av. Xanana Gusmão,Custóias - Leça do Balio - Guifões,,41.191013,-8.6333514,2,good,False,True,18,False,https://www.idealista.pt/imovel/34420795/,5,4.973610053144598,29.666666666666668,325028.0,0.6666666666666666,0
34624719,570000.0,280.0,2036.0,3,3,Paniceiro-Viso-Meiral,Canidelo,,41.1166266,-8.6493055,,newdevelopment,True,True,24,True,https://www.idealista.pt/empreendimento/34624719/,2,4.87736573235154,70.0,570080.0,0.75,0
34624694,575000.0,271.0,2122.0,3,3,Paniceiro-Viso-Meiral,Canidelo,,41.1166266,-8.6493055,,newdevelopment,True,True,24,True,https://www.idealista.pt/empreendimento/34624694/,2,4.87736573235154,67.75,575062.0,0.75,0
29773622,475000.0,165.0,2879.0,4,2,Baixa,Cedofeita - Santo Ildefonso - Sé - Miragaia - São Nicolau - Vitória,Santa Catarina,41.1515763,-8.6065487,2,good,False,False,28,True,https://www.idealista.pt/imovel/29773622/,6,0.425470056649751,33.0,475035.0,0.4,1
34677619,610000.0,207.0,2947.0,2,2,Sampaio-Alumiara-Verdinho,Canidelo,,41.1405211,-8.6534759,bj,good,False,True,41,False,https://www.idealista.pt/imovel/34677619/,2,3.7052674978961857,69.0,610029.0,0.6666666666666666,0
33081604,1200000.0,358.0,3352.0,4,6,Praia,Madalena,,41.0976386,-8.6543259,,renew,False,,28,False,https://www.idealista.pt/imovel/33081604/,2,6.827484204322084,71.6,1200016.0,1.2,0
34668593,775000.0,357.0,2171.0,4,5,Sampaio-Alumiara-Verdinho,Canidelo,,41.1354159,-8.6501131,,newdevelopment,True,,35,True,https://www.idealista.pt/empreendimento/34668593/,2,3.6427746504155234,71.4,775047.0,1.0,0
34624558,570000.0,297.0,1919.0,3,3,Paniceiro-Viso-Meiral,Canidelo,,41.1166266,-8.6493055,,newdevelopment,True,True,24,True,https://www.idealista.pt/empreendimento/34624558/,2,4.87736573235154,74.25,569943.0,0.75,0
34327549,850000.0,284.0,2993.0,3,4,Salgueiros,Canidelo,,41.1132705,-8.6621944,bj,newdevelopment,True,True,75,True,https://www.idealista.pt/empreendimento/34327549/,2,5.897003030912629,71.0,850012.0,1.0,0
34552542,392500.0,88.0,4460.0,2,2,Afurada - Arrábida - Cavaco,Santa Marinha e São Pedro da Afurada,,41.1401253,-8.6403968,8,newdevelopment,True,True,35,True,https://www.idealista.pt/empreendimento/34552542/,2,2.685227256684756,29.333333333333332,392480.0,0.6666666666666666,1
34552543,265000.0,40.0,6625.0,1,1,Afurada - Arrábida - Cavaco,Santa Marinha e São Pedro da Afurada,,41.1401253,-8.6403968,9,newdevelopment,True,True,34,True,https://www.idealista.pt/empreendimento/34552543/,2,2.685227256684756,20.0,265000.0,0.5,1
34327540,800000.0,182.0,4396.0,3,4,Salgueiros,Canidelo,,41.1132705,-8.6621944,1,newdevelopment,True,True,68,True,https://www.idealista.pt/empreendimento/34327540/,2,5.897003030912629,45.5,800072.0,1.0,0
34552521,270000.0,40.0,6750.0,0,1,Afurada - Arrábida - Cavaco,Santa Marinha e São Pedro da Afurada,,41.1401253,-8.6403968,10,newdevelopment,True,True,35,True,https://www.idealista.pt/empreendimento/34552521/,2,2.685227256684756,40.0,270000.0,1.0,1
34664423,258000.0,42.0,6143.0,1,1,Baixa,Cedofeita - Santo Ildefonso - Sé - Miragaia - São Nicolau - Vitória,Cedofeita,41.1558032,-8.6191794,1,good,False,True,17,False,https://www.idealista.pt/imovel/34664423/,1,0.9779022814594217,21.0,258006.0,0.5,1
33987410,975000.0,152.0,6414.0,3,4,Pinheiro Manso,Ramalde,,41.1656854,-8.6514162,1,,True,True,15,False,https://www.idealista.pt/empreendimento/33987410/,0,3.8346576639088283,38.0,974928.0,1.0,0
34711396,550000.0,105.0,5238.0,2,2,Lavadores,Canidelo,,41.133926,-8.6685402,1,good,False,True,29,False,https://www.idealista.pt/imovel/34711396/,2,5.131764739694393,35.0,549990.0,0.6666666666666666,0
34195394,399000.0,153.0,2608.0,4,3,Francos - Casa da Música - Pedro Hispano,Ramalde,,41.1617738,-8.6377402,3,good,False,True,37,True,https://www.idealista.pt/imovel/34195394/,1,2.6233291415282385,30.6,399024.0,0.6,1
34696360,335000.0,121.0,2769.0,2,2,Câmara de Gaia - Aviadores - Quinta das Pedras,Mafamude e Vilar do Paraíso,,41.125219,-8.6145986,6,good,False,True,23,True,https://www.idealista.pt/imovel/34696360/,7,2.728680004723622,40.333333333333336,335049.0,0.6666666666666666,1
34678339,312000.0,62.0,5032.0,1,1,Santos Pousada,Bonfim,,41.1527599,-8.6004517,1,good,False,True,22,False,https://www.idealista.pt/imovel/34678339/,6,0.9427314126074352,31.0,311984.0,0.5,1
34708253,313000.0,102.0,3069.0,2,2,Sampaio-Alumiara-Verdinho,Canidelo,,41.1349937,-8.6372618,3,good,False,True,17,True,https://www.idealista.pt/imovel/34708253/,2,2.7406003772016687,34.0,313038.0,0.6666666666666666,1
33663211,560000.0,122.0,4590.0,3,3,Covelo - Monte de São João,Paranhos,,41.1640631,-8.6043535,3,good,False,True,32,True,https://www.idealista.pt/imovel/33663211/,6,1.6990483955444637,30.5,559980.0,0.75,1
34678198,1600000.0,246.0,6504.0,4,4,Sampaio-Alumiara-Verdinho,Canidelo,,41.1398151,-8.6533374,5,good,False,True,39,False,https://www.idealista.pt/imovel/34678198/,2,3.7163494063917697,49.2,1599984.0,0.8,0
34637181,325000.0,48.0,6771.0,1,1,Camões - Gonçalo Cristóvão - Faria Guimarães,Cedofeita - Santo Ildefonso - Sé - Miragaia - São Nicolau - Vitória,,41.1547723,-8.6075949,2,newdevelopment,True,True,16,False,https://www.idealista.pt/empreendimento/34637181/,6,0.6382426910311112,24.0,325008.0,0.5,1
29961050,360000.0,59.0,6102.0,1,1,Baixa,Cedofeita - Santo Ildefonso - Sé - Miragaia - São Nicolau - Vitória,Cedofeita,41.1544656,-8.6170062,1,good,False,True,17,True,https://www.idealista.pt/imovel/29961050/,1,0.7443707192195063,29.5,360018.0,0.5,1
34349049,520000.0,146.0,3562.0,2,2,Fluvial,Lordelo do Ouro e Massarelos,,41.1494,-8.6575898,,good,False,True,35,False,https://www.idealista.pt/imovel/34349049/,0,3.9093648543250543,48.666666666666664,520052.0,0.6666666666666666,0
34714020,1300000.0,484.0,2686.0,5,5,Cooperativa dos Arquitectos - Fonte da Moura - Pedra Verde,Aldoar - Foz do Douro - Nevogilde,,41.1736755,-8.6675873,,good,False,,29,False,https://www.idealista.pt/imovel/34714020/,0,5.44853626022187,80.66666666666667,1300024.0,0.8333333333333334,0
34603020,265000.0,59.0,4492.0,1,1,Antas - Estádio do Dragão,Campanhã,,41.1563392,-8.5910283,5,newdevelopment,True,True,21,False,https://www.idealista.pt/empreendimento/34603020/,6,1.8247263448270736,29.5,265028.0,0.5,1
34603010,259000.0,59.0,4390.0,1,1,Antas - Estádio do Dragão,Campanhã,,41.1563392,-8.5910283,3,newdevelopment,True,True,21,False,https://www.idealista.pt/empreendimento/34603010/,6,1.8247263448270736,29.5,259010.0,0.5,1
34526062,299000.0,52.0,5750.0,1,1,Campo 24 de Agosto,Bonfim,,41.1493713,-8.60051,1,good,False,True,18,False,https://www.idealista.pt/imovel/34526062/,6,0.870318642090261,26.0,299000.0,0.5,1
34213955,399000.0,136.0,2934.0,1,1,Baixa,Cedofeita - Santo Ildefonso - Sé - Miragaia - São Nicolau - Vitória,Praça da República,41.1535903,-8.6159124,st,good,False,False,24,False,https://www.idealista.pt/imovel/34213955/,1,0.6107327321433882,68.0,399024.0,0.5,1
34701910,895000.0,242.0,3698.0,4,3,Camões - Gonçalo Cristóvão - Faria Guimarães,Cedofeita - Santo Ildefonso - Sé - Miragaia - São Nicolau - Vitória,,41.1523629,-8.6079117,9,good,False,True,40,False,https://www.idealista.pt/imovel/34701910/,6,0.39621418009845927,48.4,894916.0,0.6,1
34704903,700000.0,230.0,3043.0,3,2,Aviz - Cristo Rei,Aldoar - Foz do Douro - Nevogilde,,41.1617475,-8.6681195,6,good,False,True,21,False,https://www.idealista.pt/imovel/34704903/,0,4.977281805453286,57.5,699890.0,0.5,0
33836903,320000.0,70.0,4571.0,0,1,Baixa,Cedofeita - Santo Ildefonso - Sé - Miragaia - São Nicolau - Vitória,Santa Catarina,41.1521537,-8.6034649,4,good,False,False,32,False,https://www.idealista.pt/imovel/33836903/,6,0.6842268216662728,70.0,319970.0,1.0,1
34081902,260000.0,49.0,5306.0,0,1,Baixa,Cedofeita - Santo Ildefonso - Sé - Miragaia - São Nicolau - Vitória,Batalha - Poveiros,41.1462512,-8.6074779,1,good,False,False,18,False,https://www.idealista.pt/imovel/34081902/,6,0.46985358552618217,49.0,259994.0,1.0,1
34680869,595000.0,126.0,4722.0,2,2,Camões - Gonçalo Cristóvão - Faria Guimarães,Cedofeita - Santo Ildefonso - Sé - Miragaia - São Nicolau - Vitória,,41.156868,-8.6052413,bj,good,False,True,22,False,https://www.idealista.pt/imovel/34680869/,6,0.9367976496461775,42.0,594972.0,0.6666666666666666,1
33854828,360000.0,105.0,3429.0,2,2,Praia,Madalena,,41.1075386,-8.6553949,bj,newdevelopment,True,True,32,True,https://www.idealista.pt/empreendimento/33854828/,2,5.9802051029712695,35.0,360045.0,0.6666666666666666,0
33854818,470000.0,182.0,2582.0,3,3,Praia,Madalena,,41.1075386,-8.6553949,1,newdevelopment,True,True,32,True,https://www.idealista.pt/empreendimento/33854818/,2,5.9802051029712695,45.5,469924.0,0.75,0
34327795,259000.0,89.0,2910.0,1,2,Maninho - Baviera,Madalena,,41.1124446,-8.6322499,1,newdevelopment,True,True,30,True,https://www.idealista.pt/empreendimento/34327795/,7,4.501841809487655,44.5,258990.0,1.0,0
34158701,359000.0,58.0,6190.0,1,1,Centro Histórico,Cedofeita - Santo Ildefonso - Sé - Miragaia - São Nicolau - Vitória,São Bento - Cimo de Vila,41.1441537,-8.6090056,3,good,False,False,16,False,https://www.idealista.pt/imovel/34158701/,6,0.6260301504389606,29.0,359020.0,0.5,1
34501674,320000.0,46.0,6957.0,1,1,Centro Histórico,Cedofeita - Santo Ildefonso - Sé - Miragaia - São Nicolau - Vitória,Sé,41.142944,-8.6114986,1,good,False,True,16,False,https://www.idealista.pt/imovel/34501674/,1,0.7418087261582219,23.0,320022.0,0.5,1
34579651,1037000.0,225.0,4609.0,3,3,Salgueiros,Canidelo,,41.118194,-8.6609516,,newdevelopment,True,,24,False,https://www.idealista.pt/empreendimento/34579651/,2,5.455858488436715,56.25,1037025.0,0.75,0
34181651,1000000.0,250.0,4000.0,4,4,ESMAE - Doze Casas,Bonfim,,41.1525073,-8.6036481,3,good,False,False,53,False,https://www.idealista.pt/imovel/34181651/,6,0.6878791021046552,50.0,1000000.0,0.8,1
33364591,735000.0,240.0,3063.0,3,4,Lavadores,Canidelo,,41.134717,-8.6675705,2,newdevelopment,True,True,42,False,https://www.idealista.pt/empreendimento/33364591/,2,5.025793341711962,60.0,735120.0,1.0,0
32980592,249000.0,50.0,4980.0,1,1,Centro Histórico,Cedofeita - Santo Ildefonso - Sé - Miragaia - São Nicolau - Vitória,Ferreira Borges - Comércio do Porto,41.1399971,-8.6161694,2,good,False,False,18,False,https://www.idealista.pt/imovel/32980592/,1,1.1553663531439158,25.0,249000.0,0.5,1
34164566,730000.0,225.0,3244.0,3,3,Monte dos Burgos - Carvalhido,Paranhos,,41.1640095,-8.6179188,,good,False,,31,False,https://www.idealista.pt/imovel/34164566/,1,1.7066156847191287,56.25,729900.0,0.75,1
33364547,530000.0,169.0,3136.0,2,3,Lavadores,Canidelo,,41.134717,-8.6675705,2,newdevelopment,True,True,37,False,https://www.idealista.pt/empreendimento/33364547/,2,5.025793341711962,56.333333333333336,529984.0,1.0,0
34652503,245000.0,56.0,4375.0,1,1,Areosa - Fernão de Magalhães,Paranhos,,41.1780108,-8.5847277,2,newdevelopment,True,True,28,False,https://www.idealista.pt/empreendimento/34652503/,3,3.844505946707583,28.0,245000.0,0.5,0
34668497,900000.0,411.0,2190.0,4,4,Sampaio-Alumiara-Verdinho,Canidelo,,41.1354159,-8.6501131,,newdevelopment,True,,32,True,https://www.idealista.pt/empreendimento/34668497/,2,3.6427746504155234,82.2,900090.0,0.8,0
34630486,250000.0,48.0,5208.0,1,1,Covelo - Monte de São João,Paranhos,,41.1649129,-8.6052823,2,newdevelopment,True,True,15,False,https://www.idealista.pt/empreendimento/34630486/,6,1.7664756104108625,24.0,249984.0,0.5,1
34630487,255000.0,48.0,5313.0,1,1,Covelo - Monte de São João,Paranhos,,41.1649129,-8.6052823,4,newdevelopment,True,True,15,False,https://www.idealista.pt/empreendimento/34630487/,6,1.7664756104108625,24.0,255024.0,0.5,1
32995454,860000.0,373.0,2306.0,4,4,Lavadores,Canidelo,,41.1223108,-8.6646445,,good,False,,23,False,https://www.idealista.pt/imovel/32995454/,2,5.42825476510555,74.6,860138.0,0.8,0
33865431,390000.0,165.0,2364.0,2,2,Santo Ovídio - Cedro - Monte da Virgem,Mafamude e Vilar do Paraíso,,41.1128829,-8.6025313,bj,good,False,True,31,False,https://www.idealista.pt/imovel/33865431/,7,4.142481278188186,55.0,390060.0,0.6666666666666666,0
34696429,295000.0,159.0,1855.0,3,3,Coimbrões,Santa Marinha e São Pedro da Afurada,,41.1226934,-8.6340228,1,good,False,True,19,True,https://www.idealista.pt/imovel/34696429/,2,3.5638692750601826,39.75,294945.0,0.75,0
34375369,695000.0,145.0,4793.0,3,2,Campo Alegre,Lordelo do Ouro e Massarelos,,41.1563253,-8.6490462,10,good,False,True,21,False,https://www.idealista.pt/imovel/34375369/,0,3.280165899133902,36.25,694985.0,0.5,0
34476256,630000.0,160.0,3938.0,3,3,Serralves,Lordelo do Ouro e Massarelos,,41.1586514,-8.6538561,3,newdevelopment,True,True,24,True,https://www.idealista.pt/empreendimento/34476256/,0,3.7346051230025656,40.0,630080.0,0.75,0
34691243,266700.0,69.0,3865.0,2,1,Lavadores,Canidelo,,41.127822,-8.6513734,,good,False,True,18,False,https://www.idealista.pt/imovel/34691243/,2,4.165567720505541,23.0,266685.0,0.3333333333333333,0
34713233,299000.0,69.0,4333.0,2,2,Campo 24 de Agosto,Bonfim,,41.1514873,-8.5934753,1,good,False,True,19,False,https://www.idealista.pt/imovel/34713233/,6,1.4739498225923855,23.0,298977.0,0.6666666666666666,1
34637227,280000.0,98.0,2857.0,2,2,Candal - Regadas,Santa Marinha e São Pedro da Afurada,,41.138069,-8.635833,1,good,False,True,20,False,https://www.idealista.pt/imovel/34637227/,2,2.45008640142751,32.666666666666664,279986.0,0.6666666666666666,1
34669173,1350000.0,343.0,3936.0,3,4,Lavadores,Canidelo,,41.134717,-8.6675705,6,newdevelopment,True,True,38,False,https://www.idealista.pt/empreendimento/34669173/,2,5.025793341711962,85.75,1350048.0,1.0,0
34693155,285000.0,95.0,3000.0,2,1,Arca d'Água - Campo Lindo - Vale Formoso,Paranhos,,41.1725775,-8.6116147,5,good,False,True,20,True,https://www.idealista.pt/imovel/34693155/,1,2.555681867165287,31.666666666666668,285000.0,0.3333333333333333,1
34490136,325000.0,62.0,5242.0,1,1,Fontaínhas - Duques,Bonfim,,41.1455857,-8.5974647,bj,good,False,False,26,True,https://www.idealista.pt/imovel/34490136/,6,1.2102815821103274,31.0,325004.0,0.5,1
34453138,239900.0,35.0,6854.0,1,1,Agramonte - Bom Sucesso - Guerra Junqueiro,Lordelo do Ouro e Massarelos,,41.1577053,-8.6333612,2,good,False,True,16,False,https://www.idealista.pt/imovel/34453138/,1,2.0853574595848943,17.5,239890.0,0.5,1
34351135,565000.0,90.0,6278.0,2,2,Serralves,Lordelo do Ouro e Massarelos,,41.1578421,-8.6506183,1,newdevelopment,True,True,16,True,https://www.idealista.pt/empreendimento/34351135/,0,3.449349871873751,30.0,565020.0,0.6666666666666666,0
34351131,292500.0,50.0,5850.0,1,1,Serralves,Lordelo do Ouro e Massarelos,,41.1578421,-8.6506183,1,newdevelopment,True,True,16,True,https://www.idealista.pt/empreendimento/34351131/,0,3.449349871873751,25.0,292500.0,0.5,0
34694129,349000.0,120.0,2908.0,2,2,Candal - Regadas,Santa Marinha e São Pedro da Afurada,,41.1343728,-8.630592,2,good,False,True,33,False,https://www.idealista.pt/imovel/34694129/,1,2.3634795665847976,40.0,348960.0,0.6666666666666666,1
34713107,695000.0,242.0,2872.0,5,3,Camões - Gonçalo Cristóvão - Faria Guimarães,Cedofeita - Santo Ildefonso - Sé - Miragaia - São Nicolau - Vitória,,41.1545647,-8.6086772,12,renew,False,False,31,False,https://www.idealista.pt/imovel/34713107/,6,0.5825753625821491,40.333333333333336,695024.0,0.5,1
34660076,345000.0,105.0,3286.0,3,2,Padrão da Légua - Av. Xanana Gusmão,Custóias - Leça do Balio - Guifões,,41.1892391,-8.6390818,3,good,False,True,12,False,https://www.idealista.pt/imovel/34660076/,5,4.999204669670743,26.25,345030.0,0.5,0
33854974,465000.0,182.0,2555.0,3,3,Praia,Madalena,,41.1075386,-8.6553949,1,newdevelopment,True,True,32,True,https://www.idealista.pt/empreendimento/33854974/,2,5.9802051029712695,45.5,465010.0,0.75,0
34668893,1300000.0,622.0,2090.0,4,5,Sampaio-Alumiara-Verdinho,Canidelo,,41.1390594,-8.6489617,,newdevelopment,True,,34,False,https://www.idealista.pt/empreendimento/34668893/,2,3.3958086464062243,124.4,1299980.0,1.0,0
34668856,1380000.0,644.0,2143.0,5,6,Sampaio-Alumiara-Verdinho,Canidelo,,41.1390594,-8.6489617,,newdevelopment,True,,35,False,https://www.idealista.pt/empreendimento/34668856/,2,3.3958086464062243,107.33333333333333,1380092.0,1.0,0
34668845,1450000.0,644.0,2252.0,5,6,Sampaio-Alumiara-Verdinho,Canidelo,,41.1390594,-8.6489617,,newdevelopment,True,,37,False,https://www.idealista.pt/empreendimento/34668845/,2,3.3958086464062243,107.33333333333333,1450288.0,1.0,0
34085825,298750.0,79.0,3782.0,2,2,Sampaio-Alumiara-Verdinho,Canidelo,,41.1324415,-8.6404979,bj,newdevelopment,True,True,21,True,https://www.idealista.pt/empreendimento/34085825/,2,3.127833114019441,26.333333333333332,298778.0,0.6666666666666666,0
33236824,1200000.0,177.0,6780.0,4,3,Pinhais da Foz,Aldoar - Foz do Douro - Nevogilde,,41.1547511,-8.6651947,bj,good,False,True,21,True,https://www.idealista.pt/imovel/33236824/,0,4.581811176394586,35.4,1200060.0,0.6,0
34719725,1250000.0,388.0,3222.0,4,4,Salgueiros,Canidelo,,41.1159989,-8.6602822,,good,False,,42,False,https://www.idealista.pt/imovel/34719725/,2,5.573550184172342,77.6,1250136.0,0.8,0
34719692,665000.0,137.0,4854.0,3,2,Pinhais da Foz,Aldoar - Foz do Douro - Nevogilde,,41.1573284,-8.6681826,7,good,False,True,34,False,https://www.idealista.pt/imovel/34719692/,0,4.8723223908615205,34.25,664998.0,0.5,0
33167509,290346.0,93.0,3122.0,1,1,Areosa - Fernão de Magalhães,Paranhos,,41.1800454,-8.5831712,3,newdevelopment,True,True,25,False,https://www.idealista.pt/empreendimento/33167509/,3,4.104702340347637,46.5,290346.0,0.5,0
33167505,400600.0,145.0,2763.0,2,2,Areosa - Fernão de Magalhães,Paranhos,,41.1800454,-8.5831712,2,newdevelopment,True,True,25,False,https://www.idealista.pt/empreendimento/33167505/,3,4.104702340347637,48.333333333333336,400635.0,0.6666666666666666,0
33167493,285915.0,93.0,3074.0,1,1,Areosa - Fernão de Magalhães,Paranhos,,41.1800454,-8.5831712,2,newdevelopment,True,True,25,False,https://www.idealista.pt/empreendimento/33167493/,3,4.104702340347637,46.5,285882.0,0.5,0
34017452,563000.0,180.0,3128.0,3,3,Antas - Estádio do Dragão,Campanhã,,41.1605091,-8.5855728,4,newdevelopment,True,True,66,False,https://www.idealista.pt/empreendimento/34017452/,6,2.4428990636573045,45.0,563040.0,0.75,1
34017445,899000.0,316.0,2845.0,4,5,Antas - Estádio do Dragão,Campanhã,,41.1605091,-8.5855728,5,newdevelopment,True,True,67,False,https://www.idealista.pt/empreendimento/34017445/,6,2.4428990636573045,63.2,899020.0,1.0,1
34638442,253000.0,62.0,4081.0,1,1,Cooperativa dos Arquitectos - Fonte da Moura - Pedra Verde,Aldoar - Foz do Douro - Nevogilde,,41.1710537,-8.6580349,1,newdevelopment,True,True,39,False,https://www.idealista.pt/empreendimento/34638442/,0,4.610973808257531,31.0,253022.0,0.5,0
34624414,340000.0,90.0,3778.0,2,2,Padrão da Légua - Av. Xanana Gusmão,Custóias - Leça do Balio - Guifões,,41.191013,-8.6333514,5,newdevelopment,True,True,21,True,https://www.idealista.pt/empreendimento/34624414/,5,4.973610053144598,30.0,340020.0,0.6666666666666666,0
34624411,270000.0,68.0,3971.0,1,1,Padrão da Légua - Av. Xanana Gusmão,Custóias - Leça do Balio - Guifões,,41.191013,-8.6333514,5,newdevelopment,True,True,21,True,https://www.idealista.pt/empreendimento/34624411/,5,4.973610053144598,34.0,270028.0,0.5,0
34638381,402000.0,97.0,4144.0,2,2,Cooperativa dos Arquitectos - Fonte da Moura - Pedra Verde,Aldoar - Foz do Douro - Nevogilde,,41.1710537,-8.6580349,bj,newdevelopment,True,True,39,False,https://www.idealista.pt/empreendimento/34638381/,0,4.610973808257531,32.333333333333336,401968.0,0.6666666666666666,0
34512341,297500.0,57.0,5219.0,1,1,Lavadores,Canidelo,,41.1329723,-8.6658059,3,newdevelopment,True,True,44,False,https://www.idealista.pt/empreendimento/34512341/,2,4.95563345827231,28.5,297483.0,0.5,0
34512320,525450.0,127.0,4137.0,3,3,Lavadores,Canidelo,,41.1329723,-8.6658059,5,newdevelopment,True,True,44,False,https://www.idealista.pt/empreendimento/34512320/,2,4.95563345827231,31.75,525399.0,0.75,0
34638306,259500.0,66.0,3932.0,1,1,Cooperativa dos Arquitectos - Fonte da Moura - Pedra Verde,Aldoar - Foz do Douro - Nevogilde,,41.1710537,-8.6580349,1,newdevelopment,True,True,39,False,https://www.idealista.pt/empreendimento/34638306/,0,4.610973808257531,33.0,259512.0,0.5,0
33858278,295000.0,64.0,4609.0,1,1,Campo 24 de Agosto,Bonfim,,41.1494713,-8.5967688,bj,good,False,False,24,True,https://www.idealista.pt/imovel/33858278/,6,1.1832805865850127,32.0,294976.0,0.5,1
34624246,415000.0,119.0,3487.0,3,3,Padrão da Légua - Av. Xanana Gusmão,Custóias - Leça do Balio - Guifões,,41.191013,-8.6333514,2,newdevelopment,True,True,21,True,https://www.idealista.pt/empreendimento/34624246/,5,4.973610053144598,29.75,414953.0,0.75,0
33058087,820000.0,179.0,4581.0,4,4,Matosinhos Sul - Marginal,Matosinhos e Leça da Palmeira,,41.1757153,-8.6861971,1,newdevelopment,True,True,54,False,https://www.idealista.pt/empreendimento/33058087/,0,6.940043620202694,35.8,819999.0,0.8,0
33058073,850000.0,175.0,4857.0,4,4,Matosinhos Sul - Marginal,Matosinhos e Leça da Palmeira,,41.1757153,-8.6861971,2,newdevelopment,True,True,54,False,https://www.idealista.pt/empreendimento/33058073/,0,6.940043620202694,35.0,849975.0,0.8,0
34500014,445000.0,153.0,2908.0,2,3,Prelada - Monte dos Burgos,Ramalde,Parque da Prelada,41.17564,-8.6337859,2,good,False,True,37,False,https://www.idealista.pt/imovel/34500014/,5,3.47195018534048,51.0,444924.0,1.0,0
34213656,365000.0,110.0,3318.0,3,3,Centro de Ramalde - Pereiró,Ramalde,,41.1724554,-8.6521816,1,good,False,False,15,False,https://www.idealista.pt/imovel/34213656/,0,4.289728341353893,27.5,364980.0,0.75,0
34630876,220000.0,48.0,4583.0,0,1,Igreja do Bonfim - Lomba,Bonfim,,41.1540118,-8.5938995,2,renew,False,True,23,False,https://www.idealista.pt/imovel/34630876/,6,1.5055546444178727,48.0,219984.0,1.0,1
34630730,220000.0,48.0,4583.0,0,1,Igreja do Bonfim - Lomba,Bonfim,,41.1540118,-8.5938995,2,renew,False,True,31,False,https://www.idealista.pt/imovel/34630730/,6,1.5055546444178727,48.0,219984.0,1.0,1
34630729,230000.0,60.0,3833.0,0,1,Igreja do Bonfim - Lomba,Bonfim,,41.1540118,-8.5938995,bj,renew,False,True,23,False,https://www.idealista.pt/imovel/34630729/,6,1.5055546444178727,60.0,229980.0,1.0,1
34383712,1120000.0,204.0,5490.0,2,3,Baixa,Cedofeita - Santo Ildefonso - Sé - Miragaia - São Nicolau - Vitória,Aliados - Clérigos - Carlos Alberto,41.1470706,-8.6116655,5,good,False,True,28,False,https://www.idealista.pt/imovel/34383712/,1,0.28846745116770683,68.0,1119960.0,1.0,1
34432699,759000.0,267.0,2843.0,3,3,Lavadores,Canidelo,,41.1308739,-8.652783,,good,False,,26,True,https://www.idealista.pt/imovel/34432699/,2,4.078859914586895,66.75,759081.0,0.75,0
34690590,595000.0,84.0,7083.0,2,2,Matosinhos Sul - Marginal,Matosinhos e Leça da Palmeira,,41.1728431,-8.6820321,,good,False,True,18,False,https://www.idealista.pt/imovel/34690590/,0,6.491457716770749,28.0,594972.0,0.6666666666666666,0
33936524,1200000.0,345.0,3478.0,4,4,Baixa,Cedofeita - Santo Ildefonso - Sé - Miragaia - São Nicolau - Vitória,Cedofeita,41.156923,-8.6173541,7,good,False,True,25,True,https://www.idealista.pt/imovel/33936524/,1,0.9772655529420903,69.0,1199910.0,0.8,1
34674512,250000.0,59.0,4237.0,0,1,Batalha - Guindais,Cedofeita - Santo Ildefonso - Sé - Miragaia - São Nicolau - Vitória,,41.1443362,-8.6049226,2,good,False,False,16,False,https://www.idealista.pt/imovel/34674512/,6,0.7701220974831599,59.0,249983.0,1.0,1
34495484,315000.0,61.0,5164.0,0,1,Matosinhos Sul - Marginal,Matosinhos e Leça da Palmeira,,41.1760842,-8.6849954,3,good,False,True,18,False,https://www.idealista.pt/imovel/34495484/,0,6.866282508662406,61.0,315004.0,1.0,0
33503422,1650000.0,341.0,4839.0,5,4,Foz,Aldoar - Foz do Douro - Nevogilde,,41.161062,-8.6781598,,good,False,,39,False,https://www.idealista.pt/imovel/33503422/,0,5.773543486352503,56.833333333333336,1650099.0,0.6666666666666666,0
33359414,285000.0,55.0,5182.0,1,2,Miragaia - Virtudes,Cedofeita - Santo Ildefonso - Sé - Miragaia - São Nicolau - Vitória,,41.1423597,-8.6184995,1,good,False,False,19,False,https://www.idealista.pt/imovel/33359414/,1,1.026198282056942,27.5,285010.0,1.0,1
34690320,1395000.0,210.0,6643.0,4,4,Matosinhos Sul - Marginal,Matosinhos e Leça da Palmeira,,41.1755609,-8.6816643,,good,False,True,19,False,https://www.idealista.pt/imovel/34690320/,0,6.589784310845206,42.0,1395030.0,0.8,0
34546239,1250000.0,224.0,5580.0,3,4,Afurada - Arrábida - Cavaco,Santa Marinha e São Pedro da Afurada,,41.1430595,-8.6412063,10,good,False,True,20,True,https://www.idealista.pt/imovel/34546239/,2,2.639805064667412,56.0,1249920.0,1.0,1
34353240,340000.0,56.0,6071.0,1,1,Baixa,Cedofeita - Santo Ildefonso - Sé - Miragaia - São Nicolau - Vitória,Cedofeita,41.1502613,-8.6170072,3,renew,False,True,20,False,https://www.idealista.pt/imovel/34353240/,1,0.516607960944199,28.0,339976.0,0.5,1
34571225,500000.0,173.0,2890.0,3,1,Prelada - Monte dos Burgos,Ramalde,Requesende,41.175685,-8.6375164,bj,good,False,True,40,True,https://www.idealista.pt/imovel/34571225/,5,3.6575335596065037,43.25,499970.0,0.25,0
34702102,495000.0,115.0,4304.0,2,2,Antas - Estádio do Dragão,Campanhã,,41.1628262,-8.5821162,,good,False,True,22,False,https://www.idealista.pt/imovel/34702102/,6,2.82312761500471,38.333333333333336,494960.0,0.6666666666666666,1
34214036,539000.0,100.0,5390.0,2,2,Santos Pousada,Bonfim,,41.1532901,-8.598669,4,good,False,True,19,True,https://www.idealista.pt/imovel/34214036/,6,1.1032070544844055,33.333333333333336,539000.0,0.6666666666666666,1
33638463,395000.0,175.0,2257.0,1,1,Fontaínhas - Duques,Bonfim,,41.14207,-8.5993513,2,good,False,False,30,True,https://www.idealista.pt/imovel/33638463/,6,1.2791369535281605,87.5,394975.0,0.5,1
34594819,550000.0,138.0,3986.0,2,2,Sampaio-Alumiara-Verdinho,Canidelo,,41.1348283,-8.6475996,4,good,False,True,29,True,https://www.idealista.pt/imovel/34594819/,2,3.484582082238007,46.0,550068.0,0.6666666666666666,0
34690701,650000.0,153.0,4248.0,3,2,Boavista,Cedofeita - Santo Ildefonso - Sé - Miragaia - São Nicolau - Vitória,Casa da Música,41.1599547,-8.627589,1,good,False,True,39,True,https://www.idealista.pt/imovel/34690701/,1,1.8105226814931095,38.25,649944.0,0.5,1
34518656,350000.0,59.0,5932.0,1,1,Praia,Madalena,,41.1089157,-8.6581661,3,good,False,True,23,True,https://www.idealista.pt/imovel/34518656/,2,6.011444785331231,29.5,349988.0,0.5,0
32283632,470000.0,125.0,3760.0,3,2,Lavadores,Canidelo,,41.1322547,-8.6663067,bj,good,False,True,21,True,https://www.idealista.pt/imovel/32283632/,2,5.024675315046804,31.25,470000.0,0.5,0
34442600,470000.0,140.0,3357.0,3,3,Igreja do Bonfim - Lomba,Bonfim,,41.1505126,-8.591076,1,good,False,True,22,True,https://www.idealista.pt/imovel/34442600/,6,1.6629335077099112,35.0,469980.0,0.75,1
34696399,300000.0,79.0,3797.0,2,2,Contumil - Nicolau Nasoni,Campanhã,,41.1705203,-8.5776532,1,good,False,True,24,True,https://www.idealista.pt/imovel/34696399/,3,3.6273963863777405,26.333333333333332,299963.0,0.6666666666666666,0
34697382,595000.0,205.0,2902.0,3,3,Liceu - Paço do Rei,Mafamude e Vilar do Paraíso,,41.1229435,-8.6034523,5,good,False,True,41,False,https://www.idealista.pt/imovel/34697382/,7,3.0289797368007627,51.25,594910.0,0.75,0
34586379,225000.0,61.0,3689.0,1,1,Parque Oriental - Azevedo,Campanhã,,41.1536031,-8.5693163,1,good,False,True,23,True,https://www.idealista.pt/imovel/34586379/,4,3.509998988636077,30.5,225029.0,0.5,0
34607329,285000.0,57.0,5000.0,0,1,Baixa,Cedofeita - Santo Ildefonso - Sé - Miragaia - São Nicolau - Vitória,Bolhão,41.1526492,-8.6076104,3,good,False,False,25,True,https://www.idealista.pt/imovel/34607329/,6,0.4368292069870988,57.0,285000.0,1.0,1
34264314,975000.0,258.0,3779.0,2,3,Baixa,Cedofeita - Santo Ildefonso - Sé - Miragaia - São Nicolau - Vitória,Cedofeita,41.1510647,-8.6177058,1,good,False,True,16,True,https://www.idealista.pt/imovel/34264314/,1,0.5926552306892644,86.0,974982.0,1.0,1
34514297,432500.0,165.0,2621.0,2,2,Constituição,Cedofeita - Santo Ildefonso - Sé - Miragaia - São Nicolau - Vitória,,41.1632174,-8.6094316,,good,False,,22,True,https://www.idealista.pt/imovel/34514297/,6,1.5191680779602579,55.0,432465.0,0.6666666666666666,1
34651272,1000000.0,345.0,2899.0,3,3,Serralves,Lordelo do Ouro e Massarelos,,41.1638705,-8.6595096,1,good,False,True,21,True,https://www.idealista.pt/imovel/34651272/,0,4.368016366330683,86.25,1000155.0,0.75,0
34495265,710000.0,161.0,4410.0,3,3,Bessa - Foco,Ramalde,,41.1626953,-8.643804,2,good,False,True,17,True,https://www.idealista.pt/imovel/34495265/,1,3.1159191061745717,40.25,710010.0,0.75,0
34575259,270000.0,68.0,3971.0,1,1,Monte de Burgos - Padrão da Légua,São Mamede de Infesta e Senhora da Hora,,41.1796604,-8.6295577,2,good,False,True,27,False,https://www.idealista.pt/imovel/34575259/,5,3.689452655251932,34.0,270028.0,0.5,0
34674245,570000.0,221.0,2579.0,4,3,Pinheiro Manso,Ramalde,,41.165513,-8.6467771,1,renew,False,True,25,True,https://www.idealista.pt/imovel/34674245/,0,3.486044683729618,44.2,569959.0,0.6,0
34683238,525000.0,140.0,3750.0,4,2,Pinheiro Manso,Ramalde,,41.1616876,-8.6506991,1,good,False,False,31,False,https://www.idealista.pt/imovel/34683238/,0,3.5929118904051114,28.0,525000.0,0.4,0
34642230,465000.0,121.0,3843.0,2,3,Câmara de Gaia - Aviadores - Quinta das Pedras,Mafamude e Vilar do Paraíso,,41.1290011,-8.6082476,5,good,False,True,28,True,https://www.idealista.pt/imovel/34642230/,7,2.3012377934931463,40.333333333333336,465003.0,1.0,1
34455206,611900.0,152.0,4026.0,2,2,Afurada - Arrábida - Cavaco,Santa Marinha e São Pedro da Afurada,,41.1447367,-8.6463508,5,good,False,True,20,True,https://www.idealista.pt/imovel/34455206/,2,3.017230894111813,50.666666666666664,611952.0,0.6666666666666666,0
34038203,1200000.0,275.0,4364.0,3,2,Foz Velha,Aldoar - Foz do Douro - Nevogilde,,41.1494917,-8.6711163,,good,False,,35,True,https://www.idealista.pt/imovel/34038203/,0,5.041876016938073,68.75,1200100.0,0.5,0
34583194,535000.0,106.0,5047.0,2,2,Lavadores,Canidelo,,41.1316296,-8.6680392,2,good,False,True,21,True,https://www.idealista.pt/imovel/34583194/,2,5.185350008377757,35.333333333333336,534982.0,0.6666666666666666,0
34642168,675000.0,330.0,2045.0,3,5,Salgueiros,Canidelo,,41.1225084,-8.6586483,,good,False,,40,True,https://www.idealista.pt/imovel/34642168/,2,5.00647945717141,82.5,674850.0,1.25,0
34347166,685000.0,158.0,4335.0,3,3,Sampaio-Alumiara-Verdinho,Canidelo,,41.1400577,-8.6490787,1,good,False,True,23,True,https://www.idealista.pt/imovel/34347166/,2,3.368384904391133,39.5,684930.0,0.75,0
34648144,1400000.0,215.0,6512.0,3,4,Baixa,Cedofeita - Santo Ildefonso - Sé - Miragaia - São Nicolau - Vitória,Bolhão,41.1499291,-8.60647,2,good,False,True,26,True,https://www.idealista.pt/imovel/34648144/,6,0.37271984546309217,53.75,1400080.0,1.0,1
34275143,275000.0,37.0,7432.0,1,1,Baixa,Cedofeita - Santo Ildefonso - Sé - Miragaia - São Nicolau - Vitória,Santa Catarina,41.1523086,-8.6056893,4,good,False,True,22,True,https://www.idealista.pt/imovel/34275143/,6,0.5301412022176472,18.5,274984.0,0.5,1
34453101,1150000.0,280.0,4107.0,4,4,Centro,Madalena,,41.1029413,-8.6469636,,good,False,,26,True,https://www.idealista.pt/imovel/34453101/,2,6.003485672892468,56.0,1149960.0,0.8,0
34437068,240000.0,70.0,3429.0,2,1,,Pedrouços,,41.1876805,-8.5812442,3,good,False,True,21,True,https://www.idealista.pt/imovel/34437068/,3,4.908336367282407,23.333333333333332,240030.0,0.3333333333333333,0
34604052,465000.0,90.0,5167.0,1,2,Baixa,Cedofeita - Santo Ildefonso - Sé - Miragaia - São Nicolau - Vitória,Bolhão,41.1508295,-8.6047149,bj,good,False,True,28,True,https://www.idealista.pt/imovel/34604052/,6,0.5356100550644924,45.0,465030.0,1.0,1
34495036,730000.0,160.0,4563.0,3,3,Bessa - Foco,Ramalde,,41.1603544,-8.6463104,3,good,False,True,17,True,https://www.idealista.pt/imovel/34495036/,0,3.196732836036639,40.0,730080.0,0.75,0
34650960,1250000.0,227.0,5507.0,2,3,Pinhais da Foz,Aldoar - Foz do Douro - Nevogilde,,41.1539498,-8.6660885,5,good,False,True,22,True,https://www.idealista.pt/imovel/34650960/,0,4.64597640223974,75.66666666666667,1250089.0,1.0,0
34699943,595000.0,120.0,4958.0,3,3,Campo Alegre,Lordelo do Ouro e Massarelos,,41.1577057,-8.6440599,6,good,False,True,36,False,https://www.idealista.pt/imovel/34699943/,1,2.9189178040817407,30.0,594960.0,0.75,1
34588899,548000.0,78.0,7026.0,1,2,Centro Histórico,Santa Marinha e São Pedro da Afurada,,41.1381653,-8.6109919,1,good,False,False,28,False,https://www.idealista.pt/imovel/34588899/,7,1.2715039148369536,39.0,548028.0,1.0,1
34563880,850000.0,150.0,5667.0,3,3,Baixa,Cedofeita - Santo Ildefonso - Sé - Miragaia - São Nicolau - Vitória,Cedofeita,41.1540971,-8.6181832,4,good,False,True,25,False,https://www.idealista.pt/imovel/34563880/,1,0.7886093007442355,37.5,850050.0,0.75,1
34617868,565000.0,308.0,1834.0,4,3,Centro,Vilar de Andorinho,,41.1144315,-8.5756568,,good,False,,34,True,https://www.idealista.pt/imovel/34617868/,4,4.899473847102488,61.6,564872.0,0.6,0
33808860,1780000.0,430.0,4140.0,4,5,Aviz - Cristo Rei,Aldoar - Foz do Douro - Nevogilde,,41.162909,-8.6727003,,good,False,,27,True,https://www.idealista.pt/imovel/33808860/,0,5.381443778577445,86.0,1780200.0,1.0,0
34276798,985000.0,245.0,4020.0,4,4,Parque da Cidade - Vilarinha - António Aroso,Aldoar - Foz do Douro - Nevogilde,,41.1709817,-8.6721879,bj,good,False,True,36,True,https://www.idealista.pt/imovel/34276798/,0,5.6548404763652504,49.0,984900.0,0.8,0
34623785,530000.0,145.0,3655.0,3,2,Lavadores,Canidelo,,41.1328215,-8.6683583,bj,good,False,True,21,False,https://www.idealista.pt/imovel/34623785/,2,5.160598000357308,36.25,529975.0,0.5,0
34669764,832000.0,178.0,4674.0,4,3,Pinhais da Foz,Aldoar - Foz do Douro - Nevogilde,,41.1495009,-8.6655952,1,good,False,True,27,True,https://www.idealista.pt/imovel/34669764/,0,4.579597392237359,35.6,831972.0,0.6,0
34618753,425000.0,104.0,4087.0,3,2,Santo Ovídio - Cedro - Monte da Virgem,Mafamude e Vilar do Paraíso,,41.111613,-8.6058406,1,good,False,False,21,False,https://www.idealista.pt/imovel/34618753/,7,4.2451630522009065,26.0,425048.0,0.5,0
34563744,700000.0,114.0,6140.0,2,2,Baixa,Cedofeita - Santo Ildefonso - Sé - Miragaia - São Nicolau - Vitória,Cedofeita,41.1509229,-8.6168618,4,good,False,True,25,False,https://www.idealista.pt/imovel/34563744/,1,0.5203943089937906,38.0,699960.0,0.6666666666666666,1
34621732,650000.0,145.0,4483.0,3,3,Lavadores,Canidelo,,41.1335782,-8.6681671,1,good,False,True,28,False,https://www.idealista.pt/imovel/34621732/,2,5.1157408862575515,36.25,650035.0,0.75,0
34371716,270000.0,44.0,6136.0,1,1,Baixa,Cedofeita - Santo Ildefonso - Sé - Miragaia - São Nicolau - Vitória,Batalha - Poveiros,41.1469908,-8.6093404,1,good,False,True,27,False,https://www.idealista.pt/imovel/34371716/,6,0.31816370561644103,22.0,269984.0,0.5,1
34481707,225000.0,61.0,3689.0,1,1,Parque Oriental - Azevedo,Campanhã,,41.1529514,-8.5680466,1,good,False,True,18,False,https://www.idealista.pt/imovel/34481707/,4,3.6072863570882996,30.5,225029.0,0.5,0
34663699,1120000.0,204.0,5490.0,2,3,Baixa,Cedofeita - Santo Ildefonso - Sé - Miragaia - São Nicolau - Vitória,Aliados - Clérigos - Carlos Alberto,41.1485085,-8.6119796,5,good,False,False,63,True,https://www.idealista.pt/imovel/34663699/,1,0.15133307886279102,68.0,1119960.0,1.0,1
34522687,275000.0,102.0,2696.0,2,2,Paniceiro-Viso-Meiral,Canidelo,,41.1212508,-8.6505561,2,good,False,False,29,False,https://www.idealista.pt/imovel/34522687/,2,4.578923327346293,34.0,274992.0,0.6666666666666666,0
34620684,508000.0,136.0,3735.0,3,3,Lavadores,Canidelo,,41.1307372,-8.6500623,4,good,False,True,29,False,https://www.idealista.pt/imovel/34620684/,2,3.8928630647063973,34.0,507960.0,0.75,0
33158658,1660000.0,475.0,3495.0,5,7,Cooperativa dos Arquitectos - Fonte da Moura - Pedra Verde,Aldoar - Foz do Douro - Nevogilde,,41.1675148,-8.6607005,,good,False,,63,True,https://www.idealista.pt/imovel/33158658/,0,4.620636491482566,79.16666666666667,1660125.0,1.1666666666666667,0
34681657,380000.0,115.0,3304.0,0,1,Santo Ovídio - Cedro - Monte da Virgem,Mafamude e Vilar do Paraíso,,41.1164369,-8.6008357,,good,False,True,20,True,https://www.idealista.pt/imovel/34681657/,7,3.782673841025966,115.0,379960.0,1.0,0
34648655,260000.0,122.0,2131.0,2,1,São Cosme,São Cosme - Valbom - Jovim,Cimo da Serra - Bouça das Almas - Taralhão,41.1495934,-8.5330448,bj,good,False,False,21,False,https://www.idealista.pt/imovel/34648655/,4,6.518747229444381,40.666666666666664,259982.0,0.3333333333333333,0
34646648,320000.0,142.0,2254.0,2,2,Coimbrões,Santa Marinha e São Pedro da Afurada,,41.1295757,-8.6350622,3,good,False,True,24,True,https://www.idealista.pt/imovel/34646648/,2,3.008629451357509,47.333333333333336,320068.0,0.6666666666666666,0
34644624,600000.0,169.0,3550.0,3,3,Sampaio-Alumiara-Verdinho,Canidelo,,41.1300266,-8.6494707,4,good,False,True,37,True,https://www.idealista.pt/imovel/34644624/,2,3.8948315623597916,42.25,599950.0,0.75,0
34699604,895000.0,242.0,3698.0,4,3,Camões - Gonçalo Cristóvão - Faria Guimarães,Cedofeita - Santo Ildefonso - Sé - Miragaia - São Nicolau - Vitória,,41.1539807,-8.6065969,9,good,False,True,36,False,https://www.idealista.pt/imovel/34699604/,6,0.6058724003885639,48.4,894916.0,0.6,1
33987604,675000.0,115.0,5870.0,2,3,Pinheiro Manso,Ramalde,,41.1656854,-8.6514162,1,,True,True,15,False,https://www.idealista.pt/empreendimento/33987604/,0,3.8346576639088283,38.333333333333336,675050.0,1.0,0
33987605,700000.0,110.0,6364.0,2,3,Pinheiro Manso,Ramalde,,41.1656854,-8.6514162,bj,,True,True,15,False,https://www.idealista.pt/empreendimento/33987605/,0,3.8346576639088283,36.666666666666664,700040.0,1.0,0
34554593,1270000.0,454.0,2797.0,5,5,Prelada - Monte dos Burgos,Ramalde,Requesende,41.1756872,-8.6354894,8,good,False,True,22,False,https://www.idealista.pt/imovel/34554593/,5,3.5569094238414896,75.66666666666667,1269838.0,0.8333333333333334,0
34487581,720000.0,207.0,3478.0,3,3,Afurada - Arrábida - Cavaco,Santa Marinha e São Pedro da Afurada,,41.1454768,-8.647469,2,good,False,True,42,False,https://www.idealista.pt/imovel/34487581/,2,3.096120636975726,51.75,719946.0,0.75,0
34629573,270000.0,79.0,3418.0,2,1,,Pedrouços,,41.1837405,-8.5881897,4,good,False,True,25,False,https://www.idealista.pt/imovel/34629573/,3,4.245631498791046,26.333333333333332,270022.0,0.3333333333333333,0
34579564,620000.0,128.0,4844.0,2,2,Bessa - Foco,Ramalde,,41.1608035,-8.6454668,7,good,False,True,33,False,https://www.idealista.pt/imovel/34579564/,0,3.1507437854792313,42.666666666666664,620032.0,0.6666666666666666,0
34450548,390000.0,75.0,5200.0,1,1,Camões - Gonçalo Cristóvão - Faria Guimarães,Cedofeita - Santo Ildefonso - Sé - Miragaia - São Nicolau - Vitória,,41.1593727,-8.6117987,1,good,False,True,31,True,https://www.idealista.pt/imovel/34450548/,1,1.0892764279605447,37.5,390000.0,0.5,1
34540524,455000.0,121.0,3760.0,2,3,Prelada - Monte dos Burgos,Ramalde,Requesende,41.1753649,-8.635796,bj,good,False,True,21,False,https://www.idealista.pt/imovel/34540524/,5,3.5427839350457067,40.333333333333336,454960.0,1.0,0
34629517,212000.0,44.0,4818.0,1,1,,Pedrouços,,41.1816917,-8.5854577,1,good,False,True,25,False,https://www.idealista.pt/imovel/34629517/,3,4.155660511618987,22.0,211992.0,0.5,0
34228517,610000.0,205.0,2976.0,3,4,Sete Bicas,São Mamede de Infesta e Senhora da Hora,,41.1863613,-8.6479305,3,newdevelopment,True,True,14,False,https://www.idealista.pt/empreendimento/34228517/,5,5.130004645524542,51.25,610080.0,1.0,0
34228477,585000.0,206.0,2840.0,3,4,Sete Bicas,São Mamede de Infesta e Senhora da Hora,,41.1863613,-8.6479305,2,newdevelopment,True,True,14,False,https://www.idealista.pt/empreendimento/34228477/,5,5.130004645524542,51.5,585040.0,1.0,0
34497427,395000.0,159.0,2484.0,2,2,Igreja do Bonfim - Lomba,Bonfim,,41.1506899,-8.5940169,1,newdevelopment,True,True,49,False,https://www.idealista.pt/empreendimento/34497427/,6,1.4187808079270359,53.0,394956.0,0.6666666666666666,1
32010423,1250000.0,377.0,3316.0,6,6,Laborim - Rechousa - Alto das Torres,Mafamude e Vilar do Paraíso,,41.0982094,-8.6025527,,good,False,,37,True,https://www.idealista.pt/imovel/32010423/,7,5.756989749813711,53.857142857142854,1250132.0,0.8571428571428571,0
34497413,475000.0,183.0,2596.0,3,3,Igreja do Bonfim - Lomba,Bonfim,,41.1506899,-8.5940169,bj,newdevelopment,True,True,47,False,https://www.idealista.pt/empreendimento/34497413/,6,1.4187808079270359,45.75,475068.0,0.75,1
33987403,1225000.0,174.0,7040.0,4,5,Pinheiro Manso,Ramalde,,41.1656854,-8.6514162,3,,True,True,15,False,https://www.idealista.pt/empreendimento/33987403/,0,3.8346576639088283,34.8,1224960.0,1.0,0
33373395,650000.0,158.0,4114.0,2,3,Lavadores,Canidelo,,41.1333766,-8.6512731,3,good,False,True,41,True,https://www.idealista.pt/imovel/33373395/,2,3.832000643653815,52.666666666666664,650012.0,1.0,0
34577388,600000.0,198.0,3030.0,3,3,Bessa - Foco,Ramalde,,41.1605116,-8.6403711,6,good,False,True,22,True,https://www.idealista.pt/imovel/34577388/,1,2.7495663219484054,49.5,599940.0,0.75,1
34077375,1005000.0,152.0,6612.0,3,4,Pinheiro Manso,Ramalde,,41.1656854,-8.6514162,3,,True,True,15,False,https://www.idealista.pt/empreendimento/34077375/,0,3.8346576639088283,38.0,1005024.0,1.0,0
34624336,389000.0,71.0,5479.0,1,1,Centro Histórico,Cedofeita - Santo Ildefonso - Sé - Miragaia - São Nicolau - Vitória,São Bento - Cimo de Vila,41.1429965,-8.6098579,bj,good,False,True,19,False,https://www.idealista.pt/imovel/34624336/,6,0.7394422544094592,35.5,389009.0,0.5,1
34694319,390000.0,126.0,3095.0,1,2,Centro Histórico,Santa Marinha e São Pedro da Afurada,,41.1345386,-8.6107709,bj,good,False,True,27,False,https://www.idealista.pt/imovel/34694319/,7,1.674786159725927,63.0,389970.0,1.0,1
34623291,550000.0,138.0,3986.0,2,2,Sampaio-Alumiara-Verdinho,Canidelo,,41.1373344,-8.6481213,4,good,False,True,29,False,https://www.idealista.pt/imovel/34623291/,2,3.4021431393358554,46.0,550068.0,0.6666666666666666,0
34700289,750000.0,208.0,3606.0,3,3,Pinheiro Manso,Ramalde,,41.163368,-8.6550061,6,good,False,True,27,False,https://www.idealista.pt/imovel/34700289/,0,3.9973586752453225,52.0,750048.0,0.75,0
34642272,560000.0,269.0,2082.0,3,2,Sampaio-Alumiara-Verdinho,Canidelo,,41.1384948,-8.6402722,8,good,False,True,33,False,https://www.idealista.pt/imovel/34642272/,2,2.752100350385301,67.25,560058.0,0.5,1
34642263,850000.0,157.0,5414.0,4,4,Câmara de Gaia - Aviadores - Quinta das Pedras,Mafamude e Vilar do Paraíso,,41.1290011,-8.6082476,,good,False,True,23,True,https://www.idealista.pt/imovel/34642263/,7,2.3012377934931463,31.4,849998.0,0.8,1
34642248,575000.0,197.0,2919.0,3,3,Liceu - Paço do Rei,Mafamude e Vilar do Paraíso,,41.1237535,-8.6055245,,good,False,True,48,True,https://www.idealista.pt/imovel/34642248/,7,2.9090430112384635,49.25,575043.0,0.75,1
34226249,665000.0,136.0,4890.0,2,3,Matosinhos Sul - Marginal,Matosinhos e Leça da Palmeira,,41.1789821,-8.6831688,6,newdevelopment,True,True,26,True,https://www.idealista.pt/empreendimento/34226249/,0,6.875494687143807,45.333333333333336,665040.0,1.0,0
34642240,600000.0,156.0,3846.0,2,3,Sampaio-Alumiara-Verdinho,Canidelo,,41.1377408,-8.6515395,1,good,False,True,37,False,https://www.idealista.pt/imovel/34642240/,2,3.6495821367246846,52.0,599976.0,1.0,0
34488233,500000.0,140.0,3571.0,3,3,Igreja do Bonfim - Lomba,Bonfim,,41.1504091,-8.5920434,4,good,False,True,22,False,https://www.idealista.pt/imovel/34488233/,6,1.5813979729334113,35.0,499940.0,0.75,1
34642228,498000.0,134.0,3716.0,3,3,Sampaio-Alumiara-Verdinho,Canidelo,,41.1311651,-8.6475816,,good,False,True,43,True,https://www.idealista.pt/imovel/34642228/,2,3.6929123869702414,33.5,497944.0,0.75,0
34682219,225000.0,65.0,3462.0,2,1,Santegãos - Estrada Nova - Campainha,Rio Tinto,,41.1901919,-8.5711159,2,good,False,True,20,False,https://www.idealista.pt/imovel/34682219/,3,5.609097762888517,21.666666666666668,225030.0,0.3333333333333333,0
34642195,440000.0,145.0,3034.0,3,2,Coimbrões,Santa Marinha e São Pedro da Afurada,,41.1265442,-8.6251482,3,good,False,True,19,False,https://www.idealista.pt/imovel/34642195/,7,2.8277587795861026,36.25,439930.0,0.5,1
34541168,450000.0,123.0,3659.0,2,3,Prelada - Monte dos Burgos,Ramalde,Requesende,41.1759398,-8.6385916,bj,good,False,True,21,False,https://www.idealista.pt/imovel/34541168/,5,3.7352227593155547,41.0,450057.0,1.0,0
34623158,575000.0,105.0,5476.0,2,2,Lavadores,Canidelo,,41.135324,-8.6658024,3,good,False,True,24,False,https://www.idealista.pt/imovel/34623158/,2,4.863769992743784,35.0,574980.0,0.6666666666666666,0
34094139,1760000.0,436.0,4037.0,4,4,Foz Velha,Aldoar - Foz do Douro - Nevogilde,,41.1514138,-8.6689571,,good,False,,32,True,https://www.idealista.pt/imovel/34094139/,0,4.86518454693234,87.2,1760132.0,0.8,0
34642137,630000.0,188.0,3351.0,4,3,Sampaio-Alumiara-Verdinho,Canidelo,,41.1384948,-8.6402722,1,good,False,True,35,False,https://www.idealista.pt/imovel/34642137/,2,2.752100350385301,37.6,629988.0,0.6,1
34081109,1490000.0,315.0,4730.0,4,4,Foz Velha,Aldoar - Foz do Douro - Nevogilde,,41.1506655,-8.6707906,bj,good,False,False,19,True,https://www.idealista.pt/imovel/34081109/,0,5.015945594181977,63.0,1489950.0,0.8,0
34377083,2250000.0,399.0,5639.0,4,3,Sampaio-Alumiara-Verdinho,Canidelo,,41.1371095,-8.6520075,5,good,False,False,78,True,https://www.idealista.pt/imovel/34377083/,2,3.711857143490958,79.8,2249961.0,0.6,0
34474036,520000.0,146.0,3562.0,3,3,Matosinhos Sul - Marginal,Matosinhos e Leça da Palmeira,,41.1782547,-8.6825057,1,good,False,True,31,True,https://www.idealista.pt/imovel/34474036/,0,6.788396307372146,36.5,520052.0,0.75,0
34705018,449000.0,235.0,1911.0,3,2,Miragaia - Virtudes,Cedofeita - Santo Ildefonso - Sé - Miragaia - São Nicolau - Vitória,,41.144387,-8.6232872,,good,False,,40,False,https://www.idealista.pt/imovel/34705018/,1,1.1881962920788702,58.75,449085.0,0.5,1
34620974,660000.0,170.0,3882.0,3,3,Afurada - Arrábida - Cavaco,Santa Marinha e São Pedro da Afurada,,41.1439001,-8.6480239,2,good,False,True,40,False,https://www.idealista.pt/imovel/34620974/,2,3.1724423043128214,42.5,659940.0,0.75,0
34569947,499000.0,146.0,3418.0,4,3,Quinta Seca - Azenha de Cima,São Mamede de Infesta e Senhora da Hora,,41.1802096,-8.667703,4,good,False,True,23,False,https://www.idealista.pt/imovel/34569947/,0,5.847589504171631,29.2,499028.0,0.6,0
34524946,550000.0,200.0,2750.0,3,4,Sampaio-Alumiara-Verdinho,Canidelo,,41.133004,-8.6396299,2,good,False,True,44,False,https://www.idealista.pt/imovel/34524946/,2,3.0320789668029375,50.0,550000.0,1.0,0
34597902,350000.0,86.0,4070.0,0,1,Foz,Aldoar - Foz do Douro - Nevogilde,,41.1568131,-8.6796375,bj,good,False,False,23,False,https://www.idealista.pt/imovel/34597902/,0,5.810635006017584,86.0,350020.0,1.0,0
34606879,350000.0,60.0,5833.0,1,1,Praia,Madalena,,41.1082001,-8.660286,2,good,False,True,36,False,https://www.idealista.pt/imovel/34606879/,2,6.188798996919292,30.0,349980.0,0.5,0
33457868,520000.0,87.0,5977.0,2,2,Centro Histórico,Cedofeita - Santo Ildefonso - Sé - Miragaia - São Nicolau - Vitória,Vitória - Clérigos,41.1459888,-8.6138075,3,good,False,True,49,False,https://www.idealista.pt/imovel/33457868/,1,0.46958232237251074,29.0,519999.0,0.6666666666666666,1
34256857,1580000.0,401.0,3940.0,4,4,Fontaínhas - Duques,Bonfim,,41.1450111,-8.5991761,,good,False,,29,True,https://www.idealista.pt/imovel/34256857/,6,1.106361656089531,80.2,1579940.0,0.8,1
34677742,1000000.0,321.0,3115.0,4,4,Soares dos Reis - Rasa de Cima,Mafamude e Vilar do Paraíso,,41.1222959,-8.6051084,5,good,False,True,51,False,https://www.idealista.pt/imovel/34677742/,7,3.074575849792886,64.2,999915.0,0.8,0
32153745,278000.0,56.0,4964.0,2,1,Marquês,Cedofeita - Santo Ildefonso - Sé - Miragaia - São Nicolau - Vitória,,41.1591767,-8.6080316,1,good,False,True,16,True,https://www.idealista.pt/imovel/32153745/,6,1.0916239784657478,18.666666666666668,277984.0,0.3333333333333333,1
34685708,1395000.0,227.0,6145.0,4,4,Matosinhos Sul - Marginal,Matosinhos e Leça da Palmeira,,41.1746776,-8.6829443,,good,False,True,48,False,https://www.idealista.pt/imovel/34685708/,0,6.644495809649909,45.4,1394915.0,0.8,0
34208704,1500000.0,309.0,4854.0,4,6,Fonte da Moura - Vilarinha,Ramalde,,41.1684817,-8.658774,,good,False,,33,True,https://www.idealista.pt/imovel/34208704/,0,4.524503484607732,61.8,1499886.0,1.2,0
34664620,380000.0,98.0,3878.0,1,1,Camões - Gonçalo Cristóvão - Faria Guimarães,Cedofeita - Santo Ildefonso - Sé - Miragaia - São Nicolau - Vitória,,41.1551445,-8.6084427,3,good,False,True,43,True,https://www.idealista.pt/imovel/34664620/,6,0.6499428601810385,49.0,380044.0,0.5,1
34621542,1490000.0,330.0,4515.0,4,5,Foz Velha,Aldoar - Foz do Douro - Nevogilde,,41.1503006,-8.6687937,bj,good,False,True,32,False,https://www.idealista.pt/imovel/34621542/,0,4.847988298815596,66.0,1489950.0,1.0,0
33987542,440000.0,95.0,4632.0,2,2,Constituição,Cedofeita - Santo Ildefonso - Sé - Miragaia - São Nicolau - Vitória,,41.1636108,-8.6263217,2,newdevelopment,True,True,19,True,https://www.idealista.pt/empreendimento/33987542/,1,2.023389142288896,31.666666666666668,440040.0,0.6666666666666666,1
33836523,280000.0,90.0,3111.0,1,1,Campo 24 de Agosto,Bonfim,,41.1506877,-8.5965036,bj,good,False,False,31,False,https://www.idealista.pt/imovel/33836523/,6,1.2114404524636664,45.0,279990.0,0.5,1
34241466,385000.0,96.0,4010.0,3,2,Bessa - Foco,Ramalde,,41.1603016,-8.6493449,8,good,False,True,20,True,https://www.idealista.pt/imovel/34241466/,0,3.4316190406380174,24.0,384960.0,0.5,0
34496430,730000.0,104.0,7019.0,1,2,Pinhais da Foz,Aldoar - Foz do Douro - Nevogilde,,41.1506784,-8.6656721,3,good,False,True,21,False,https://www.idealista.pt/imovel/34496430/,0,4.587549175067885,52.0,729976.0,1.0,0
33989427,290000.0,53.0,5472.0,1,1,Centro Histórico,Cedofeita - Santo Ildefonso - Sé - Miragaia - São Nicolau - Vitória,Rua das Flores - Mouzinho,41.1453902,-8.6144862,1,good,False,True,15,True,https://www.idealista.pt/imovel/33989427/,1,0.5561411253710832,26.5,290016.0,0.5,1
34714301,390000.0,80.0,4875.0,1,2,Baixa,Cedofeita - Santo Ildefonso - Sé - Miragaia - São Nicolau - Vitória,Cedofeita,41.1541463,-8.622737,bj,good,False,False,18,True,https://www.idealista.pt/imovel/34714301/,1,1.112551206312954,40.0,390000.0,1.0,1
34642274,245000.0,64.0,3828.0,1,1,Santo Ovídio - Cedro - Monte da Virgem,Mafamude e Vilar do Paraíso,,41.114707,-8.6056837,,good,False,True,17,False,https://www.idealista.pt/imovel/34642274/,7,3.904442620123229,32.0,244992.0,0.5,0
34555244,930000.0,169.0,5503.0,4,4,Matosinhos Sul - Marginal,Matosinhos e Leça da Palmeira,,41.1741275,-8.6855641,,good,False,True,53,True,https://www.idealista.pt/imovel/34555244/,0,6.8195098272287495,33.8,930007.0,0.8,0
34613188,450000.0,118.0,3814.0,2,2,Matosinhos Sul - Marginal,Matosinhos e Leça da Palmeira,,41.1785204,-8.6836324,6,good,False,True,20,False,https://www.idealista.pt/imovel/34613188/,0,6.885558760366625,39.333333333333336,450052.0,0.6666666666666666,0
34417158,365000.0,114.0,3202.0,3,3, Viso - Zona Industrial,Ramalde,,41.1738376,-8.6528385,2,good,False,False,19,True,https://www.idealista.pt/imovel/34417158/,0,4.425996070555758,28.5,365028.0,0.75,0
34640154,850000.0,248.0,3427.0,3,3,Ouro - Condominhas,Lordelo do Ouro e Massarelos,,41.1513551,-8.6478152,2,good,False,True,30,False,https://www.idealista.pt/imovel/34640154/,2,3.0969907779535877,62.0,849896.0,0.75,0
34250143,380000.0,126.0,3016.0,0,2,Santo Ovídio - Cedro - Monte da Virgem,Mafamude e Vilar do Paraíso,,41.1139117,-8.6007578,3,good,False,True,33,True,https://www.idealista.pt/imovel/34250143/,7,4.058250011618747,126.0,380016.0,2.0,0
34678063,399000.0,153.0,2608.0,4,3,Bessa Leite,Lordelo do Ouro e Massarelos,,41.1632011,-8.6373897,3,good,False,True,45,False,https://www.idealista.pt/imovel/34678063/,1,2.684323990391121,30.6,399024.0,0.6,1
34366065,1395000.0,318.0,4387.0,5,4,Campo 24 de Agosto,Bonfim,,41.1508613,-8.5930398,,good,False,,40,True,https://www.idealista.pt/imovel/34366065/,6,1.5019668249342204,53.0,1395066.0,0.6666666666666666,1
34684055,270000.0,94.0,2872.0,3,1,Valbom,São Cosme - Valbom - Jovim,,41.130032,-8.5633944,,good,False,True,29,False,https://www.idealista.pt/imovel/34684055/,4,4.534359338993607,23.5,269968.0,0.25,0
34579024,750000.0,153.0,4902.0,2,3,Valbom,São Cosme - Valbom - Jovim,,41.1275368,-8.5596651,3,good,False,True,17,False,https://www.idealista.pt/imovel/34579024/,4,4.942447576084981,51.0,750006.0,1.0,0
34600967,449000.0,235.0,1911.0,3,2,Miragaia - Virtudes,Cedofeita - Santo Ildefonso - Sé - Miragaia - São Nicolau - Vitória,,41.1464114,-8.6219267,,good,False,,45,False,https://www.idealista.pt/imovel/34600967/,1,0.9890161095903834,58.75,449085.0,0.5,1
34224968,570000.0,151.0,3775.0,4,4,Boavista,Cedofeita - Santo Ildefonso - Sé - Miragaia - São Nicolau - Vitória,Casa da Música,41.1570615,-8.6291507,3,good,False,True,23,True,https://www.idealista.pt/imovel/34224968/,1,1.7387467009472501,30.2,570025.0,0.8,1
33877959,1700000.0,761.0,2234.0,10,3,Centro de Valadares - Penedo - Valadarinho,Gulpilhares e Valadares,,41.1014117,-8.6327511,,good,False,,40,True,https://www.idealista.pt/imovel/33877959/,7,5.662253755020639,69.18181818181819,1700074.0,0.2727272727272727,0
33985946,395000.0,68.0,5809.0,1,2,Baixa,Cedofeita - Santo Ildefonso - Sé - Miragaia - São Nicolau - Vitória,Aliados - Clérigos - Carlos Alberto,41.1494616,-8.6132855,1,good,False,True,21,True,https://www.idealista.pt/imovel/33985946/,1,0.2003280048062704,34.0,395012.0,1.0,1
34145896,860000.0,150.0,5733.0,3,3,Lavadores,Canidelo,,41.1235857,-8.6654651,4,good,False,True,49,False,https://www.idealista.pt/imovel/34145896/,2,5.4082027825507435,37.5,859950.0,0.75,0
34517869,363000.0,112.0,3241.0,2,2,Afurada - Arrábida - Cavaco,Santa Marinha e São Pedro da Afurada,,41.1390848,-8.640981,1,good,False,True,16,False,https://www.idealista.pt/imovel/34517869/,2,2.7770052019982527,37.333333333333336,362992.0,0.6666666666666666,1
34298830,495000.0,112.0,4420.0,2,2,Lavadores,Canidelo,,41.1350206,-8.6650317,3,good,False,True,44,False,https://www.idealista.pt/imovel/34298830/,2,4.814078903846326,37.333333333333336,495040.0,0.6666666666666666,0
34578723,275000.0,51.0,5392.0,1,1,Campo 24 de Agosto,Bonfim,,41.1488999,-8.5937802,2,good,False,False,15,False,https://www.idealista.pt/imovel/34578723/,6,1.4355457065627897,25.5,274992.0,0.5,1
34276696,440395.0,138.0,3191.0,2,2,Constituição,Cedofeita - Santo Ildefonso - Sé - Miragaia - São Nicolau - Vitória,,41.1620564,-8.6160956,6,good,False,True,35,False,https://www.idealista.pt/imovel/34276696/,1,1.4517848183440176,46.0,440358.0,0.6666666666666666,1
34460692,320000.0,67.0,4776.0,1,1,Baixa,Cedofeita - Santo Ildefonso - Sé - Miragaia - São Nicolau - Vitória,Praça da República,41.1505486,-8.6141394,2,newdevelopment,True,False,46,True,https://www.idealista.pt/empreendimento/34460692/,1,0.2910184073159353,33.5,319992.0,0.5,1
34460673,395000.0,87.0,4540.0,2,3,Baixa,Cedofeita - Santo Ildefonso - Sé - Miragaia - São Nicolau - Vitória,Praça da República,41.1505486,-8.6141394,1,newdevelopment,True,False,46,True,https://www.idealista.pt/empreendimento/34460673/,1,0.2910184073159353,29.0,394980.0,1.0,1
34258673,295000.0,60.0,4917.0,1,1,Prelada - Monte dos Burgos,Ramalde,Hospital da Prelada,41.1693659,-8.6333115,bj,good,False,True,23,False,https://www.idealista.pt/imovel/34258673/,5,2.8897742058378535,30.0,295020.0,0.5,1
34460638,595000.0,106.0,5613.0,2,3,Baixa,Cedofeita - Santo Ildefonso - Sé - Miragaia - São Nicolau - Vitória,Praça da República,41.1505486,-8.6141394,2,newdevelopment,True,False,46,True,https://www.idealista.pt/empreendimento/34460638/,1,0.2910184073159353,35.333333333333336,594978.0,1.0,1
34418597,500000.0,227.0,2203.0,4,3,Leça do Balio,Custóias - Leça do Balio - Guifões,,41.2028149,-8.6220289,,good,False,,50,True,https://www.idealista.pt/imovel/34418597/,5,5.990087196641368,45.4,500081.0,0.6,0
34588547,265000.0,98.0,2704.0,2,3,Areosa,Rio Tinto,,41.1840848,-8.57744,2,newdevelopment,True,True,13,False,https://www.idealista.pt/empreendimento/34588547/,3,4.748511056922863,32.666666666666664,264992.0,1.0,0
33987523,490000.0,109.0,4495.0,2,3,Constituição,Cedofeita - Santo Ildefonso - Sé - Miragaia - São Nicolau - Vitória,,41.1636108,-8.6263217,,newdevelopment,True,True,19,True,https://www.idealista.pt/empreendimento/33987523/,1,2.023389142288896,36.333333333333336,489955.0,1.0,1
33987522,465000.0,102.0,4559.0,2,3,Constituição,Cedofeita - Santo Ildefonso - Sé - Miragaia - São Nicolau - Vitória,,41.1636108,-8.6263217,,,True,True,19,True,https://www.idealista.pt/empreendimento/33987522/,1,2.023389142288896,34.0,465018.0,1.0,1
34567486,695000.0,195.0,3564.0,3,4,Baixa,Cedofeita - Santo Ildefonso - Sé - Miragaia - São Nicolau - Vitória,Santa Catarina,41.1524732,-8.603155,,good,False,,22,False,https://www.idealista.pt/imovel/34567486/,6,0.7228978583865026,48.75,694980.0,1.0,1
34178438,560000.0,112.0,5000.0,2,2,Lavadores,Canidelo,,41.1223314,-8.6649746,4,good,False,True,49,False,https://www.idealista.pt/imovel/34178438/,2,5.449923361734496,37.333333333333336,560000.0,0.6666666666666666,0
33036384,600000.0,246.0,2439.0,3,3,Afurada - Arrábida - Cavaco,Santa Marinha e São Pedro da Afurada,,41.1393154,-8.6415685,ss,newdevelopment,True,True,39,True,https://www.idealista.pt/empreendimento/33036384/,2,2.8111705041279778,61.5,599994.0,0.75,1
34207301,1200000.0,371.0,3235.0,3,2,Foz Velha,Aldoar - Foz do Douro - Nevogilde,,41.1514358,-8.6711634,,good,False,,34,False,https://www.idealista.pt/imovel/34207301/,0,5.049857988940384,92.75,1200185.0,0.5,0
31991270,359000.0,55.0,6527.0,1,1,Centro Histórico,Cedofeita - Santo Ildefonso - Sé - Miragaia - São Nicolau - Vitória,São Bento - Cimo de Vila,41.1441595,-8.6106932,2,good,False,False,25,False,https://www.idealista.pt/imovel/31991270/,6,0.6052037676595714,27.5,358985.0,0.5,1
34602182,695000.0,242.0,2872.0,5,2,Camões - Gonçalo Cristóvão - Faria Guimarães,Cedofeita - Santo Ildefonso - Sé - Miragaia - São Nicolau - Vitória,,41.1535419,-8.6062696,12,renew,False,True,42,False,https://www.idealista.pt/imovel/34602182/,6,0.5851713437709976,40.333333333333336,695024.0,0.3333333333333333,1
33955056,555000.0,157.0,3535.0,3,3,Maninho - Baviera,Madalena,,41.1117094,-8.6299769,,good,False,,23,False,https://www.idealista.pt/imovel/33955056/,7,4.50602130232871,39.25,554995.0,0.75,0
32967036,1800000.0,600.0,3000.0,5,5,,Avintes,,41.1146371,-8.552191,,good,False,,25,False,https://www.idealista.pt/imovel/32967036/,4,6.26823033287908,100.0,1800000.0,0.8333333333333334,0
34114520,778000.0,420.0,1852.0,6,5,Valbom,São Cosme - Valbom - Jovim,,41.1338671,-8.5663775,,good,False,,44,True,https://www.idealista.pt/imovel/34114520/,4,4.118314334461443,60.0,777840.0,0.7142857142857143,0
34368847,349000.0,127.0,2748.0,3,2,Salgueiros,Paranhos,,41.1678255,-8.6004134,,good,False,True,26,False,https://www.idealista.pt/imovel/34368847/,6,2.2085669872815665,31.75,348996.0,0.5,1
33799803,261000.0,62.0,4210.0,1,1,ESMAE - Doze Casas,Bonfim,,41.1559289,-8.602393,bj,newdevelopment,True,True,19,False,https://www.idealista.pt/empreendimento/33799803/,6,1.0012747554684476,31.0,261020.0,0.5,1
33799799,269000.0,47.0,5723.0,1,1,ESMAE - Doze Casas,Bonfim,,41.1559289,-8.602393,2,,True,True,19,False,https://www.idealista.pt/empreendimento/33799799/,6,1.0012747554684476,23.5,268981.0,0.5,1
34675781,395000.0,132.0,2992.0,2,2,Candal - Regadas,Santa Marinha e São Pedro da Afurada,,41.1326212,-8.6246366,3,newdevelopment,True,True,19,False,https://www.idealista.pt/empreendimento/34675781/,7,2.2107860053020216,44.0,394944.0,0.6666666666666666,1
34675767,365000.0,90.0,4056.0,1,1,Candal - Regadas,Santa Marinha e São Pedro da Afurada,,41.1326212,-8.6246366,5,newdevelopment,True,True,18,False,https://www.idealista.pt/empreendimento/34675767/,7,2.2107860053020216,45.0,365040.0,0.5,1
33799769,269000.0,47.0,5723.0,1,1,ESMAE - Doze Casas,Bonfim,,41.1559289,-8.602393,2,,True,True,19,False,https://www.idealista.pt/empreendimento/33799769/,6,1.0012747554684476,23.5,268981.0,0.5,1
34675764,1350000.0,425.0,3176.0,4,5,Candal - Regadas,Santa Marinha e São Pedro da Afurada,,41.1326212,-8.6246366,5,newdevelopment,True,True,38,False,https://www.idealista.pt/empreendimento/34675764/,7,2.2107860053020216,85.0,1349800.0,1.0,1
33799765,265000.0,47.0,5638.0,1,1,ESMAE - Doze Casas,Bonfim,,41.1559289,-8.602393,1,,True,True,19,False,https://www.idealista.pt/empreendimento/33799765/,6,1.0012747554684476,23.5,264986.0,0.5,1
34517756,699000.0,190.0,3679.0,2,2,Lavadores,Canidelo,,41.1322945,-8.6685061,,renew,False,True,23,False,https://www.idealista.pt/imovel/34517756/,2,5.193583113149506,63.333333333333336,699010.0,0.6666666666666666,0
34498743,950000.0,215.0,4419.0,3,4,Lavadores,Canidelo,,41.1301372,-8.667014,1,good,False,True,64,True,https://www.idealista.pt/imovel/34498743/,2,5.173479795460089,53.75,950085.0,1.0,0
34047683,240000.0,55.0,4364.0,1,1,Baixa,Cedofeita - Santo Ildefonso - Sé - Miragaia - São Nicolau - Vitória,Santa Catarina,41.1476697,-8.6038002,1,good,False,False,25,True,https://www.idealista.pt/imovel/34047683/,6,0.6320310222438097,27.5,240020.0,0.5,1
34701576,1900000.0,287.0,6620.0,4,4,Pinheiro Manso,Ramalde,,41.1625087,-8.6558763,,newdevelopment,True,True,14,False,https://www.idealista.pt/empreendimento/34701576/,0,4.029760905295245,57.4,1899940.0,0.8,0
34634510,770000.0,179.0,4302.0,4,4,Bessa - Foco,Ramalde,,41.1625114,-8.648911,,good,False,False,32,False,https://www.idealista.pt/imovel/34634510/,0,3.49117539724461,35.8,770058.0,0.8,0
34146500,260000.0,55.0,4727.0,1,1,Custóias,Custóias - Leça do Balio - Guifões,,41.1918497,-8.6488196,,good,False,,24,True,https://www.idealista.pt/imovel/34146500/,5,5.669631520608002,27.5,259985.0,0.5,0
34146490,250000.0,55.0,4545.0,1,1,Custóias,Custóias - Leça do Balio - Guifões,,41.1918497,-8.6488196,,good,False,,24,True,https://www.idealista.pt/imovel/34146490/,5,5.669631520608002,27.5,249975.0,0.5,0
34701465,1850000.0,284.0,6514.0,4,4,Pinheiro Manso,Ramalde,,41.1625087,-8.6558763,,newdevelopment,True,True,14,False,https://www.idealista.pt/empreendimento/34701465/,0,4.029760905295245,56.8,1849976.0,0.8,0
34678307,449000.0,174.0,2580.0,3,3,Afurada - Arrábida - Cavaco,Santa Marinha e São Pedro da Afurada,,41.1405824,-8.6404228,1,newdevelopment,True,True,26,True,https://www.idealista.pt/empreendimento/34678307/,2,2.6677047680901387,43.5,448920.0,0.75,1
34678294,388000.0,96.0,4042.0,2,2,Afurada - Arrábida - Cavaco,Santa Marinha e São Pedro da Afurada,,41.1405824,-8.6404228,5,newdevelopment,True,True,26,True,https://www.idealista.pt/empreendimento/34678294/,2,2.6677047680901387,32.0,388032.0,0.6666666666666666,1
34635243,749500.0,253.0,2962.0,4,3,Afurada - Arrábida - Cavaco,Santa Marinha e São Pedro da Afurada,,41.1421842,-8.6393646,5,good,False,True,27,False,https://www.idealista.pt/imovel/34635243/,2,2.522062774920076,50.6,749386.0,0.6,1
34678238,295000.0,62.0,4758.0,1,1,Afurada - Arrábida - Cavaco,Santa Marinha e São Pedro da Afurada,,41.1405824,-8.6404228,4,newdevelopment,True,True,26,True,https://www.idealista.pt/empreendimento/34678238/,2,2.6677047680901387,31.0,294996.0,0.5,1
34648184,475000.0,190.0,2500.0,3,3,Paniceiro-Viso-Meiral,Canidelo,,41.1121652,-8.6481661,,good,False,True,35,False,https://www.idealista.pt/imovel/34648184/,2,5.202736714453466,47.5,475000.0,0.75,0
34697085,1600000.0,314.0,5096.0,4,4,Serralves,Lordelo do Ouro e Massarelos,,41.1563935,-8.6624047,,good,False,,26,False,https://www.idealista.pt/imovel/34697085/,0,4.377884235340493,62.8,1600144.0,0.8,0
34239025,499000.0,129.0,3868.0,3,3,Valbom,São Cosme - Valbom - Jovim,,41.1414104,-8.5706449,,good,False,False,27,False,https://www.idealista.pt/imovel/34239025/,4,3.4915783203861737,32.25,498972.0,0.75,0
34334825,310000.0,80.0,3875.0,1,1,Lavadores,Canidelo,,41.1319649,-8.6689244,bj,good,False,True,15,True,https://www.idealista.pt/imovel/34334825/,2,5.239751420406989,40.0,310000.0,0.5,0
34139740,550000.0,105.0,5238.0,2,2,Lavadores,Canidelo,,41.1265267,-8.666232,1,renew,False,True,34,False,https://www.idealista.pt/imovel/34139740/,2,5.29658250145723,35.0,549990.0,0.6666666666666666,0
34139739,575000.0,105.0,5476.0,2,2,Lavadores,Canidelo,,41.1244982,-8.6646546,3,renew,False,True,35,False,https://www.idealista.pt/imovel/34139739/,2,5.296785627869145,35.0,574980.0,0.6666666666666666,0
34690738,220000.0,54.0,4074.0,0,1,Montes Caulinos,São Mamede de Infesta e Senhora da Hora,,41.1841312,-8.6370761,2,good,False,True,23,False,https://www.idealista.pt/imovel/34690738/,5,4.42089106686494,54.0,219996.0,1.0,0
34354706,235000.0,92.0,2554.0,3,2,Rechousa,Canelas,,41.0948497,-8.5979604,1,good,False,False,24,True,https://www.idealista.pt/imovel/34354706/,7,6.183686988720813,23.0,234968.0,0.5,0
34677700,498000.0,127.0,3921.0,3,3,Sampaio-Alumiara-Verdinho,Canidelo,,41.1324705,-8.6472639,2,good,False,True,31,False,https://www.idealista.pt/imovel/34677700/,2,3.5917485866061973,31.75,497967.0,0.75,0
34629696,285900.0,82.0,3487.0,2,1,Padrão da Légua - Av. Xanana Gusmão,Custóias - Leça do Balio - Guifões,,41.1935074,-8.6289191,3,good,False,True,25,True,https://www.idealista.pt/imovel/34629696/,5,5.109929590767659,27.333333333333332,285934.0,0.3333333333333333,0
34140621,275000.0,50.0,5500.0,1,1,Afurada - Arrábida - Cavaco,Santa Marinha e São Pedro da Afurada,,41.1401007,-8.6405379,1,good,False,True,23,False,https://www.idealista.pt/imovel/34140621/,2,2.6971694141039655,25.0,275000.0,0.5,1
34579528,390000.0,205.0,1902.0,2,2,Estação,Campanhã,,41.154276,-8.5888903,,renew,False,,23,True,https://www.idealista.pt/imovel/34579528/,6,1.9147347900354903,68.33333333333333,389910.0,0.6666666666666666,1
34652515,450000.0,162.0,2778.0,3,3,Maninho - Baviera,Madalena,,41.1127349,-8.6326685,1,good,False,True,21,True,https://www.idealista.pt/imovel/34652515/,7,4.486366758373059,40.5,450036.0,0.75,0
34686490,560000.0,115.0,4870.0,3,2,Afurada - Arrábida - Cavaco,Santa Marinha e São Pedro da Afurada,,41.1418485,-8.6412661,10,good,False,True,22,False,https://www.idealista.pt/imovel/34686490/,2,2.6847951901393117,28.75,560050.0,0.5,1
34711485,337500.0,108.0,3125.0,2,2,Parque da Lavandeira - Sardão,Oliveira do Douro,,41.1167727,-8.5928512,5,good,False,True,36,False,https://www.idealista.pt/imovel/34711485/,7,3.950831860038315,36.0,337500.0,0.6666666666666666,0
34491380,1980000.0,337.0,5875.0,5,5,Foz,Aldoar - Foz do Douro - Nevogilde,,41.1594855,-8.679933,,good,False,,32,True,https://www.idealista.pt/imovel/34491380/,0,5.883236590197445,56.166666666666664,1979875.0,0.8333333333333334,0
34617375,550000.0,119.0,4622.0,2,2,Lavadores,Canidelo,,41.1329723,-8.6658059,5,newdevelopment,True,True,44,True,https://www.idealista.pt/empreendimento/34617375/,2,4.95563345827231,39.666666666666664,550018.0,0.6666666666666666,0
34687365,220000.0,88.0,2500.0,1,1,Parque Oriental - Azevedo,Campanhã,,41.1515033,-8.564414,bj,good,False,False,19,False,https://www.idealista.pt/imovel/34687365/,4,3.897924797710798,44.0,220000.0,0.5,0
33564349,1400000.0,212.0,6604.0,3,3,Baixa,Cedofeita - Santo Ildefonso - Sé - Miragaia - São Nicolau - Vitória,Aliados - Clérigos - Carlos Alberto,41.148755,-8.6080033,2,good,False,True,29,True,https://www.idealista.pt/imovel/33564349/,6,0.26010369191232297,53.0,1400048.0,0.75,1
34699319,299000.0,69.0,4333.0,2,2,Campo 24 de Agosto,Bonfim,,41.1529095,-8.5966736,1,good,False,True,22,False,https://www.idealista.pt/imovel/34699319/,6,1.2466850111169288,23.0,298977.0,0.6666666666666666,1
34253314,258000.0,126.0,2048.0,2,2,Seara - Freixieiro,Oliveira do Douro,,41.1136448,-8.5771369,4,good,False,True,22,True,https://www.idealista.pt/imovel/34253314/,4,4.896972916409058,42.0,258048.0,0.6666666666666666,0
33042261,257000.0,122.0,2107.0,1,2,Barrosa - Devesas - Telheira do Meio,Santa Marinha e São Pedro da Afurada,,41.1258261,-8.6205988,bj,newdevelopment,True,True,16,True,https://www.idealista.pt/empreendimento/33042261/,7,2.765499621949782,61.0,257054.0,1.0,1
34371249,650000.0,128.0,5078.0,3,3,Lavadores,Canidelo,,41.1319528,-8.6679827,1,good,False,True,21,True,https://www.idealista.pt/imovel/34371249/,2,5.16721914360726,32.0,649984.0,0.75,0
34341235,925000.0,128.0,7227.0,3,3,Lavadores,Canidelo,,41.1347257,-8.668234,2,good,False,True,27,True,https://www.idealista.pt/imovel/34341235/,2,5.077972828970098,32.0,925056.0,0.75,0
33042216,226000.0,90.0,2511.0,1,1,Barrosa - Devesas - Telheira do Meio,Santa Marinha e São Pedro da Afurada,,41.1258261,-8.6205988,1,newdevelopment,True,True,16,True,https://www.idealista.pt/empreendimento/33042216/,7,2.765499621949782,45.0,225990.0,0.5,1
32932203,296000.0,55.0,5382.0,1,1,Baixa,Cedofeita - Santo Ildefonso - Sé - Miragaia - São Nicolau - Vitória,Aliados - Clérigos - Carlos Alberto,41.1466941,-8.6137676,5,good,False,True,33,True,https://www.idealista.pt/imovel/32932203/,1,0.40256519760332626,27.5,296010.0,0.5,1
34369150,499000.0,89.0,5607.0,2,2,Baixa,Cedofeita - Santo Ildefonso - Sé - Miragaia - São Nicolau - Vitória,Praça da República,41.155604,-8.6144574,2,good,False,False,18,True,https://www.idealista.pt/imovel/34369150/,1,0.731040453433161,29.666666666666668,499023.0,0.6666666666666666,1
33985121,355000.0,100.0,3550.0,2,2,Padrão da Légua - Av. Xanana Gusmão,Custóias - Leça do Balio - Guifões,,41.1925061,-8.632814,5,newdevelopment,True,True,22,True,https://www.idealista.pt/empreendimento/33985121/,5,5.111390034147254,33.333333333333336,355000.0,0.6666666666666666,0
34585094,250000.0,61.0,4098.0,1,1,Montes Caulinos,São Mamede de Infesta e Senhora da Hora,,41.1847009,-8.6381225,2,good,False,True,20,True,https://www.idealista.pt/imovel/34585094/,5,4.519539313571276,30.5,249978.0,0.5,0
34522072,330000.0,133.0,2481.0,2,2,Francos - Casa da Música - Pedro Hispano,Ramalde,,41.1666381,-8.6268692,3,good,False,True,22,True,https://www.idealista.pt/imovel/34522072/,1,2.3187621181058553,44.333333333333336,329973.0,0.6666666666666666,1
34541058,240000.0,63.0,3810.0,1,1,São João - Asprela - Telheiro,São Mamede de Infesta e Senhora da Hora,,41.1879731,-8.6151317,2,good,False,True,18,True,https://www.idealista.pt/imovel/34541058/,5,4.281571140844799,31.5,240030.0,0.5,0
33938050,340000.0,93.0,3656.0,2,2,Padrão da Légua - Av. Xanana Gusmão,Custóias - Leça do Balio - Guifões,,41.1925061,-8.632814,5,newdevelopment,True,True,22,True,https://www.idealista.pt/empreendimento/33938050/,5,5.111390034147254,31.0,340008.0,0.6666666666666666,0
34659039,750000.0,180.0,4167.0,4,4,Serralves,Lordelo do Ouro e Massarelos,,41.1633944,-8.6603545,,good,False,,42,False,https://www.idealista.pt/imovel/34659039/,0,4.415338342659611,36.0,750060.0,0.8,0
33938030,405000.0,122.0,3320.0,3,3,Padrão da Légua - Av. Xanana Gusmão,Custóias - Leça do Balio - Guifões,,41.1925061,-8.632814,3,newdevelopment,True,True,22,True,https://www.idealista.pt/empreendimento/33938030/,5,5.111390034147254,30.5,405040.0,0.75,0
34523961,700000.0,200.0,3500.0,4,3,Bessa Leite,Lordelo do Ouro e Massarelos,,41.1603795,-8.6420416,5,good,False,True,26,True,https://www.idealista.pt/imovel/34523961/,1,2.869568993840622,40.0,700000.0,0.6,1
34603276,630000.0,164.0,3841.0,4,3,Afurada - Arrábida - Cavaco,Santa Marinha e São Pedro da Afurada,,41.1402061,-8.6416969,,good,False,True,27,False,https://www.idealista.pt/imovel/34603276/,2,2.7823028663973197,32.8,629924.0,0.6,1
34623949,270000.0,108.0,2500.0,2,2,Valbom,São Cosme - Valbom - Jovim,,41.1371658,-8.5589738,4,good,False,True,51,False,https://www.idealista.pt/imovel/34623949/,4,4.562676855100077,36.0,270000.0,0.6666666666666666,0
34527939,305000.0,168.0,1815.0,3,1,Monte de Burgos - Padrão da Légua,São Mamede de Infesta e Senhora da Hora,,41.186753,-8.6257317,bj,good,False,True,23,True,https://www.idealista.pt/imovel/34527939/,5,4.313736909196052,42.0,304920.0,0.25,0
34493916,318000.0,82.0,3878.0,2,2,Baixa,Cedofeita - Santo Ildefonso - Sé - Miragaia - São Nicolau - Vitória,Batalha - Poveiros,41.1473406,-8.6049536,2,good,False,False,38,True,https://www.idealista.pt/imovel/34493916/,6,0.5576901061702216,27.333333333333332,317996.0,0.6666666666666666,1
34661903,257500.0,100.0,2575.0,3,2,São Caetano - Soutelo - Areias,Rio Tinto,,41.1667792,-8.5527884,,good,False,False,22,True,https://www.idealista.pt/imovel/34661903/,3,5.226585426219456,25.0,257500.0,0.5,0
34553906,890000.0,329.0,2705.0,5,4,Freixo,Campanhã,,41.1440155,-8.5857084,,good,False,True,45,True,https://www.idealista.pt/imovel/34553906/,6,2.1988637667802213,54.833333333333336,889945.0,0.6666666666666666,1
34526900,360000.0,105.0,3429.0,2,2,Praia,Madalena,,41.1076611,-8.65439,bj,newdevelopment,True,True,22,False,https://www.idealista.pt/empreendimento/34526900/,2,5.9173774001526205,35.0,360045.0,0.6666666666666666,0
34526888,395000.0,121.0,3264.0,2,2,Praia,Madalena,,41.1076611,-8.65439,2,newdevelopment,True,True,22,False,https://www.idealista.pt/empreendimento/34526888/,2,5.9173774001526205,40.333333333333336,394944.0,0.6666666666666666,0
34269890,1450000.0,281.0,5160.0,4,6,Cooperativa dos Arquitectos - Fonte da Moura - Pedra Verde,Aldoar - Foz do Douro - Nevogilde,,41.169023,-8.6577124,,good,False,,25,True,https://www.idealista.pt/imovel/34269890/,0,4.474693077623108,56.2,1449960.0,1.2,0
34526885,465000.0,183.0,2541.0,3,3,Praia,Madalena,,41.1076611,-8.65439,1,newdevelopment,True,True,22,False,https://www.idealista.pt/empreendimento/34526885/,2,5.9173774001526205,45.75,465003.0,0.75,0
34471827,580000.0,228.0,2544.0,5,6,Praça do Marquês - Lima,Bonfim,,41.1636848,-8.5994507,,good,False,,42,True,https://www.idealista.pt/imovel/34471827/,6,1.8362038545378843,38.0,580032.0,1.0,1
34355790,670000.0,105.0,6381.0,2,2,Lavadores,Canidelo,,41.1329723,-8.6658059,4,newdevelopment,True,True,44,False,https://www.idealista.pt/empreendimento/34355790/,2,4.95563345827231,35.0,670005.0,0.6666666666666666,0
34465760,299000.0,56.0,5339.0,1,1,Matosinhos Sul - Marginal,Matosinhos e Leça da Palmeira,,41.1780355,-8.683297,1,good,False,True,39,True,https://www.idealista.pt/imovel/34465760/,0,6.835657841364107,28.0,298984.0,0.5,0
34320685,256000.0,54.0,4741.0,1,1,Hospital São João - Pólo Universitário,Paranhos,,41.1772596,-8.589125,5,good,False,True,18,True,https://www.idealista.pt/imovel/34320685/,3,3.575195202390898,27.0,256014.0,0.5,0
34146597,1480000.0,480.0,3083.0,15,4,Estação,Campanhã,,41.1565174,-8.5890189,,good,False,,38,False,https://www.idealista.pt/imovel/34146597/,6,1.9869120304522017,30.0,1479840.0,0.25,1
34675594,289000.0,60.0,4817.0,1,1,Boavista,Cedofeita - Santo Ildefonso - Sé - Miragaia - São Nicolau - Vitória,Ramalda Alta,41.1613538,-8.6230257,1,good,False,False,25,False,https://www.idealista.pt/imovel/34675594/,1,1.6549165772094077,30.0,289020.0,0.5,1
33984585,863000.0,139.0,6209.0,3,3,Lavadores,Canidelo,,41.1329723,-8.6658059,5,newdevelopment,True,True,44,False,https://www.idealista.pt/empreendimento/33984585/,2,4.95563345827231,34.75,863051.0,0.75,0
34356580,499000.0,210.0,2376.0,3,2,Valbom,São Cosme - Valbom - Jovim,,41.1428475,-8.5557936,,good,False,,34,False,https://www.idealista.pt/imovel/34356580/,4,4.674938272036696,52.5,498960.0,0.5,0
34675565,310000.0,61.0,5082.0,1,1,Boavista,Cedofeita - Santo Ildefonso - Sé - Miragaia - São Nicolau - Vitória,Ramalda Alta,41.1613538,-8.6230257,1,good,False,False,27,False,https://www.idealista.pt/imovel/34675565/,1,1.6549165772094077,30.5,310002.0,0.5,1
34652535,890000.0,253.0,3518.0,3,3,Palácio de Cristal - Galiza - Vilar,Lordelo do Ouro e Massarelos,,41.1467818,-8.6253567,,good,False,True,29,True,https://www.idealista.pt/imovel/34652535/,1,1.2503778177965565,63.25,890054.0,0.75,1
34510526,670000.0,133.0,5038.0,3,4,Boavista,Cedofeita - Santo Ildefonso - Sé - Miragaia - São Nicolau - Vitória,Avenida de França,41.1610501,-8.6247327,,renew,False,,17,False,https://www.idealista.pt/imovel/34510526/,1,1.7211080303724038,33.25,670054.0,1.0,1
34648493,450000.0,100.0,4500.0,2,2,Baixa,Cedofeita - Santo Ildefonso - Sé - Miragaia - São Nicolau - Vitória,Bairro das Artes,41.1500311,-8.6200787,1,good,False,True,19,False,https://www.idealista.pt/imovel/34648493/,1,0.7700154544091206,33.333333333333336,450000.0,0.6666666666666666,1
32713490,1050000.0,192.0,5469.0,4,4,Foz Velha,Aldoar - Foz do Douro - Nevogilde,,41.1523171,-8.6766538,1,good,False,True,29,False,https://www.idealista.pt/imovel/32713490/,0,5.513677265984427,38.4,1050048.0,0.8,0
34431479,410000.0,236.0,1737.0,2,3,Valbom,São Cosme - Valbom - Jovim,,41.13927,-8.5641132,,good,False,,71,True,https://www.idealista.pt/imovel/34431479/,4,4.082641126059757,78.66666666666667,409932.0,1.0,0
34659409,398000.0,143.0,2783.0,4,2,Barrosa - Devesas - Telheira do Meio,Santa Marinha e São Pedro da Afurada,,41.1250585,-8.6221138,,good,False,True,33,True,https://www.idealista.pt/imovel/34659409/,7,2.8859566615834,28.6,397969.0,0.4,1
33577396,498000.0,168.0,2964.0,3,3,Paniceiro-Viso-Meiral,Canidelo,,41.1313711,-8.6464574,2,good,False,False,40,True,https://www.idealista.pt/imovel/33577396/,2,3.6020402514307532,42.0,497952.0,0.75,0
34493366,385000.0,59.0,6525.0,1,1,Antas - Estádio do Dragão,Campanhã,,41.1650321,-8.5866498,8,good,False,True,24,True,https://www.idealista.pt/imovel/34493366/,6,2.658252257707436,29.5,384975.0,0.5,1
34098334,1760000.0,277.0,6354.0,4,3,Foz Velha,Aldoar - Foz do Douro - Nevogilde,,41.1503875,-8.6693841,,good,False,,36,True,https://www.idealista.pt/imovel/34098334/,0,4.897575375739938,55.4,1760058.0,0.6,0
34672250,375000.0,112.0,3348.0,1,2,Covelo - Monte de São João,Paranhos,,41.1624539,-8.6057854,5,good,False,True,44,True,https://www.idealista.pt/imovel/34672250/,6,1.4920522333812036,56.0,374976.0,1.0,1
34485224,230000.0,71.0,3239.0,1,1,São Roque da Lameira,Campanhã,,41.159708,-8.5794296,4,good,False,False,17,True,https://www.idealista.pt/imovel/34485224/,6,2.864503024741965,35.5,229969.0,0.5,1
34676220,995000.0,174.0,5718.0,4,3,Foz Velha,Aldoar - Foz do Douro - Nevogilde,,41.1516726,-8.6776176,,good,False,True,36,True,https://www.idealista.pt/imovel/34676220/,0,5.590869238847077,34.8,994932.0,0.6,0
34454174,475000.0,244.0,1947.0,2,2,Barrosa - Devesas - Telheira do Meio,Santa Marinha e São Pedro da Afurada,,41.1294091,-8.6117473,bj,good,False,True,28,False,https://www.idealista.pt/imovel/34454174/,7,2.24624658364813,81.33333333333333,475068.0,0.6666666666666666,1
33447084,498000.0,142.0,3507.0,2,3,Cais das Pedras,Lordelo do Ouro e Massarelos,,41.1497232,-8.6312449,,good,False,,31,False,https://www.idealista.pt/imovel/33447084/,1,1.7035139727814994,47.333333333333336,497994.0,1.0,1
34675076,285000.0,110.0,2591.0,2,2,Circunvalação - Parque Nascente,Rio Tinto,,41.1702481,-8.5674482,,good,False,,46,False,https://www.idealista.pt/imovel/34675076/,3,4.301585843257477,36.666666666666664,285010.0,0.6666666666666666,0
33640052,955000.0,256.0,3730.0,3,3,Lavadores,Canidelo,,41.1247914,-8.6665356,3,newdevelopment,True,True,19,False,https://www.idealista.pt/empreendimento/33640052/,2,5.414607252630569,64.0,954880.0,0.75,0
34525049,640000.0,160.0,4000.0,2,3,Serralves,Lordelo do Ouro e Massarelos,,41.1613637,-8.658079,1,good,False,False,49,False,https://www.idealista.pt/imovel/34525049/,0,4.160859600809716,53.333333333333336,640000.0,1.0,0
34264006,420000.0,152.0,2763.0,2,2,Antas - Estádio do Dragão,Campanhã,,41.1597025,-8.5860187,,good,False,True,36,True,https://www.idealista.pt/imovel/34264006/,6,2.3667135905936174,50.666666666666664,419976.0,0.6666666666666666,1
33728849,235000.0,50.0,4700.0,1,1,São João - Asprela - Telheiro,São Mamede de Infesta e Senhora da Hora,,41.1874327,-8.6129858,1,good,False,True,17,False,https://www.idealista.pt/imovel/33728849/,5,4.210425717198044,25.0,235000.0,0.5,0
33822922,447000.0,200.0,2235.0,5,1,Antas - Estádio do Dragão,Campanhã,,41.1598088,-8.5924189,,good,False,,27,False,https://www.idealista.pt/imovel/33822922/,6,1.9190353223422738,33.333333333333336,447000.0,0.16666666666666666,1
34599890,500000.0,150.0,3333.0,3,3,Prelada - Monte dos Burgos,Ramalde,Requesende,41.1768057,-8.6371706,bj,good,False,True,21,False,https://www.idealista.pt/imovel/34599890/,5,3.7400188422107816,37.5,499950.0,0.75,0
34633881,530000.0,217.0,2442.0,2,2,Campo 24 de Agosto,Bonfim,,41.1514155,-8.6014116,bj,good,False,False,23,False,https://www.idealista.pt/imovel/34633881/,6,0.8196920679880859,72.33333333333333,529914.0,0.6666666666666666,1
34692866,665000.0,137.0,4854.0,3,2,Pinhais da Foz,Aldoar - Foz do Douro - Nevogilde,,41.1546298,-8.6643883,7,good,False,True,34,False,https://www.idealista.pt/imovel/34692866/,0,4.513144992027949,34.25,664998.0,0.5,0
33236853,855000.0,170.0,5029.0,3,4,Sampaio-Alumiara-Verdinho,Canidelo,,41.1355977,-8.6513493,1,newdevelopment,True,True,40,False,https://www.idealista.pt/empreendimento/33236853/,2,3.7278623113716094,42.5,854930.0,1.0,0
34694819,375000.0,133.0,2820.0,3,2,Santo Ovídio - Cedro - Monte da Virgem,Mafamude e Vilar do Paraíso,,41.1120925,-8.6104261,7,good,False,True,28,False,https://www.idealista.pt/imovel/34694819/,7,4.170832567571399,33.25,375060.0,0.5,0
34537807,290000.0,53.0,5472.0,1,1,Centro Histórico,Cedofeita - Santo Ildefonso - Sé - Miragaia - São Nicolau - Vitória,Rua das Flores - Mouzinho,41.144963,-8.6135452,1,good,False,True,18,False,https://www.idealista.pt/imovel/34537807/,1,0.5611698031951426,26.5,290016.0,0.5,1
34653796,570000.0,150.0,3800.0,4,4,Boavista,Cedofeita - Santo Ildefonso - Sé - Miragaia - São Nicolau - Vitória,Casa da Música,41.1597341,-8.6236461,5,good,False,True,24,False,https://www.idealista.pt/imovel/34653796/,1,1.5519653348486602,30.0,570000.0,0.8,1
34720789,300000.0,65.0,4615.0,2,1,Constituição,Cedofeita - Santo Ildefonso - Sé - Miragaia - São Nicolau - Vitória,,41.1634162,-8.6099904,2,good,False,True,22,True,https://www.idealista.pt/imovel/34720789/,6,1.538177565200783,21.666666666666668,299975.0,0.3333333333333333,1
34565776,890000.0,192.0,4635.0,3,3,Foz,Aldoar - Foz do Douro - Nevogilde,,41.1608908,-8.6810929,bj,good,False,True,40,False,https://www.idealista.pt/imovel/34565776/,0,6.009295688296209,48.0,889920.0,0.75,0
33236776,845000.0,170.0,4971.0,3,4,Sampaio-Alumiara-Verdinho,Canidelo,,41.1355977,-8.6513493,1,newdevelopment,True,True,40,False,https://www.idealista.pt/empreendimento/33236776/,2,3.7278623113716094,42.5,845070.0,1.0,0
34661736,370000.0,160.0,2313.0,3,3,Corujeira - Bonjóia,Campanhã,,41.1534148,-8.5812479,1,good,False,False,31,True,https://www.idealista.pt/imovel/34661736/,6,2.518649195664051,40.0,370080.0,0.75,1
34636727,658000.0,112.0,5875.0,2,1,Centro Histórico,Cedofeita - Santo Ildefonso - Sé - Miragaia - São Nicolau - Vitória,São Bento - Cimo de Vila,41.1436656,-8.6076553,bj,good,False,True,33,False,https://www.idealista.pt/imovel/34636727/,6,0.7136173331874542,37.333333333333336,658000.0,0.3333333333333333,1
34574688,385000.0,96.0,4010.0,3,2,Bessa - Foco,Ramalde,,41.1625232,-8.6471702,8,good,False,True,19,False,https://www.idealista.pt/imovel/34574688/,0,3.359423265025327,24.0,384960.0,0.5,0
34650675,440000.0,126.0,3492.0,3,2,Centro Histórico,Cedofeita - Santo Ildefonso - Sé - Miragaia - São Nicolau - Vitória,Rua das Flores - Mouzinho,41.1415226,-8.6125281,2,good,False,False,27,False,https://www.idealista.pt/imovel/34650675/,1,0.9084532160344497,31.5,439992.0,0.5,1
34633677,275000.0,124.0,2218.0,0,1,Campo 24 de Agosto,Bonfim,,41.1505469,-8.592919,1,good,False,False,16,False,https://www.idealista.pt/imovel/34633677/,6,1.5091996771783356,124.0,275032.0,1.0,1
34542661,695000.0,296.0,2348.0,4,3,Santos Pousada,Bonfim,,41.1535999,-8.6001956,,good,False,,25,False,https://www.idealista.pt/imovel/34542661/,6,1.0005348121029745,59.2,695008.0,0.6,1
34406636,345000.0,100.0,3450.0,2,2,Padrão da Légua - Av. Xanana Gusmão,Custóias - Leça do Balio - Guifões,,41.1925061,-8.632814,4,newdevelopment,True,True,22,True,https://www.idealista.pt/empreendimento/34406636/,5,5.111390034147254,33.333333333333336,345000.0,0.6666666666666666,0
34678627,447500.0,152.0,2944.0,2,2,Vila d'Este - Monte da Virgem,Vilar de Andorinho,,41.0997071,-8.5879591,4,good,False,True,27,False,https://www.idealista.pt/imovel/34678627/,7,5.871189010896482,50.666666666666664,447488.0,0.6666666666666666,0
34591614,1395000.0,318.0,4387.0,5,5,Igreja do Bonfim - Lomba,Bonfim,,41.1528442,-8.5930558,,good,False,,60,False,https://www.idealista.pt/imovel/34591614/,6,1.5369756649766326,53.0,1395066.0,0.8333333333333334,1
34634611,900000.0,167.0,5389.0,4,2,Foz Velha,Aldoar - Foz do Douro - Nevogilde,,41.1501362,-8.6769376,,renew,False,,24,False,https://www.idealista.pt/imovel/34634611/,0,5.529568583953479,33.4,899963.0,0.4,0
34578610,670000.0,252.0,2659.0,4,6,Centro de Senhora da Hora,São Mamede de Infesta e Senhora da Hora,,41.1923712,-8.6532131,,good,False,,73,False,https://www.idealista.pt/imovel/34578610/,5,5.929796218965872,50.4,670068.0,1.2,0
34629602,495000.0,113.0,4381.0,2,2,Lavadores,Canidelo,,41.1353136,-8.6675415,3,good,False,True,45,False,https://www.idealista.pt/imovel/34629602/,2,5.0020178250680445,37.666666666666664,495053.0,0.6666666666666666,0
34574574,778000.0,420.0,1852.0,6,5,Valbom,São Cosme - Valbom - Jovim,,41.1312866,-8.5699589,,good,False,,25,False,https://www.idealista.pt/imovel/34574574/,4,3.9876003313519464,60.0,777840.0,0.7142857142857143,0
34215541,270000.0,71.0,3803.0,1,1,Padrão da Légua - Av. Xanana Gusmão,Custóias - Leça do Balio - Guifões,,41.1925061,-8.632814,4,newdevelopment,True,True,22,True,https://www.idealista.pt/empreendimento/34215541/,5,5.111390034147254,35.5,270013.0,0.5,0
34176505,315000.0,93.0,3387.0,1,2,Covelo - Monte de São João,Paranhos,,41.1628527,-8.6029391,bj,good,False,False,22,False,https://www.idealista.pt/imovel/34176505/,6,1.6173451940035253,46.5,314991.0,1.0,1
34629499,525000.0,119.0,4412.0,2,2,Lavadores,Canidelo,,41.1338756,-8.6652826,3,good,False,True,39,False,https://www.idealista.pt/imovel/34629499/,2,4.878078154542905,39.666666666666664,525028.0,0.6666666666666666,0
34643496,290000.0,112.0,2589.0,2,1,São Roque da Lameira,Campanhã,,41.1613213,-8.5768212,,good,False,,36,False,https://www.idealista.pt/imovel/34643496/,3,3.1367315844753776,37.333333333333336,289968.0,0.3333333333333333,0
33236490,650000.0,132.0,4924.0,2,3,Sampaio-Alumiara-Verdinho,Canidelo,,41.1355977,-8.6513493,3,newdevelopment,True,True,40,False,https://www.idealista.pt/empreendimento/33236490/,2,3.7278623113716094,44.0,649968.0,1.0,0
34624464,480000.0,113.0,4248.0,2,1,Centro Histórico,Santa Marinha e São Pedro da Afurada,,41.1349721,-8.611469,,good,False,,30,False,https://www.idealista.pt/imovel/34624464/,7,1.627245992538,37.666666666666664,480024.0,0.3333333333333333,1
34675440,310000.0,47.0,6596.0,0,1,Baixa,Cedofeita - Santo Ildefonso - Sé - Miragaia - São Nicolau - Vitória,Bairro das Artes,41.1511403,-8.6196324,1,good,False,True,21,False,https://www.idealista.pt/imovel/34675440/,1,0.7509403164265313,47.0,310012.0,1.0,1
34565421,285000.0,56.0,5089.0,0,1,Baixa,Cedofeita - Santo Ildefonso - Sé - Miragaia - São Nicolau - Vitória,Santa Catarina,41.1519219,-8.6028078,3,good,False,True,26,False,https://www.idealista.pt/imovel/34565421/,6,0.7250656484829351,56.0,284984.0,1.0,1
34564415,365000.0,114.0,3202.0,3,3, Viso - Zona Industrial,Ramalde,,41.1712867,-8.6506969,1,good,False,False,19,False,https://www.idealista.pt/imovel/34564415/,0,4.112749444901863,28.5,365028.0,0.75,0
34128404,320000.0,56.0,5714.0,1,1,Igreja do Bonfim - Lomba,Bonfim,,41.1495616,-8.5934489,3,,True,True,21,False,https://www.idealista.pt/empreendimento/34128404/,6,1.4611718416461683,28.0,319984.0,0.5,1
34513301,430000.0,137.0,3139.0,3,2,Francos - Casa da Música - Pedro Hispano,Ramalde,,41.1679668,-8.6328039,,good,False,True,30,True,https://www.idealista.pt/imovel/34513301/,1,2.7447333357330623,34.25,430043.0,0.5,1
34602273,695000.0,242.0,2872.0,5,2,Camões - Gonçalo Cristóvão - Faria Guimarães,Cedofeita - Santo Ildefonso - Sé - Miragaia - São Nicolau - Vitória,,41.1543491,-8.6075978,12,renew,False,True,42,False,https://www.idealista.pt/imovel/34602273/,6,0.5960750116111061,40.333333333333336,695024.0,0.3333333333333333,1
33653272,525000.0,113.0,4646.0,2,2,Boavista,Cedofeita - Santo Ildefonso - Sé - Miragaia - São Nicolau - Vitória,Casa da Música,41.1597588,-8.6269919,1,good,False,True,24,False,https://www.idealista.pt/imovel/33653272/,1,1.7581556253278756,37.666666666666664,524998.0,0.6666666666666666,1
34565240,440395.0,138.0,3191.0,2,2,Covelo - Monte de São João,Paranhos,,41.1636208,-8.6079195,6,good,False,True,36,False,https://www.idealista.pt/imovel/34565240/,6,1.5788842941676526,46.0,440358.0,0.6666666666666666,1
34597236,240000.0,41.0,5854.0,0,1,Campo 24 de Agosto,Bonfim,,41.1498778,-8.5993351,2,good,False,False,14,False,https://www.idealista.pt/imovel/34597236/,6,0.9688093819882561,41.0,240014.0,1.0,1
33996214,819000.0,182.0,4500.0,2,3,Igreja do Bonfim - Lomba,Bonfim,,41.1495616,-8.5934489,6,newdevelopment,True,True,21,False,https://www.idealista.pt/empreendimento/33996214/,6,1.4611718416461683,60.666666666666664,819000.0,1.0,1
34634193,1580000.0,401.0,3940.0,3,4,Fontaínhas - Duques,Bonfim,,41.1450392,-8.5995918,,good,False,,36,False,https://www.idealista.pt/imovel/34634193/,6,1.074118161985877,100.25,1579940.0,1.0,1
34400191,357500.0,132.0,2708.0,2,2,Câmara de Gaia - Aviadores - Quinta das Pedras,Mafamude e Vilar do Paraíso,,41.1282772,-8.6080953,2,newdevelopment,True,True,17,False,https://www.idealista.pt/empreendimento/34400191/,7,2.382592212377815,44.0,357456.0,0.6666666666666666,1
34629186,389000.0,71.0,5479.0,1,1,Centro Histórico,Cedofeita - Santo Ildefonso - Sé - Miragaia - São Nicolau - Vitória,São Bento - Cimo de Vila,41.1441562,-8.6095615,bj,good,False,True,18,False,https://www.idealista.pt/imovel/34629186/,6,0.6156110055202825,35.5,389009.0,0.5,1
34400185,355000.0,132.0,2689.0,2,2,Câmara de Gaia - Aviadores - Quinta das Pedras,Mafamude e Vilar do Paraíso,,41.1282772,-8.6080953,1,newdevelopment,True,True,17,False,https://www.idealista.pt/empreendimento/34400185/,7,2.382592212377815,44.0,354948.0,0.6666666666666666,1
34566172,249000.0,143.0,1741.0,3,2,Santegãos - Estrada Nova - Campainha,Rio Tinto,,41.189811,-8.5567171,2,renew,False,False,35,False,https://www.idealista.pt/imovel/34566172/,3,6.368756145741428,35.75,248963.0,0.5,0
34400163,345000.0,116.0,2974.0,2,2,Câmara de Gaia - Aviadores - Quinta das Pedras,Mafamude e Vilar do Paraíso,,41.1282772,-8.6080953,2,newdevelopment,True,True,17,False,https://www.idealista.pt/empreendimento/34400163/,7,2.382592212377815,38.666666666666664,344984.0,0.6666666666666666,1
33996165,250000.0,42.0,5952.0,0,1,Igreja do Bonfim - Lomba,Bonfim,,41.1495616,-8.5934489,4,newdevelopment,True,True,21,False,https://www.idealista.pt/empreendimento/33996165/,6,1.4611718416461683,42.0,249984.0,1.0,1
33825164,229300.0,52.0,4410.0,1,1,São Roque da Lameira,Campanhã,,41.1607804,-8.5771538,1,,True,True,11,False,https://www.idealista.pt/empreendimento/33825164/,3,3.0867243829330495,26.0,229320.0,0.5,0
34565159,285000.0,56.0,5089.0,0,1,Baixa,Cedofeita - Santo Ildefonso - Sé - Miragaia - São Nicolau - Vitória,Santa Catarina,41.1490843,-8.6027259,2,good,False,True,24,False,https://www.idealista.pt/imovel/34565159/,6,0.6868108959927384,56.0,284984.0,1.0,1
33996157,240000.0,41.0,5854.0,0,1,Igreja do Bonfim - Lomba,Bonfim,,41.1495616,-8.5934489,2,newdevelopment,True,True,21,False,https://www.idealista.pt/empreendimento/33996157/,6,1.4611718416461683,41.0,240014.0,1.0,1
34526149,280000.0,63.0,4444.0,1,2,Areosa - Fernão de Magalhães,Paranhos,,41.1804131,-8.5826308,4,good,False,True,24,False,https://www.idealista.pt/imovel/34526149/,3,4.164024893201957,31.5,279972.0,1.0,0
33996147,285000.0,56.0,5089.0,1,1,Igreja do Bonfim - Lomba,Bonfim,,41.1495616,-8.5934489,2,newdevelopment,True,True,21,False,https://www.idealista.pt/empreendimento/33996147/,6,1.4611718416461683,28.0,284984.0,0.5,1
34543128,299000.0,84.0,3560.0,1,1,Candal - Regadas,Santa Marinha e São Pedro da Afurada,,41.1317946,-8.6247151,1,good,False,False,21,False,https://www.idealista.pt/imovel/34543128/,7,2.2930905812731153,42.0,299040.0,0.5,1
34539093,625000.0,264.0,2367.0,4,3,Areosa - Fernão de Magalhães,Paranhos,,41.1739992,-8.5910291,2,good,False,False,33,False,https://www.idealista.pt/imovel/34539093/,3,3.1824273519867434,52.8,624888.0,0.6,0
34671089,375000.0,88.0,4261.0,2,1,Bessa - Foco,Ramalde,,41.1597474,-8.6448932,,good,False,True,28,False,https://www.idealista.pt/imovel/34671089/,1,3.061513917504988,29.333333333333332,374968.0,0.3333333333333333,0
34574059,980000.0,222.0,4414.0,4,4,Afurada - Arrábida - Cavaco,Santa Marinha e São Pedro da Afurada,,41.1403772,-8.6384399,10,good,False,True,41,False,https://www.idealista.pt/imovel/34574059/,2,2.52380511065783,44.4,979908.0,0.8,1
34293052,544125.0,173.0,3145.0,3,3,Prelada - Monte dos Burgos,Ramalde,Requesende,41.1744685,-8.636216,6,newdevelopment,True,True,16,True,https://www.idealista.pt/empreendimento/34293052/,5,3.4839602144199904,43.25,544085.0,0.75,0
34639031,498000.0,136.0,3662.0,3,3,Lavadores,Canidelo,,41.1315505,-8.6664127,2,good,False,True,26,False,https://www.idealista.pt/imovel/34639031/,2,5.063420080355848,34.0,498032.0,0.75,0
32142025,790000.0,236.0,3347.0,4,4,Afurada - Arrábida - Cavaco,Santa Marinha e São Pedro da Afurada,,41.1417635,-8.6409,10,newdevelopment,True,True,21,False,https://www.idealista.pt/empreendimento/32142025/,2,2.6588651443597633,47.2,789892.0,0.8,1
32142024,670000.0,197.0,3401.0,4,4,Afurada - Arrábida - Cavaco,Santa Marinha e São Pedro da Afurada,,41.1417635,-8.6409,2,newdevelopment,True,True,21,False,https://www.idealista.pt/empreendimento/32142024/,2,2.6588651443597633,39.4,669997.0,0.8,1
34623012,458000.0,78.0,5872.0,1,2,Centro Histórico,Santa Marinha e São Pedro da Afurada,,41.1380286,-8.6109424,1,good,False,True,19,False,https://www.idealista.pt/imovel/34623012/,7,1.286685872636026,39.0,458016.0,1.0,1
33386991,650000.0,155.0,4194.0,2,5,Matosinhos Sul - Marginal,Matosinhos e Leça da Palmeira,,41.1739479,-8.6812348,bj,good,False,True,30,False,https://www.idealista.pt/imovel/33386991/,0,6.480592876544066,51.666666666666664,650070.0,1.6666666666666667,0
34582989,465000.0,92.0,5054.0,2,2,Camões - Gonçalo Cristóvão - Faria Guimarães,Cedofeita - Santo Ildefonso - Sé - Miragaia - São Nicolau - Vitória,,41.1563587,-8.6052167,2,good,False,True,16,False,https://www.idealista.pt/imovel/34582989/,6,0.8895050700815267,30.666666666666668,464968.0,0.6666666666666666,1
34622961,390000.0,65.0,6000.0,0,1,Centro Histórico,Santa Marinha e São Pedro da Afurada,,41.1354632,-8.6093422,3,good,False,True,26,False,https://www.idealista.pt/imovel/34622961/,7,1.5773437278282398,65.0,390000.0,1.0,1
34704951,275000.0,55.0,5000.0,1,1,Afurada - Arrábida - Cavaco,Santa Marinha e São Pedro da Afurada,,41.1418461,-8.6412557,2,newdevelopment,True,True,13,False,https://www.idealista.pt/empreendimento/34704951/,2,2.6840562251837716,27.5,275000.0,0.5,1
34542949,256000.0,88.0,2909.0,3,1,Afurada - Arrábida - Cavaco,Santa Marinha e São Pedro da Afurada,,41.140123,-8.6339369,5,good,False,True,29,True,https://www.idealista.pt/imovel/34542949/,1,2.1980714928783507,22.0,255992.0,0.25,1
34704945,225000.0,42.0,5357.0,0,1,Afurada - Arrábida - Cavaco,Santa Marinha e São Pedro da Afurada,,41.1418461,-8.6412557,10,newdevelopment,True,True,13,False,https://www.idealista.pt/empreendimento/34704945/,2,2.6840562251837716,42.0,224994.0,1.0,1
34704930,420000.0,96.0,4375.0,3,3,Afurada - Arrábida - Cavaco,Santa Marinha e São Pedro da Afurada,,41.1418461,-8.6412557,4,newdevelopment,True,True,13,False,https://www.idealista.pt/empreendimento/34704930/,2,2.6840562251837716,24.0,420000.0,0.75,1
33967847,2250000.0,528.0,4261.0,4,4,Serralves,Lordelo do Ouro e Massarelos,,41.1624334,-8.6601092,1,newdevelopment,True,True,12,False,https://www.idealista.pt/empreendimento/33967847/,0,4.359980716981554,105.6,2249808.0,0.8,0
33967816,1050000.0,173.0,6069.0,3,3,Serralves,Lordelo do Ouro e Massarelos,,41.1624334,-8.6601092,3,newdevelopment,True,True,11,False,https://www.idealista.pt/empreendimento/33967816/,0,4.359980716981554,43.25,1049937.0,0.75,0
34636788,1000000.0,345.0,2899.0,3,3,Serralves,Lordelo do Ouro e Massarelos,,41.1624466,-8.660083,1,good,False,True,16,False,https://www.idealista.pt/imovel/34636788/,0,4.358388557354118,86.25,1000155.0,0.75,0
34189789,1090000.0,299.0,3645.0,4,4,Ouro - Condominhas,Lordelo do Ouro e Massarelos,,41.1487297,-8.6495688,,good,False,,46,True,https://www.idealista.pt/imovel/34189789/,2,3.2391718137558883,59.8,1089855.0,0.8,0
33967789,1000000.0,345.0,2899.0,3,3,Serralves,Lordelo do Ouro e Massarelos,,41.1624334,-8.6601092,1,newdevelopment,True,True,11,False,https://www.idealista.pt/empreendimento/33967789/,0,4.359980716981554,86.25,1000155.0,0.75,0
33400785,990000.0,218.0,4541.0,5,6,Aviz - Cristo Rei,Aldoar - Foz do Douro - Nevogilde,,41.1639834,-8.6680549,14,good,False,True,17,False,https://www.idealista.pt/imovel/33400785/,0,5.045217625604605,36.333333333333336,989938.0,1.0,0
34552733,341149.0,74.0,4610.0,1,1,Cais das Pedras,Lordelo do Ouro e Massarelos,,41.1472558,-8.6305119,,good,False,False,28,False,https://www.idealista.pt/imovel/34552733/,1,1.6626760227045239,37.0,341140.0,0.5,1
33480726,700000.0,173.0,4046.0,3,3,Matosinhos Sul - Marginal,Matosinhos e Leça da Palmeira,,41.1742901,-8.686569,,good,False,True,44,False,https://www.idealista.pt/imovel/33480726/,0,6.903857715281028,43.25,699958.0,0.75,0
34413709,239000.0,96.0,2490.0,2,1,Laborim - Rechousa - Alto das Torres,Mafamude e Vilar do Paraíso,,41.1026579,-8.6017283,3,good,False,True,39,True,https://www.idealista.pt/imovel/34413709/,7,5.275951420936493,32.0,239040.0,0.3333333333333333,0
33023630,475000.0,100.0,4750.0,3,3,Baixa,Cedofeita - Santo Ildefonso - Sé - Miragaia - São Nicolau - Vitória,Santa Catarina,41.1519115,-8.605508,1,good,False,False,18,True,https://www.idealista.pt/imovel/33023630/,6,0.5194983521805998,25.0,475000.0,0.75,1
34682518,225000.0,64.0,3516.0,2,1,Santegãos - Estrada Nova - Campainha,Rio Tinto,,41.1901257,-8.5574085,,good,False,True,17,False,https://www.idealista.pt/imovel/34682518/,3,6.352442057104046,21.333333333333332,225024.0,0.3333333333333333,0
34423507,266000.0,114.0,2333.0,2,2,Seara - Freixieiro,Oliveira do Douro,,41.1147935,-8.5788701,3,good,False,True,26,True,https://www.idealista.pt/imovel/34423507/,4,4.709068645359183,38.0,265962.0,0.6666666666666666,0
34515506,299000.0,42.0,7119.0,1,1,Centro Histórico,Cedofeita - Santo Ildefonso - Sé - Miragaia - São Nicolau - Vitória,Vitória - Clérigos,41.1442655,-8.6176089,3,good,False,False,24,True,https://www.idealista.pt/imovel/34515506/,1,0.8169555839134226,21.0,298998.0,0.5,1
34359493,470000.0,127.0,3701.0,2,3,Afurada - Arrábida - Cavaco,Santa Marinha e São Pedro da Afurada,,41.1425966,-8.6482334,,good,False,True,26,False,https://www.idealista.pt/imovel/34359493/,2,3.221597106889765,42.333333333333336,470027.0,1.0,0
33529455,299900.0,69.0,4346.0,2,2,Igreja do Bonfim - Lomba,Bonfim,,41.1543912,-8.5954125,1,good,False,False,17,True,https://www.idealista.pt/imovel/33529455/,6,1.4018844405966198,23.0,299874.0,0.6666666666666666,1
34069430,1250000.0,453.0,2759.0,10,1,Foz,Aldoar - Foz do Douro - Nevogilde,,41.1605831,-8.6805114,,renew,False,,35,True,https://www.idealista.pt/imovel/34069430/,0,5.954596462205833,41.18181818181818,1249827.0,0.09090909090909091,0
34665359,295000.0,72.0,4097.0,1,1,Baixa,Cedofeita - Santo Ildefonso - Sé - Miragaia - São Nicolau - Vitória,Cedofeita,41.1553531,-8.6202739,3,good,False,True,27,True,https://www.idealista.pt/imovel/34665359/,1,1.0125217283545576,36.0,294984.0,0.5,1
34644347,250000.0,72.0,3472.0,2,1,Santegãos - Estrada Nova - Campainha,Rio Tinto,,41.1888166,-8.5724665,,good,False,,14,True,https://www.idealista.pt/imovel/34644347/,3,5.418942531013517,24.0,249984.0,0.3333333333333333,0
34660342,250000.0,58.0,4310.0,1,1,Baixa,Cedofeita - Santo Ildefonso - Sé - Miragaia - São Nicolau - Vitória,Cedofeita,41.1553531,-8.6202739,3,good,False,True,23,True,https://www.idealista.pt/imovel/34660342/,1,1.0125217283545576,29.0,249980.0,0.5,1
34644299,330000.0,132.0,2500.0,1,1,Parque da Lavandeira - Sardão,Oliveira do Douro,,41.1253236,-8.5943489,bj,good,False,True,13,True,https://www.idealista.pt/imovel/34644299/,7,3.0344695435205407,66.0,330000.0,0.5,0
33979195,950000.0,119.0,7983.0,3,3,Serralves,Lordelo do Ouro e Massarelos,,41.1624634,-8.6601073,2,newdevelopment,True,True,13,False,https://www.idealista.pt/empreendimento/33979195/,0,4.360922508254103,29.75,949977.0,0.75,0
32096126,635500.0,147.0,4323.0,3,3,Camões - Gonçalo Cristóvão - Faria Guimarães,Cedofeita - Santo Ildefonso - Sé - Miragaia - São Nicolau - Vitória,,41.1563998,-8.6098737,3,newdevelopment,True,True,14,False,https://www.idealista.pt/empreendimento/32096126/,6,0.7609701354045726,36.75,635481.0,0.75,1
34455405,235000.0,53.0,4434.0,2,2,Cooperativa dos Arquitectos - Fonte da Moura - Pedra Verde,Aldoar - Foz do Douro - Nevogilde,,41.1733528,-8.6652932,,good,False,False,23,True,https://www.idealista.pt/imovel/34455405/,0,5.264026205768485,17.666666666666668,235002.0,0.6666666666666666,0
34313942,349000.0,79.0,4418.0,2,2,Baixa,Cedofeita - Santo Ildefonso - Sé - Miragaia - São Nicolau - Vitória,Batalha - Poveiros,41.1467604,-8.6051981,2,good,False,False,19,True,https://www.idealista.pt/imovel/34313942/,6,0.5723919120235864,26.333333333333332,349022.0,0.6666666666666666,1
34513922,422000.0,147.0,2871.0,2,2,Areosa - Fernão de Magalhães,Paranhos,,41.1743029,-8.5874332,6,good,False,True,12,False,https://www.idealista.pt/imovel/34513922/,3,3.3770271537619396,49.0,422037.0,0.6666666666666666,0
34523835,550000.0,73.0,7534.0,1,2,Foz Velha,Aldoar - Foz do Douro - Nevogilde,,41.1520676,-8.6772223,1,newdevelopment,True,True,12,True,https://www.idealista.pt/empreendimento/34523835/,0,5.559777722787018,36.5,549982.0,1.0,0
34523836,575000.0,73.0,7877.0,1,2,Foz Velha,Aldoar - Foz do Douro - Nevogilde,,41.1520676,-8.6772223,2,newdevelopment,True,True,12,True,https://www.idealista.pt/empreendimento/34523836/,0,5.559777722787018,36.5,575021.0,1.0,0
34681787,810000.0,160.0,5063.0,3,3,Formigosa - Corredoura,Oliveira do Douro,,41.1292979,-8.5801446,1,newdevelopment,True,True,7,True,https://www.idealista.pt/empreendimento/34681787/,4,3.424846293478975,40.0,810080.0,0.75,0
34708761,325000.0,45.0,7222.0,1,1,Sete Bicas,São Mamede de Infesta e Senhora da Hora,,41.1825756,-8.6502505,,good,False,True,19,False,https://www.idealista.pt/imovel/34708761/,5,4.928992028235633,22.5,324990.0,0.5,0
34681748,430000.0,86.0,5000.0,2,2,Formigosa - Corredoura,Oliveira do Douro,,41.1292979,-8.5801446,1,newdevelopment,True,True,7,True,https://www.idealista.pt/empreendimento/34681748/,4,3.424846293478975,28.666666666666668,430000.0,0.6666666666666666,0
34409621,258000.0,111.0,2324.0,2,2,Laborim - Rechousa - Alto das Torres,Mafamude e Vilar do Paraíso,,41.0967056,-8.6016863,bj,good,False,True,41,False,https://www.idealista.pt/imovel/34409621/,7,5.932007335585976,37.0,257964.0,0.6666666666666666,0
34658586,270000.0,107.0,2523.0,2,2,Seara - Freixieiro,Oliveira do Douro,,41.1132201,-8.5770455,2,good,False,True,35,False,https://www.idealista.pt/imovel/34658586/,4,4.939998691735698,35.666666666666664,269961.0,0.6666666666666666,0
34512563,579000.0,174.0,3328.0,3,3,Antas - Estádio do Dragão,Campanhã,,41.1621952,-8.5866137,3,newdevelopment,True,True,18,False,https://www.idealista.pt/empreendimento/34512563/,6,2.4689411455043513,43.5,579072.0,0.75,1
34512565,565000.0,228.0,2478.0,4,3,Antas - Estádio do Dragão,Campanhã,,41.1621952,-8.5866137,1,newdevelopment,True,True,18,False,https://www.idealista.pt/empreendimento/34512565/,6,2.4689411455043513,45.6,564984.0,0.6,1
34512560,530000.0,251.0,2112.0,3,3,Antas - Estádio do Dragão,Campanhã,,41.1621952,-8.5866137,2,,True,True,18,False,https://www.idealista.pt/empreendimento/34512560/,6,2.4689411455043513,62.75,530112.0,0.75,1
34615543,267000.0,113.0,2363.0,2,2,Seara - Freixieiro,Oliveira do Douro,,41.1152084,-8.5778024,2,good,False,True,29,True,https://www.idealista.pt/imovel/34615543/,4,4.723139393206276,37.666666666666664,267019.0,0.6666666666666666,0
34524537,269900.0,101.0,2672.0,3,2,Lagos - Chavinha,Mafamude e Vilar do Paraíso,,41.1069871,-8.6251507,2,good,False,True,38,True,https://www.idealista.pt/imovel/34524537/,7,4.886358307056177,25.25,269872.0,0.5,0
34334519,249900.0,90.0,2777.0,1,2,Corujeira - Bonjóia,Campanhã,,41.1504252,-8.5825784,1,good,False,False,22,False,https://www.idealista.pt/imovel/34334519/,6,2.37310221596242,45.0,249930.0,1.0,1
34696482,1800000.0,270.0,6667.0,4,1,Foz,Aldoar - Foz do Douro - Nevogilde,,41.1600899,-8.6833066,,good,False,False,24,False,https://www.idealista.pt/imovel/34696482/,0,6.173253590527702,54.0,1800090.0,0.2,0
34689466,1395000.0,226.0,6173.0,4,4,Matosinhos Sul - Marginal,Matosinhos e Leça da Palmeira,,41.1728299,-8.6839376,6,good,False,True,30,False,https://www.idealista.pt/imovel/34689466/,0,6.637520080357457,45.2,1395098.0,0.8,0
32304397,299000.0,106.0,2821.0,3,2,Liceu - Paço do Rei,Mafamude e Vilar do Paraíso,,41.1212978,-8.6011378,1,good,False,True,25,False,https://www.idealista.pt/imovel/32304397/,7,3.2515215358466305,26.5,299026.0,0.5,0
34335376,315000.0,151.0,2086.0,5,2,Afurada - Arrábida - Cavaco,Santa Marinha e São Pedro da Afurada,,41.1431818,-8.644533,,renew,False,,25,False,https://www.idealista.pt/imovel/34335376/,2,2.905220205839057,25.166666666666668,314986.0,0.3333333333333333,1
34515304,239000.0,100.0,2390.0,2,1,Barrosa - Devesas - Telheira do Meio,Santa Marinha e São Pedro da Afurada,,41.1252527,-8.6225235,1,good,False,True,28,False,https://www.idealista.pt/imovel/34515304/,7,2.876972754297707,33.333333333333336,239000.0,0.3333333333333333,1
34610280,225000.0,90.0,2500.0,2,1,Corujeira - Bonjóia,Campanhã,,41.1504252,-8.5825784,bj,good,False,False,28,False,https://www.idealista.pt/imovel/34610280/,6,2.37310221596242,30.0,225000.0,0.3333333333333333,1
34563185,310000.0,52.0,5962.0,1,1,Baixa,Cedofeita - Santo Ildefonso - Sé - Miragaia - São Nicolau - Vitória,Bolhão,41.1490084,-8.6078405,3,good,False,False,30,False,https://www.idealista.pt/imovel/34563185/,6,0.2644818693274185,26.0,310024.0,0.5,1
34376184,850000.0,283.0,3004.0,3,3,Salgueiros,Canidelo,,41.1147198,-8.6586704,1,good,False,True,22,True,https://www.idealista.pt/imovel/34376184/,2,5.572204928346612,70.75,850132.0,0.75,0
34595105,285915.0,92.0,3108.0,1,1,Antas - Praça Velásquez,Bonfim,,41.1648613,-8.589192,2,good,False,True,9,False,https://www.idealista.pt/imovel/34595105/,6,2.486485173856733,46.0,285936.0,0.5,1
34631096,395000.0,130.0,3038.0,3,3,Areosa - Fernão de Magalhães,Paranhos,,41.1715099,-8.5880591,2,good,False,False,20,False,https://www.idealista.pt/imovel/34631096/,3,3.097038343613064,32.5,394940.0,0.75,0
34454091,640000.0,182.0,3516.0,3,2,Camões - Gonçalo Cristóvão - Faria Guimarães,Cedofeita - Santo Ildefonso - Sé - Miragaia - São Nicolau - Vitória,,41.1574664,-8.6078025,4,good,False,True,19,False,https://www.idealista.pt/imovel/34454091/,6,0.9123384924905981,45.5,639912.0,0.5,1
33922963,370000.0,82.0,4512.0,3,2,Fontaínhas - Duques,Bonfim,,41.1451075,-8.597282,bj,good,False,False,17,True,https://www.idealista.pt/imovel/33922963/,6,1.244886026325385,20.5,369984.0,0.5,1
34395951,695000.0,328.0,2119.0,5,4,Sampaio-Alumiara-Verdinho,Canidelo,,41.1307032,-8.6359311,,good,False,True,47,False,https://www.idealista.pt/imovel/34395951/,2,2.967985408604941,54.666666666666664,695032.0,0.6666666666666666,1
34382948,339000.0,178.0,1904.0,1,1,Camões - Gonçalo Cristóvão - Faria Guimarães,Cedofeita - Santo Ildefonso - Sé - Miragaia - São Nicolau - Vitória,,41.1595523,-8.6097734,2,good,False,False,21,False,https://www.idealista.pt/imovel/34382948/,6,1.1106576437301172,89.0,338912.0,0.5,1
32855898,380000.0,176.0,2159.0,1,2,Câmara de Gaia - Aviadores - Quinta das Pedras,Mafamude e Vilar do Paraíso,,41.1327148,-8.6048178,3,newdevelopment,True,True,34,False,https://www.idealista.pt/empreendimento/32855898/,7,1.9454044209812071,88.0,379984.0,1.0,1
34702886,533000.0,116.0,4595.0,3,3,Antas - Estádio do Dragão,Campanhã,,41.163038,-8.5855652,3,newdevelopment,True,True,21,True,https://www.idealista.pt/empreendimento/34702886/,6,2.5945267070761133,29.0,533020.0,0.75,1
34644881,225000.0,43.0,5233.0,1,1,Centro Histórico,Cedofeita - Santo Ildefonso - Sé - Miragaia - São Nicolau - Vitória,Ferreira Borges - Comércio do Porto,41.1419907,-8.6167008,2,good,False,False,26,True,https://www.idealista.pt/imovel/34644881/,1,0.9756225574336292,21.5,225019.0,0.5,1
34644872,220000.0,71.0,3099.0,1,1,Centro Histórico,Cedofeita - Santo Ildefonso - Sé - Miragaia - São Nicolau - Vitória,Ferreira Borges - Comércio do Porto,41.1419907,-8.6167008,bj,good,False,False,26,True,https://www.idealista.pt/imovel/34644872/,1,0.9756225574336292,35.5,220029.0,0.5,1
34644855,325000.0,80.0,4063.0,1,1,Centro Histórico,Cedofeita - Santo Ildefonso - Sé - Miragaia - São Nicolau - Vitória,Ferreira Borges - Comércio do Porto,41.1419907,-8.6167008,3,good,False,False,26,True,https://www.idealista.pt/imovel/34644855/,1,0.9756225574336292,40.0,325040.0,0.5,1
34173857,340000.0,121.0,2810.0,2,2,São Cosme,São Cosme - Valbom - Jovim,Centro de Gondomar,41.1451352,-8.5282393,2,newdevelopment,True,True,17,False,https://www.idealista.pt/empreendimento/34173857/,4,6.939125361992539,40.333333333333336,340010.0,0.6666666666666666,0
34300833,389500.0,180.0,2164.0,3,4,Sampaio-Alumiara-Verdinho,Canidelo,,41.1329598,-8.6382945,bj,newdevelopment,True,True,25,True,https://www.idealista.pt/empreendimento/34300833/,2,2.9472199802713352,45.0,389520.0,1.0,1
34300831,242250.0,63.0,3845.0,1,1,Sampaio-Alumiara-Verdinho,Canidelo,,41.1329598,-8.6382945,4,newdevelopment,True,True,25,True,https://www.idealista.pt/empreendimento/34300831/,2,2.9472199802713352,31.5,242235.0,0.5,1
34572792,314000.0,98.0,3204.0,2,2,Centro,Rio Tinto,,41.1786902,-8.5624674,bj,good,False,True,39,False,https://www.idealista.pt/imovel/34572792/,3,5.186585881946418,32.666666666666664,313992.0,0.6666666666666666,0
34681784,360000.0,69.0,5217.0,1,1,Formigosa - Corredoura,Oliveira do Douro,,41.1292979,-8.5801446,1,newdevelopment,True,True,8,True,https://www.idealista.pt/empreendimento/34681784/,4,3.424846293478975,34.5,359973.0,0.5,0
34634770,349900.0,66.0,5302.0,1,1,Baixa,Cedofeita - Santo Ildefonso - Sé - Miragaia - São Nicolau - Vitória,Cedofeita,41.1553176,-8.6239717,2,good,False,True,22,False,https://www.idealista.pt/imovel/34634770/,1,1.2656963395819305,33.0,349932.0,0.5,1
34414756,687000.0,364.0,1887.0,4,5,Salgueiros,Canidelo,,41.1135979,-8.6587729,,good,False,,50,True,https://www.idealista.pt/imovel/34414756/,2,5.665840810137026,72.8,686868.0,1.0,0
34433723,540000.0,268.0,2015.0,3,4,São Cosme,São Cosme - Valbom - Jovim,Carregais - São Miguel,41.1430466,-8.5474671,,good,False,,51,True,https://www.idealista.pt/imovel/34433723/,4,5.361200310042757,67.0,540020.0,1.0,0
34000701,290000.0,112.0,2589.0,2,1,São Roque da Lameira,Campanhã,,41.1661724,-8.571872,,good,False,,36,True,https://www.idealista.pt/imovel/34000701/,3,3.7511965621958407,37.333333333333336,289968.0,0.3333333333333333,0
34231679,415000.0,115.0,3609.0,3,3,Afurada - Arrábida - Cavaco,Santa Marinha e São Pedro da Afurada,,41.1403425,-8.6365216,1,good,False,True,21,True,https://www.idealista.pt/imovel/34231679/,2,2.3795982009473167,28.75,415035.0,0.75,1
34699666,530000.0,101.0,5248.0,3,3,Baixa,Cedofeita - Santo Ildefonso - Sé - Miragaia - São Nicolau - Vitória,Cedofeita,41.1542598,-8.6236876,1,good,False,False,27,False,https://www.idealista.pt/imovel/34699666/,1,1.189445465015948,25.25,530048.0,0.75,1
34661605,225000.0,49.0,4592.0,0,1,Contumil - Nicolau Nasoni,Campanhã,,41.1745208,-8.5674184,,good,False,,32,False,https://www.idealista.pt/imovel/34661605/,3,4.574745005850692,49.0,225008.0,1.0,0
34454569,1250000.0,630.0,1984.0,5,4,Valbom,São Cosme - Valbom - Jovim,,41.1418115,-8.5698182,,good,False,,42,True,https://www.idealista.pt/imovel/34454569/,4,3.5472896636845777,105.0,1249920.0,0.6666666666666666,0
34182554,885000.0,349.0,2536.0,3,4,Sampaio-Alumiara-Verdinho,Canidelo,,41.1406366,-8.6505292,,good,False,,22,True,https://www.idealista.pt/imovel/34182554/,2,3.464793125618275,87.25,885064.0,1.0,0
34561516,275000.0,51.0,5392.0,1,1,Campo 24 de Agosto,Bonfim,,41.1508146,-8.5941554,2,good,False,False,44,True,https://www.idealista.pt/imovel/34561516/,6,1.408487724984057,25.5,274992.0,0.5,1
34704513,400000.0,81.0,4938.0,1,2,Sampaio-Alumiara-Verdinho,Canidelo,,41.1382717,-8.6534438,-1,good,False,True,15,False,https://www.idealista.pt/imovel/34704513/,2,3.7786049551506093,40.5,399978.0,1.0,0
34630500,244000.0,92.0,2652.0,3,2,São Caetano - Soutelo - Areias,Rio Tinto,,41.1595057,-8.5555647,bj,good,False,True,24,False,https://www.idealista.pt/imovel/34630500/,4,4.7619634070605725,23.0,243984.0,0.5,0
34570490,288000.0,121.0,2380.0,2,2,Centro,Rio Tinto,,41.1785191,-8.5523178,2,good,False,True,25,False,https://www.idealista.pt/imovel/34570490/,3,5.8642316362454014,40.333333333333336,287980.0,0.6666666666666666,0
33780429,385000.0,96.0,4010.0,3,2,Bessa - Foco,Ramalde,,41.1634991,-8.6477,8,good,False,True,19,True,https://www.idealista.pt/imovel/33780429/,0,3.4468208159376843,24.0,384960.0,0.5,0
33543423,380025.0,85.0,4471.0,2,1,Antas - Estádio do Dragão,Campanhã,,41.1600663,-8.583321,3,newdevelopment,True,True,11,True,https://www.idealista.pt/empreendimento/33543423/,6,2.5856956943918785,28.333333333333332,380035.0,0.3333333333333333,1
34615419,390000.0,150.0,2600.0,2,2,Liceu - Paço do Rei,Mafamude e Vilar do Paraíso,,41.1271692,-8.5964863,4,good,False,True,47,False,https://www.idealista.pt/imovel/34615419/,7,2.7709142698431672,50.0,390000.0,0.6666666666666666,1
34594417,310000.0,69.0,4493.0,1,2,Antas - Estádio do Dragão,Campanhã,,41.160298,-8.5835053,,good,False,True,44,False,https://www.idealista.pt/imovel/34594417/,6,2.5836830454011133,34.5,310017.0,1.0,1
34675372,700000.0,114.0,6140.0,2,2,Baixa,Cedofeita - Santo Ildefonso - Sé - Miragaia - São Nicolau - Vitória,Cedofeita,41.1539112,-8.6185588,3,good,False,True,21,False,https://www.idealista.pt/imovel/34675372/,1,0.8006258755738302,38.0,699960.0,0.6666666666666666,1
34120311,260000.0,99.0,2626.0,2,2,Seara - Freixieiro,Oliveira do Douro,,41.1140407,-8.5779125,5,good,False,True,30,True,https://www.idealista.pt/imovel/34120311/,4,4.823596552829583,33.0,259974.0,0.6666666666666666,0
34445304,542000.0,120.0,4517.0,2,2,Lavadores,Canidelo,,41.1226426,-8.6662591,2,good,False,True,21,False,https://www.idealista.pt/imovel/34445304/,2,5.5207591177157305,40.0,542040.0,0.6666666666666666,0
34574194,535000.0,166.0,3223.0,2,2,Maninho - Baviera,Madalena,,41.1123563,-8.6299468,1,good,False,True,29,True,https://www.idealista.pt/imovel/34574194/,7,4.437926742584201,55.333333333333336,535018.0,0.6666666666666666,0
34666188,275000.0,98.0,2806.0,4,2,Candal - Regadas,Santa Marinha e São Pedro da Afurada,,41.1384582,-8.6354215,,good,False,,30,False,https://www.idealista.pt/imovel/34666188/,2,2.3981448569422406,19.6,274988.0,0.4,1
34637180,650000.0,162.0,4012.0,3,2,Camões - Gonçalo Cristóvão - Faria Guimarães,Cedofeita - Santo Ildefonso - Sé - Miragaia - São Nicolau - Vitória,,41.1547723,-8.6075949,bj,newdevelopment,True,True,16,False,https://www.idealista.pt/empreendimento/34637180/,6,0.6382426910311112,40.5,649944.0,0.5,1
34174175,390000.0,142.0,2746.0,3,3,São Cosme,São Cosme - Valbom - Jovim,Centro de Gondomar,41.1451352,-8.5282393,6,newdevelopment,True,True,17,False,https://www.idealista.pt/empreendimento/34174175/,4,6.939125361992539,35.5,389932.0,0.75,0
34649171,389000.0,74.0,5257.0,2,2,Centro Histórico,Cedofeita - Santo Ildefonso - Sé - Miragaia - São Nicolau - Vitória,São Bento - Cimo de Vila,41.1447034,-8.6083485,bj,good,False,False,20,False,https://www.idealista.pt/imovel/34649171/,6,0.5848919057355586,24.666666666666668,389018.0,0.6666666666666666,1
34637163,850000.0,181.0,4696.0,3,2,Camões - Gonçalo Cristóvão - Faria Guimarães,Cedofeita - Santo Ildefonso - Sé - Miragaia - São Nicolau - Vitória,,41.1547723,-8.6075949,2,newdevelopment,True,True,16,False,https://www.idealista.pt/empreendimento/34637163/,6,0.6382426910311112,45.25,849976.0,0.5,1
34420149,1500000.0,309.0,4854.0,4,6,Fonte da Moura - Vilarinha,Ramalde,,41.1683182,-8.6590481,,good,False,,50,True,https://www.idealista.pt/imovel/34420149/,0,4.536477068554571,61.8,1499886.0,1.2,0
33976149,1850000.0,425.0,4353.0,5,4,Lavadores,Canidelo,,41.1308561,-8.665621,4,good,False,True,41,True,https://www.idealista.pt/imovel/33976149/,2,5.034118654011466,70.83333333333333,1850025.0,0.6666666666666666,0
34338126,525000.0,117.0,4487.0,2,2,Lavadores,Canidelo,,41.1337024,-8.6665562,2,good,False,True,39,True,https://www.idealista.pt/imovel/34338126/,2,4.98459189728791,39.0,524979.0,0.6666666666666666,0
34174129,415000.0,157.0,2643.0,3,3,São Cosme,São Cosme - Valbom - Jovim,Centro de Gondomar,41.1451352,-8.5282393,4,newdevelopment,True,True,17,False,https://www.idealista.pt/empreendimento/34174129/,4,6.939125361992539,39.25,414951.0,0.75,0
34613107,230000.0,99.0,2323.0,1,1,São Cosme,São Cosme - Valbom - Jovim,Centro de Gondomar,41.1387882,-8.5367609,bj,good,False,True,18,False,https://www.idealista.pt/imovel/34613107/,4,6.323447801145429,49.5,229977.0,0.5,0
34632106,277000.0,137.0,2022.0,2,1,Santegãos - Estrada Nova - Campainha,Rio Tinto,,41.1850083,-8.5528975,4,good,False,True,23,False,https://www.idealista.pt/imovel/34632106/,3,6.250964689189478,45.666666666666664,277014.0,0.3333333333333333,0
34378064,524500.0,208.0,2522.0,4,3,Lapa - Bouça,Cedofeita - Santo Ildefonso - Sé - Miragaia - São Nicolau - Vitória,,41.1609357,-8.6159098,7,good,False,True,39,False,https://www.idealista.pt/imovel/34378064/,1,1.3284245940055373,41.6,524576.0,0.6,1
34336595,550000.0,200.0,2750.0,3,4,Sampaio-Alumiara-Verdinho,Canidelo,,41.1331961,-8.6390019,2,good,False,True,29,True,https://www.idealista.pt/imovel/34336595/,2,2.9773869113430687,50.0,550000.0,1.0,1
34591930,425500.0,130.0,3273.0,2,2,Matosinhos Sul - Marginal,Matosinhos e Leça da Palmeira,,41.1768547,-8.684763,4,good,False,True,21,False,https://www.idealista.pt/imovel/34591930/,0,6.885954963630409,43.333333333333336,425490.0,0.6666666666666666,0
32733820,1650000.0,410.0,4024.0,4,5,Praia de Valadares,Gulpilhares e Valadares,,41.0952433,-8.6484182,,good,False,,32,False,https://www.idealista.pt/imovel/32733820/,2,6.812384359649874,82.0,1649840.0,1.0,0
34669810,249000.0,142.0,1754.0,3,2,Santegãos - Estrada Nova - Campainha,Rio Tinto,,41.193128,-8.5563419,2,good,False,True,19,False,https://www.idealista.pt/imovel/34669810/,3,6.654336229831071,35.5,249068.0,0.5,0
33400749,2100000.0,684.0,3070.0,7,5,Parque Oriental - Azevedo,Campanhã,,41.1513971,-8.5693886,,good,False,,65,False,https://www.idealista.pt/imovel/33400749/,4,3.4814048460204488,85.5,2099880.0,0.625,0
34611715,237500.0,51.0,4657.0,0,1,Montes Caulinos,São Mamede de Infesta e Senhora da Hora,,41.1841312,-8.6370761,6,good,False,True,32,False,https://www.idealista.pt/imovel/34611715/,5,4.42089106686494,51.0,237507.0,1.0,0
34545661,449000.0,235.0,1911.0,3,2,Miragaia - Virtudes,Cedofeita - Santo Ildefonso - Sé - Miragaia - São Nicolau - Vitória,,41.1471285,-8.6206709,,good,False,,45,True,https://www.idealista.pt/imovel/34545661/,1,0.8630482877262154,58.75,449085.0,0.5,1
34579654,1100000.0,241.0,4564.0,3,4,Salgueiros,Canidelo,,41.118194,-8.6609516,,newdevelopment,True,,21,False,https://www.idealista.pt/empreendimento/34579654/,2,5.455858488436715,60.25,1099924.0,1.0,0
32804645,447150.0,135.0,3312.0,2,2,Constituição,Cedofeita - Santo Ildefonso - Sé - Miragaia - São Nicolau - Vitória,,41.1618995,-8.609576,,good,False,,24,False,https://www.idealista.pt/imovel/32804645/,6,1.3721267023402453,45.0,447120.0,0.6666666666666666,1
34579635,1077000.0,225.0,4787.0,3,3,Salgueiros,Canidelo,,41.118194,-8.6609516,,newdevelopment,True,,20,False,https://www.idealista.pt/empreendimento/34579635/,2,5.455858488436715,56.25,1077075.0,0.75,0
34712543,515000.0,135.0,3815.0,2,2,Lavadores,Canidelo,,41.1330771,-8.6679155,4,good,False,True,41,False,https://www.idealista.pt/imovel/34712543/,2,5.115759031046898,45.0,515025.0,0.6666666666666666,0
33958536,795000.0,163.0,4877.0,3,3,Campo 24 de Agosto,Bonfim,,41.1514214,-8.6034373,bj,good,False,False,20,False,https://www.idealista.pt/imovel/33958536/,6,0.6568404290807086,40.75,794951.0,0.75,1
33543511,576030.0,121.0,4761.0,3,2,Antas - Estádio do Dragão,Campanhã,,41.1600663,-8.583321,7,newdevelopment,True,True,14,False,https://www.idealista.pt/empreendimento/33543511/,6,2.5856956943918785,30.25,576081.0,0.5,1
33543483,576030.0,121.0,4761.0,3,2,Antas - Estádio do Dragão,Campanhã,,41.1600663,-8.583321,6,newdevelopment,True,True,14,False,https://www.idealista.pt/empreendimento/33543483/,6,2.5856956943918785,30.25,576081.0,0.5,1
34429452,230000.0,72.0,3194.0,2,1,Monte dos Burgos - Carvalhido,Paranhos,,41.1675526,-8.6144233,2,good,False,False,18,False,https://www.idealista.pt/imovel/34429452/,1,2.0179120717829067,24.0,229968.0,0.3333333333333333,1
34682377,850000.0,112.0,7589.0,2,2,Aviz - Cristo Rei,Aldoar - Foz do Douro - Nevogilde,,41.1630916,-8.6717629,2,renew,False,True,11,False,https://www.idealista.pt/imovel/34682377/,0,5.311725771699348,37.333333333333336,849968.0,0.6666666666666666,0
34587334,498000.0,127.0,3921.0,3,3,Sampaio-Alumiara-Verdinho,Canidelo,,41.1306051,-8.6495849,2,newdevelopment,True,True,36,True,https://www.idealista.pt/empreendimento/34587334/,2,3.8672497430521604,31.75,497967.0,0.75,0
34587335,503000.0,127.0,3961.0,3,3,Sampaio-Alumiara-Verdinho,Canidelo,,41.1306051,-8.6495849,3,newdevelopment,True,True,36,True,https://www.idealista.pt/empreendimento/34587335/,2,3.8672497430521604,31.75,503047.0,0.75,0
34481267,271320.0,76.0,3570.0,2,2,Vilar do Paraíso - Junqueira - São Caetano,Mafamude e Vilar do Paraíso,,41.087423,-8.6222958,5,newdevelopment,True,True,54,True,https://www.idealista.pt/empreendimento/34481267/,7,6.979359449052512,25.333333333333332,271320.0,0.6666666666666666,0
34476255,425000.0,116.0,3664.0,2,2,Serralves,Lordelo do Ouro e Massarelos,,41.1586514,-8.6538561,1,newdevelopment,True,True,11,True,https://www.idealista.pt/empreendimento/34476255/,0,3.7346051230025656,38.666666666666664,425024.0,0.6666666666666666,0
33859148,950000.0,355.0,2676.0,4,5,Formigosa - Corredoura,Oliveira do Douro,,41.1296683,-8.5789212,,good,False,,59,True,https://www.idealista.pt/imovel/33859148/,4,3.476131731816692,71.0,949980.0,1.0,0
34351138,861000.0,140.0,6150.0,3,3,Serralves,Lordelo do Ouro e Massarelos,,41.1578421,-8.6506183,1,newdevelopment,True,True,16,True,https://www.idealista.pt/empreendimento/34351138/,0,3.449349871873751,35.0,861000.0,0.75,0
34471027,980000.0,206.0,4757.0,3,3,Lavadores,Canidelo,,41.1334886,-8.6699566,3,good,False,True,39,False,https://www.idealista.pt/imovel/34471027/,2,5.259859430756009,51.5,979942.0,0.75,0
34665979,279000.0,59.0,4729.0,1,1,Câmara de Gaia - Aviadores - Quinta das Pedras,Mafamude e Vilar do Paraíso,,41.1283055,-8.6037761,9,good,False,True,35,False,https://www.idealista.pt/imovel/34665979/,7,2.4418372917337683,29.5,279011.0,0.5,1
34551945,239500.0,55.0,4355.0,0,1,Baixa,Cedofeita - Santo Ildefonso - Sé - Miragaia - São Nicolau - Vitória,Batalha - Poveiros,41.1460599,-8.6043817,3,good,False,True,23,True,https://www.idealista.pt/imovel/34551945/,6,0.6729308823335777,55.0,239525.0,1.0,1
34406942,550000.0,255.0,2157.0,4,3,Igreja do Bonfim - Lomba,Bonfim,,41.154464,-8.5911745,2,good,False,True,59,True,https://www.idealista.pt/imovel/34406942/,6,1.7378425802502369,51.0,550035.0,0.6,1
34435932,310000.0,82.0,3780.0,1,2,Contumil - Nicolau Nasoni,Campanhã,,41.1676297,-8.5846182,bj,good,False,True,16,False,https://www.idealista.pt/imovel/34435932/,3,2.9766364559626806,41.0,309960.0,1.0,1
34536919,295000.0,96.0,3073.0,2,1,São Cosme,São Cosme - Valbom - Jovim,Centro de Gondomar,41.1366291,-8.5317497,1,good,False,True,22,False,https://www.idealista.pt/imovel/34536919/,4,6.782955532675513,32.0,295008.0,0.3333333333333333,0
34616913,278000.0,100.0,2780.0,2,2,São Cosme,São Cosme - Valbom - Jovim,Encosta do Douro - Ramalde - Ermentão,41.1265826,-8.5438605,1,renew,False,True,21,False,https://www.idealista.pt/imovel/34616913/,4,6.1700261371179295,33.333333333333336,278000.0,0.6666666666666666,0
34616887,360000.0,138.0,2609.0,3,3,São Cosme,São Cosme - Valbom - Jovim,Encosta do Douro - Ramalde - Ermentão,41.1268302,-8.5443294,1,renew,False,True,31,False,https://www.idealista.pt/imovel/34616887/,4,6.12287250404825,34.5,360042.0,0.75,0
34562808,750000.0,132.0,5682.0,3,3,Combatentes - Costa Cabral,Paranhos,,41.1656516,-8.5937707,,good,False,False,27,False,https://www.idealista.pt/imovel/34562808/,6,2.2895849661129,33.0,750024.0,0.75,1
33097805,601202.0,167.0,3600.0,3,3,Centro de Senhora da Hora,São Mamede de Infesta e Senhora da Hora,,41.1929081,-8.6543997,,newdevelopment,True,True,50,False,https://www.idealista.pt/empreendimento/33097805/,5,6.037150938154075,41.75,601200.0,0.75,0
34554796,775000.0,125.0,6200.0,2,3,Boavista,Cedofeita - Santo Ildefonso - Sé - Miragaia - São Nicolau - Vitória,Casa da Música,41.1587267,-8.6330806,,good,False,True,19,False,https://www.idealista.pt/imovel/34554796/,1,2.116241109336524,41.666666666666664,775000.0,1.0,1
34569757,995000.0,379.0,2625.0,4,5,Marquês,Cedofeita - Santo Ildefonso - Sé - Miragaia - São Nicolau - Vitória,,41.1613746,-8.6058683,,good,False,,46,False,https://www.idealista.pt/imovel/34569757/,6,1.3753780259797173,75.8,994875.0,1.0,1
34417747,255000.0,101.0,2525.0,2,2,Centro de Valadares - Penedo - Valadarinho,Gulpilhares e Valadares,,41.0948564,-8.6294219,1,good,False,True,28,False,https://www.idealista.pt/imovel/34417747/,7,6.281814223736344,33.666666666666664,255025.0,0.6666666666666666,0
34647708,385000.0,148.0,2601.0,3,3,,Águas Santas,,41.2027151,-8.5680247,bj,newdevelopment,True,True,36,False,https://www.idealista.pt/empreendimento/34647708/,3,6.9108164416803435,37.0,384948.0,0.75,0
34630688,625000.0,264.0,2367.0,4,3,Areosa - Fernão de Magalhães,Paranhos,,41.1720793,-8.5885222,2,good,False,False,31,False,https://www.idealista.pt/imovel/34630688/,3,3.123678753692135,52.8,624888.0,0.6,0
34495687,799900.0,180.0,4444.0,4,4,Palácio de Cristal - Galiza - Vilar,Lordelo do Ouro e Massarelos,,41.1510283,-8.6258492,,good,False,,42,True,https://www.idealista.pt/imovel/34495687/,1,1.2617054550932973,36.0,799920.0,0.8,1
34238687,1580000.0,401.0,3940.0,4,4,Fontaínhas - Duques,Bonfim,,41.148013,-8.5991107,,good,False,,29,True,https://www.idealista.pt/imovel/34238687/,6,1.0027689184201012,80.2,1579940.0,0.8,1
34704671,1300000.0,326.0,3988.0,5,6,Cooperativa dos Arquitectos - Fonte da Moura - Pedra Verde,Aldoar - Foz do Douro - Nevogilde,,41.1724176,-8.6653462,,good,False,,40,True,https://www.idealista.pt/imovel/34704671/,0,5.216531005286535,54.333333333333336,1300088.0,1.0,0
33123661,360000.0,103.0,3495.0,2,2,Boavista,Cedofeita - Santo Ildefonso - Sé - Miragaia - São Nicolau - Vitória,Casa da Música,41.1664398,-8.6321748,5,good,False,True,25,False,https://www.idealista.pt/imovel/33123661/,1,2.584287914526693,34.333333333333336,359985.0,0.6666666666666666,1
33783654,480000.0,124.0,3871.0,2,2,Foz,Aldoar - Foz do Douro - Nevogilde,,41.1623184,-8.6817208,3,good,False,False,19,True,https://www.idealista.pt/imovel/33783654/,0,6.095513784859968,41.333333333333336,480004.0,0.6666666666666666,0
34447619,1050000.0,310.0,3387.0,2,4,Maninho - Baviera,Madalena,,41.1099544,-8.6338564,,good,False,,38,False,https://www.idealista.pt/imovel/34447619/,7,4.809435921242927,103.33333333333333,1049970.0,1.3333333333333333,0
34564554,825000.0,178.0,4635.0,3,3,Combatentes - Costa Cabral,Paranhos,,41.1660991,-8.5966126,,good,False,True,27,False,https://www.idealista.pt/imovel/34564554/,6,2.1900962733188343,44.5,825030.0,0.75,1
34524523,1250000.0,206.0,6068.0,2,1,Foz Velha,Aldoar - Foz do Douro - Nevogilde,,41.1513721,-8.6710383,4,good,False,True,27,True,https://www.idealista.pt/imovel/34524523/,0,5.0391126998666165,68.66666666666667,1250008.0,0.3333333333333333,0
34146523,1500000.0,309.0,4854.0,4,6,Cooperativa dos Arquitectos - Fonte da Moura - Pedra Verde,Aldoar - Foz do Douro - Nevogilde,,41.1692886,-8.6618191,,good,False,,32,True,https://www.idealista.pt/imovel/34146523/,0,4.792090314231357,61.8,1499886.0,1.2,0
34581513,550000.0,104.0,5288.0,2,2,Marquês,Cedofeita - Santo Ildefonso - Sé - Miragaia - São Nicolau - Vitória,,41.1612635,-8.6047753,bj,good,False,False,22,False,https://www.idealista.pt/imovel/34581513/,6,1.3946110273734393,34.666666666666664,549952.0,0.6666666666666666,1
33400501,500000.0,140.0,3571.0,4,2,Baixa,Cedofeita - Santo Ildefonso - Sé - Miragaia - São Nicolau - Vitória,Santa Catarina,41.1500614,-8.6057848,3,good,False,False,10,False,https://www.idealista.pt/imovel/33400501/,6,0.4313516860377704,28.0,499940.0,0.4,1
34213471,1300000.0,383.0,3394.0,3,4,Foz,Aldoar - Foz do Douro - Nevogilde,,41.1615681,-8.6744183,,good,False,True,22,False,https://www.idealista.pt/imovel/34213471/,0,5.48183258325931,95.75,1299902.0,1.0,0
29585473,1020000.0,257.0,3969.0,3,2,Pinhais da Foz,Aldoar - Foz do Douro - Nevogilde,,41.1535109,-8.666678,,good,False,True,51,True,https://www.idealista.pt/imovel/29585473/,0,4.690306849099479,64.25,1020033.0,0.5,0
34293460,1550000.0,491.0,3157.0,4,5,Bessa - Foco,Ramalde,,41.163447,-8.6462135,,newdevelopment,True,,19,False,https://www.idealista.pt/empreendimento/34293460/,0,3.3333702149317848,98.2,1550087.0,1.0,0
34293453,1050000.0,435.0,2414.0,3,4,Bessa - Foco,Ramalde,,41.163447,-8.6462135,,newdevelopment,True,,21,False,https://www.idealista.pt/empreendimento/34293453/,0,3.3333702149317848,108.75,1050090.0,1.0,0
34293415,1400000.0,455.0,3077.0,4,5,Bessa - Foco,Ramalde,,41.163447,-8.6462135,,newdevelopment,True,,19,False,https://www.idealista.pt/empreendimento/34293415/,0,3.3333702149317848,91.0,1400035.0,1.0,0
34628413,498000.0,83.0,6000.0,1,1,Serralves,Lordelo do Ouro e Massarelos,,41.1595567,-8.6565219,1,good,False,False,49,True,https://www.idealista.pt/imovel/34628413/,0,3.976810796530826,41.5,498000.0,0.5,0
34637393,695000.0,242.0,2872.0,5,2,Camões - Gonçalo Cristóvão - Faria Guimarães,Cedofeita - Santo Ildefonso - Sé - Miragaia - São Nicolau - Vitória,,41.1545685,-8.6087657,12,good,False,True,42,False,https://www.idealista.pt/imovel/34637393/,6,0.5806527912010071,40.333333333333336,695024.0,0.3333333333333333,1
34634357,525000.0,186.0,2823.0,3,4,Hospital São João - Pólo Universitário,Paranhos,,41.1812793,-8.5991996,2,good,False,True,35,False,https://www.idealista.pt/imovel/34634357/,3,3.6562042942005255,46.5,525078.0,1.0,0
34647352,245000.0,74.0,3311.0,1,1,Laborim - Rechousa - Alto das Torres,Mafamude e Vilar do Paraíso,,41.1059584,-8.599596,1,good,False,True,39,False,https://www.idealista.pt/imovel/34647352/,7,4.944223313602554,37.0,245014.0,0.5,0
34150264,790000.0,139.0,5683.0,3,2,Serralves - Praça do Império,Aldoar - Foz do Douro - Nevogilde,,41.1569989,-8.6698251,3,good,False,True,33,True,https://www.idealista.pt/imovel/34150264/,0,5.001597276130941,34.75,789937.0,0.5,0
34647261,695000.0,230.0,3022.0,5,3,Camões - Gonçalo Cristóvão - Faria Guimarães,Cedofeita - Santo Ildefonso - Sé - Miragaia - São Nicolau - Vitória,,41.1523644,-8.6069664,,good,False,True,31,False,https://www.idealista.pt/imovel/34647261/,6,0.4505089190894059,38.333333333333336,695060.0,0.5,1
34674229,310000.0,47.0,6596.0,0,1,Baixa,Cedofeita - Santo Ildefonso - Sé - Miragaia - São Nicolau - Vitória,Bairro das Artes,41.1506811,-8.6188164,1,good,False,True,20,True,https://www.idealista.pt/imovel/34674229/,1,0.6736406297774645,47.0,310012.0,1.0,1
34666198,720000.0,103.0,6990.0,1,2,Foz Velha,Aldoar - Foz do Douro - Nevogilde,,41.147907,-8.6634613,,newdevelopment,True,,19,False,https://www.idealista.pt/empreendimento/34666198/,0,4.404992395803357,51.5,719970.0,1.0,0
33466200,503000.0,171.0,2942.0,3,1,Paniceiro-Viso-Meiral,Canidelo,,41.1295483,-8.644085,3,good,False,True,29,True,https://www.idealista.pt/imovel/33466200/,2,3.562868496563427,42.75,503082.0,0.25,0
34666197,830000.0,124.0,6694.0,1,2,Foz Velha,Aldoar - Foz do Douro - Nevogilde,,41.147907,-8.6634613,,newdevelopment,True,,19,False,https://www.idealista.pt/empreendimento/34666197/,0,4.404992395803357,62.0,830056.0,1.0,0
34603194,304000.0,110.0,2764.0,2,2,Leça do Balio,Custóias - Leça do Balio - Guifões,,41.1977956,-8.627171,1,good,False,True,33,False,https://www.idealista.pt/imovel/34603194/,5,5.529436648777185,36.666666666666664,304040.0,0.6666666666666666,0
34277188,390000.0,175.0,2229.0,2,3,Sampaio-Alumiara-Verdinho,Canidelo,,41.1323912,-8.640971,1,good,False,True,31,True,https://www.idealista.pt/imovel/34277188/,2,3.1627004677161072,58.333333333333336,390075.0,1.0,0
33577153,750000.0,275.0,2727.0,4,4,Freixo,Campanhã,,41.1450918,-8.5749066,2,good,False,True,79,False,https://www.idealista.pt/imovel/33577153/,4,3.055204730706936,55.0,749925.0,0.8,0
34695145,635000.0,258.0,2461.0,3,3,Paniceiro-Viso-Meiral,Canidelo,,41.1182091,-8.6525817,,renew,False,,18,False,https://www.idealista.pt/imovel/34695145/,2,4.936535799035605,64.5,634938.0,0.75,0
33772135,1250000.0,256.0,4883.0,4,5,Foz Velha,Aldoar - Foz do Douro - Nevogilde,,41.1510684,-8.6727357,,good,False,,36,True,https://www.idealista.pt/imovel/33772135/,0,5.179964422805332,51.2,1250048.0,1.0,0
33400129,600000.0,170.0,3529.0,4,2,Baixa,Cedofeita - Santo Ildefonso - Sé - Miragaia - São Nicolau - Vitória,Santa Catarina,41.1500614,-8.6057848,3,good,False,False,11,False,https://www.idealista.pt/imovel/33400129/,6,0.4313516860377704,34.0,599930.0,0.4,1
34378039,1200000.0,294.0,4082.0,3,4,Foz Velha,Aldoar - Foz do Douro - Nevogilde,,41.150146,-8.6702458,,good,False,,47,True,https://www.idealista.pt/imovel/34378039/,0,4.969321479380398,73.5,1200108.0,1.0,0
34628971,2081688.0,389.0,5351.0,4,5,Foz,Aldoar - Foz do Douro - Nevogilde,,41.1671935,-8.6830738,bj,newdevelopment,True,True,52,True,https://www.idealista.pt/empreendimento/34628971/,0,6.351045043293222,77.8,2081539.0,1.0,0
34600954,750000.0,208.0,3606.0,3,3,Bessa Leite,Lordelo do Ouro e Massarelos,,41.1603356,-8.6450665,6,good,False,True,27,False,https://www.idealista.pt/imovel/34600954/,1,3.0995912779451436,52.0,750048.0,0.75,0
34694941,525450.0,136.0,3864.0,3,3,Lavadores,Canidelo,,41.1343345,-8.6681737,,renew,False,True,13,False,https://www.idealista.pt/imovel/34694941/,2,5.087560229675772,34.0,525504.0,0.75,0
34506927,359000.0,72.0,4986.0,1,1,Centro Histórico,Cedofeita - Santo Ildefonso - Sé - Miragaia - São Nicolau - Vitória,São Bento - Cimo de Vila,41.143804,-8.6095262,3,good,False,False,14,False,https://www.idealista.pt/imovel/34506927/,6,0.6546711646334659,36.0,358992.0,0.5,1
34580885,290000.0,53.0,5472.0,1,1,Centro Histórico,Cedofeita - Santo Ildefonso - Sé - Miragaia - São Nicolau - Vitória,Rua das Flores - Mouzinho,41.1445277,-8.6125212,1,good,False,True,15,False,https://www.idealista.pt/imovel/34580885/,1,0.5801198506031758,26.5,290016.0,0.5,1
34143872,2100000.0,391.0,5371.0,4,5,Agramonte - Bom Sucesso - Guerra Junqueiro,Lordelo do Ouro e Massarelos,,41.1594192,-8.6415272,9,renew,False,True,26,True,https://www.idealista.pt/imovel/34143872/,1,2.786974844623851,78.2,2100061.0,1.0,1
34493810,1760000.0,436.0,4037.0,4,3,Foz Velha,Aldoar - Foz do Douro - Nevogilde,,41.1511013,-8.6687416,,good,False,,32,True,https://www.idealista.pt/imovel/34493810/,0,4.845846801965239,87.2,1760132.0,0.6,0
34638799,1250000.0,667.0,1874.0,3,3,Salgueiros,Canidelo,,41.1161324,-8.6587193,,good,False,,28,False,https://www.idealista.pt/imovel/34638799/,2,5.467006389767912,166.75,1249958.0,0.75,0
34493793,1350000.0,307.0,4397.0,5,5,Matosinhos Sul - Marginal,Matosinhos e Leça da Palmeira,,41.1756568,-8.6825579,6,good,False,True,24,False,https://www.idealista.pt/imovel/34493793/,0,6.661738091960295,51.166666666666664,1349879.0,0.8333333333333334,0
34576771,355000.0,102.0,3480.0,2,2,Gervide,Oliveira do Douro,,41.1239348,-8.5882026,5,renew,False,True,24,False,https://www.idealista.pt/imovel/34576771/,7,3.428915707802583,34.0,354960.0,0.6666666666666666,0
34328736,1200000.0,400.0,3000.0,4,5,Aviz - Cristo Rei,Aldoar - Foz do Douro - Nevogilde,,41.1638167,-8.6693698,,good,False,,79,False,https://www.idealista.pt/imovel/34328736/,0,5.144020803318259,80.0,1200000.0,1.0,0
34565690,212500.0,54.0,3935.0,1,1,,Pedrouços,,41.1860609,-8.5811376,,renew,False,True,15,False,https://www.idealista.pt/imovel/34565690/,3,4.758528026874338,27.0,212490.0,0.5,0
34636575,265000.0,81.0,3272.0,2,1,Parque Oriental - Azevedo,Campanhã,,41.1520326,-8.567104,2,good,False,True,6,False,https://www.idealista.pt/imovel/34636575/,4,3.6768952711350487,27.0,265032.0,0.3333333333333333,0
34718554,750000.0,193.0,3886.0,3,2,Pinhais da Foz,Aldoar - Foz do Douro - Nevogilde,,41.1540389,-8.6709553,,good,False,True,28,True,https://www.idealista.pt/imovel/34718554/,0,5.0523745464577825,48.25,749998.0,0.5,0
33833530,238000.0,56.0,4250.0,2,2,Soares dos Reis - Rasa de Cima,Mafamude e Vilar do Paraíso,,41.1212647,-8.6079613,4,newdevelopment,True,True,30,False,https://www.idealista.pt/empreendimento/33833530/,7,3.160338868368133,18.666666666666668,238000.0,0.6666666666666666,0
34633493,750000.0,158.0,4747.0,2,2,Baixa,Cedofeita - Santo Ildefonso - Sé - Miragaia - São Nicolau - Vitória,Cedofeita,41.1549693,-8.6191336,3,good,False,True,7,False,https://www.idealista.pt/imovel/34633493/,1,0.911963786471501,52.666666666666664,750026.0,0.6666666666666666,1
34589493,680000.0,148.0,4595.0,3,3,Boavista,Cedofeita - Santo Ildefonso - Sé - Miragaia - São Nicolau - Vitória,Júlio Dinis - Hospital Militar,41.157472,-8.6259416,5,good,False,True,26,False,https://www.idealista.pt/imovel/34589493/,1,1.5336702310620012,37.0,680060.0,0.75,1
34589485,1200000.0,345.0,3478.0,4,4,Boavista,Cedofeita - Santo Ildefonso - Sé - Miragaia - São Nicolau - Vitória,Júlio Dinis - Hospital Militar,41.1581335,-8.6234766,7,good,False,True,41,False,https://www.idealista.pt/imovel/34589485/,1,1.4174271296309577,69.0,1199910.0,0.8,1
34634477,470000.0,199.0,2362.0,3,3,Igreja do Bonfim - Lomba,Bonfim,,41.1509589,-8.5930294,bj,good,False,True,8,False,https://www.idealista.pt/imovel/34634477/,6,1.503884314891522,49.75,470038.0,0.75,1
34077471,265000.0,109.0,2431.0,2,1,Coimbrões,Santa Marinha e São Pedro da Afurada,,41.1193716,-8.631979,3,newdevelopment,True,True,25,False,https://www.idealista.pt/empreendimento/34077471/,7,3.7966255845685777,36.333333333333336,264979.0,0.3333333333333333,0
34590450,2050000.0,442.0,4638.0,3,5,Foz,Aldoar - Foz do Douro - Nevogilde,,41.1587543,-8.6767396,bj,good,False,True,29,False,https://www.idealista.pt/imovel/34590450/,0,5.605503291658814,110.5,2049996.0,1.25,0
34352450,470000.0,230.0,2043.0,3,3,,Águas Santas,,41.2021931,-8.5679824,6,newdevelopment,True,True,42,False,https://www.idealista.pt/empreendimento/34352450/,3,6.863136965028227,57.5,469890.0,0.75,0
34077445,357154.0,157.0,2275.0,3,3,Coimbrões,Santa Marinha e São Pedro da Afurada,,41.1193716,-8.631979,1,newdevelopment,True,True,25,False,https://www.idealista.pt/empreendimento/34077445/,7,3.7966255845685777,39.25,357175.0,0.75,0
34077441,305000.0,125.0,2440.0,2,2,Coimbrões,Santa Marinha e São Pedro da Afurada,,41.1193716,-8.631979,4,newdevelopment,True,True,25,False,https://www.idealista.pt/empreendimento/34077441/,7,3.7966255845685777,41.666666666666664,305000.0,0.6666666666666666,0
34077425,289000.0,125.0,2312.0,2,2,Coimbrões,Santa Marinha e São Pedro da Afurada,,41.1193716,-8.631979,2,newdevelopment,True,True,25,False,https://www.idealista.pt/empreendimento/34077425/,7,3.7966255845685777,41.666666666666664,289000.0,0.6666666666666666,0
34077422,235000.0,89.0,2640.0,2,1,Coimbrões,Santa Marinha e São Pedro da Afurada,,41.1193716,-8.631979,bj,newdevelopment,True,True,25,False,https://www.idealista.pt/empreendimento/34077422/,7,3.7966255845685777,29.666666666666668,234960.0,0.3333333333333333,0
34590396,1600000.0,370.0,4324.0,3,4,Foz,Aldoar - Foz do Douro - Nevogilde,,41.1603114,-8.6743044,bj,good,False,True,28,False,https://www.idealista.pt/imovel/34590396/,0,5.440340041034823,92.5,1599880.0,1.0,0
34701375,369000.0,83.0,4446.0,2,2,Sampaio-Alumiara-Verdinho,Canidelo,,41.1313432,-8.644097,,good,False,True,10,False,https://www.idealista.pt/imovel/34701375/,2,3.442272144631304,27.666666666666668,369018.0,0.6666666666666666,0
34546377,795000.0,178.0,4466.0,3,2,Foz,Aldoar - Foz do Douro - Nevogilde,,41.1639125,-8.6739062,2,good,False,True,23,False,https://www.idealista.pt/imovel/34546377/,0,5.509730677877321,44.5,794948.0,0.5,0
34144370,1400000.0,215.0,6512.0,3,2,Baixa,Cedofeita - Santo Ildefonso - Sé - Miragaia - São Nicolau - Vitória,Aliados - Clérigos - Carlos Alberto,41.150184,-8.6102554,2,good,False,True,38,False,https://www.idealista.pt/imovel/34144370/,6,0.08443844309294783,53.75,1400080.0,0.5,1
33347291,1050000.0,200.0,5250.0,4,4,Foz Velha,Aldoar - Foz do Douro - Nevogilde,,41.1515558,-8.6779241,,good,False,True,38,True,https://www.idealista.pt/imovel/33347291/,0,5.6159971606568515,40.0,1050000.0,0.8,0
34712277,1300000.0,408.0,3186.0,4,4,Foz Velha,Aldoar - Foz do Douro - Nevogilde,,41.1527019,-8.6765295,bj,good,False,True,35,False,https://www.idealista.pt/imovel/34712277/,0,5.505784316554327,81.6,1299888.0,0.8,0
34633263,285000.0,61.0,4672.0,0,1,Baixa,Cedofeita - Santo Ildefonso - Sé - Miragaia - São Nicolau - Vitória,Cedofeita,41.1535327,-8.6242626,,good,False,False,50,True,https://www.idealista.pt/imovel/34633263/,1,1.2012297697599823,61.0,284992.0,1.0,1
34390266,275000.0,50.0,5500.0,0,1,Matosinhos Sul - Marginal,Matosinhos e Leça da Palmeira,,41.1760842,-8.6849954,3,good,False,True,13,False,https://www.idealista.pt/imovel/34390266/,0,6.866282508662406,50.0,275000.0,1.0,0
34582216,340000.0,148.0,2297.0,3,2,Coimbrões,Santa Marinha e São Pedro da Afurada,,41.1240371,-8.6271036,4,good,False,True,26,False,https://www.idealista.pt/imovel/34582216/,7,3.149760953101828,37.0,339956.0,0.5,0
33804205,850000.0,240.0,3542.0,4,4,Parque da Cidade - Vilarinha - António Aroso,Aldoar - Foz do Douro - Nevogilde,,41.1734132,-8.6743959,,good,False,,43,False,https://www.idealista.pt/imovel/33804205/,0,5.9385051072173685,48.0,850080.0,0.8,0
32893164,980000.0,225.0,4356.0,3,3,Pinhais da Foz,Aldoar - Foz do Douro - Nevogilde,,41.1532148,-8.6684644,4,good,False,True,32,False,https://www.idealista.pt/imovel/32893164/,0,4.836414944469009,56.25,980100.0,0.75,0
34482141,1065530.0,257.0,4146.0,3,3,Pinhais da Foz,Aldoar - Foz do Douro - Nevogilde,,41.1538106,-8.6673213,4,good,False,True,23,False,https://www.idealista.pt/imovel/34482141/,0,4.747098926825943,64.25,1065522.0,0.75,0
34482140,2100000.0,629.0,3339.0,5,1,Serralves,Lordelo do Ouro e Massarelos,,41.159541,-8.6577461,,good,False,,30,False,https://www.idealista.pt/imovel/34482140/,0,4.07487863821427,104.83333333333333,2100231.0,0.16666666666666666,0
34418130,255000.0,83.0,3072.0,2,1,,Águas Santas,,41.200178,-8.5765766,bj,good,False,True,18,False,https://www.idealista.pt/imovel/34418130/,3,6.315244306960339,27.666666666666668,254976.0,0.3333333333333333,0
34328115,799000.0,229.0,3489.0,4,5,Lavadores,Canidelo,,41.1316374,-8.6607101,,good,False,,30,True,https://www.idealista.pt/imovel/34328115/,2,4.624684376194314,45.8,798981.0,1.0,0
34480098,257500.0,64.0,4023.0,1,1,Parque Oriental - Azevedo,Campanhã,,41.1532174,-8.5663032,,renew,False,True,31,False,https://www.idealista.pt/imovel/34480098/,4,3.755550402306354,32.0,257472.0,0.5,0
34169081,291500.0,84.0,3470.0,2,2,Soares dos Reis - Rasa de Cima,Mafamude e Vilar do Paraíso,,41.12228,-8.6081407,bj,newdevelopment,True,True,17,False,https://www.idealista.pt/empreendimento/34169081/,7,3.046621650369112,28.0,291480.0,0.6666666666666666,0
34386053,775000.0,320.0,2422.0,4,4,Sampaio-Alumiara-Verdinho,Canidelo,,41.1354159,-8.6501131,,newdevelopment,True,,30,False,https://www.idealista.pt/empreendimento/34386053/,2,3.6427746504155234,64.0,775040.0,0.8,0
34386049,985000.0,290.0,3397.0,4,4,Sampaio-Alumiara-Verdinho,Canidelo,,41.1354159,-8.6501131,,newdevelopment,True,,30,False,https://www.idealista.pt/empreendimento/34386049/,2,3.6427746504155234,58.0,985130.0,0.8,0
34702043,285000.0,63.0,4524.0,1,1,Parque de Real - Água Viva,Matosinhos e Leça da Palmeira,,41.1785974,-8.6761291,,good,False,True,19,False,https://www.idealista.pt/imovel/34702043/,0,6.341303142938583,31.5,285012.0,0.5,0
34713015,1200000.0,375.0,3200.0,5,6,Pinhais da Foz,Aldoar - Foz do Douro - Nevogilde,,41.1510581,-8.6697152,2,good,False,True,38,False,https://www.idealista.pt/imovel/34713015/,0,4.927158160395912,62.5,1200000.0,1.0,0
34623989,330000.0,99.0,3333.0,2,2,Parque da Lavandeira - Sardão,Oliveira do Douro,,41.1268165,-8.5930502,1,good,False,True,24,False,https://www.idealista.pt/imovel/34623989/,7,2.9415325900712963,33.0,329967.0,0.6666666666666666,1
34319977,335000.0,44.0,7614.0,1,1,Centro Histórico,Cedofeita - Santo Ildefonso - Sé - Miragaia - São Nicolau - Vitória,Rua das Flores - Mouzinho,41.1443239,-8.6128109,3,good,False,True,23,False,https://www.idealista.pt/imovel/34319977/,1,0.6081032918362939,22.0,335016.0,0.5,1
34385968,900000.0,326.0,2761.0,4,4,Sampaio-Alumiara-Verdinho,Canidelo,,41.1354159,-8.6501131,,newdevelopment,True,,30,False,https://www.idealista.pt/empreendimento/34385968/,2,3.6427746504155234,65.2,900086.0,0.8,0
34509965,690000.0,126.0,5476.0,3,2,Parque da Cidade - Vilarinha - António Aroso,Aldoar - Foz do Douro - Nevogilde,,41.1661751,-8.6691607,,good,False,,23,False,https://www.idealista.pt/imovel/34509965/,0,5.214106191262019,31.5,689976.0,0.5,0
34614939,377500.0,130.0,2904.0,2,2,Soares dos Reis - Rasa de Cima,Mafamude e Vilar do Paraíso,,41.1241616,-8.6052353,4,good,False,True,24,False,https://www.idealista.pt/imovel/34614939/,7,2.8681256859611133,43.333333333333336,377520.0,0.6666666666666666,1
34469882,890000.0,279.0,3190.0,5,4,Freixo,Campanhã,,41.1448673,-8.5883249,4,good,False,True,36,False,https://www.idealista.pt/imovel/34469882/,6,1.962149202634508,46.5,890010.0,0.6666666666666666,1
33978868,385000.0,95.0,4053.0,2,2,Câmara de Gaia - Aviadores - Quinta das Pedras,Mafamude e Vilar do Paraíso,,41.1289274,-8.6089514,9,newdevelopment,True,True,49,True,https://www.idealista.pt/empreendimento/33978868/,7,2.3044729176572103,31.666666666666668,385035.0,0.6666666666666666,1
34210852,375000.0,68.0,5515.0,2,2,Camões - Gonçalo Cristóvão - Faria Guimarães,Cedofeita - Santo Ildefonso - Sé - Miragaia - São Nicolau - Vitória,,41.155691,-8.6088801,2,good,False,True,21,False,https://www.idealista.pt/imovel/34210852/,6,0.6980829880777556,22.666666666666668,375020.0,0.6666666666666666,1
34210849,445000.0,183.0,2432.0,2,2,Lavadores,Canidelo,,41.1325465,-8.6688948,1,good,False,True,27,False,https://www.idealista.pt/imovel/34210849/,2,5.213564545885358,61.0,445056.0,0.6666666666666666,0
34632829,1390000.0,221.0,6290.0,4,4,Serralves,Lordelo do Ouro e Massarelos,,41.1538223,-8.6610265,,good,False,,25,False,https://www.idealista.pt/imovel/34632829/,0,4.223091497274208,44.2,1390090.0,0.8,0
33529824,640000.0,290.0,2207.0,3,3,Centro,Madalena,,41.110057,-8.6430984,,good,False,,34,False,https://www.idealista.pt/imovel/33529824/,2,5.15809419999678,72.5,640030.0,0.75,0
34569815,665000.0,144.0,4618.0,3,4,Lavadores,Canidelo,,41.1240666,-8.6656859,1,good,False,True,24,False,https://www.idealista.pt/imovel/34569815/,2,5.3954921634162005,36.0,664992.0,1.0,0
34630802,1250000.0,388.0,3222.0,4,4,Salgueiros,Canidelo,,41.1153285,-8.6578314,,good,False,,41,False,https://www.idealista.pt/imovel/34630802/,2,5.4746286280902785,77.6,1250136.0,0.8,0
34378802,350000.0,100.0,3500.0,2,2,Centro de Senhora da Hora,São Mamede de Infesta e Senhora da Hora,,41.1926977,-8.6539766,3,good,False,True,21,False,https://www.idealista.pt/imovel/34378802/,5,5.997151191304418,33.333333333333336,350000.0,0.6666666666666666,0
34521681,700000.0,130.0,5385.0,3,2,Baixa,Cedofeita - Santo Ildefonso - Sé - Miragaia - São Nicolau - Vitória,Cedofeita,41.1545493,-8.6257675,1,good,False,True,23,False,https://www.idealista.pt/imovel/34521681/,1,1.3610242706023141,32.5,700050.0,0.5,1
34681666,380000.0,116.0,3276.0,1,2,Santo Ovídio - Cedro - Monte da Virgem,Mafamude e Vilar do Paraíso,,41.1161167,-8.600538,3,good,False,True,36,True,https://www.idealista.pt/imovel/34681666/,7,3.8229744747499286,58.0,380016.0,1.0,0
34675664,285000.0,61.0,4672.0,0,1,Baixa,Cedofeita - Santo Ildefonso - Sé - Miragaia - São Nicolau - Vitória,Cedofeita,41.1549734,-8.6222443,,good,False,False,74,False,https://www.idealista.pt/imovel/34675664/,1,1.1221130682557854,61.0,284992.0,1.0,1
33861640,450000.0,106.0,4245.0,3,3,Centro de Ramalde - Pereiró,Ramalde,,41.1695616,-8.6531876,1,good,False,True,34,False,https://www.idealista.pt/imovel/33861640/,0,4.178458337957331,26.5,449970.0,0.75,0
34611557,595000.0,84.0,7083.0,2,2,Matosinhos Sul - Marginal,Matosinhos e Leça da Palmeira,,41.1730996,-8.68368,5,good,False,True,25,False,https://www.idealista.pt/imovel/34611557/,0,6.629412114009715,28.0,594972.0,0.6666666666666666,0
34537506,2000000.0,415.0,4819.0,6,5,Foz,Aldoar - Foz do Douro - Nevogilde,,41.1551688,-8.6812666,3,good,False,True,27,False,https://www.idealista.pt/imovel/34537506/,0,5.923935030616402,59.285714285714285,1999885.0,0.7142857142857143,0
34700500,235000.0,75.0,3133.0,2,1,Monte de Burgos - Padrão da Légua,São Mamede de Infesta e Senhora da Hora,,41.1859638,-8.6315311,2,good,False,True,15,False,https://www.idealista.pt/imovel/34700500/,5,4.3968156311493285,25.0,234975.0,0.3333333333333333,0
34555501,225000.0,53.0,4245.0,1,1,Amial,Paranhos,,41.1794602,-8.6201863,5,good,False,True,25,False,https://www.idealista.pt/imovel/34555501/,5,3.4100870358725346,26.5,224985.0,0.5,0
34713464,294000.0,61.0,4820.0,2,2,Soares dos Reis - Rasa de Cima,Mafamude e Vilar do Paraíso,,41.1227222,-8.6082633,,newdevelopment,True,True,19,False,https://www.idealista.pt/empreendimento/34713464/,7,2.996821146750106,20.333333333333332,294020.0,0.6666666666666666,1
34713465,304000.0,61.0,4984.0,2,1,Soares dos Reis - Rasa de Cima,Mafamude e Vilar do Paraíso,,41.1227222,-8.6082633,,newdevelopment,True,True,20,False,https://www.idealista.pt/empreendimento/34713465/,7,2.996821146750106,20.333333333333332,304024.0,0.3333333333333333,1
32150446,990000.0,190.0,5211.0,4,5,Matosinhos Sul - Marginal,Matosinhos e Leça da Palmeira,,41.1726113,-8.6870978,1,good,False,True,17,True,https://www.idealista.pt/imovel/32150446/,0,6.872912961415827,38.0,990090.0,1.0,0
34017420,400000.0,105.0,3810.0,3,2,Câmara de Gaia - Aviadores - Quinta das Pedras,Mafamude e Vilar do Paraíso,,41.1311033,-8.6047697,4,newdevelopment,True,True,27,False,https://www.idealista.pt/empreendimento/34017420/,7,2.1198376194804114,26.25,400050.0,0.5,1
33878401,500000.0,140.0,3571.0,3,3,Campo 24 de Agosto,Bonfim,,41.148491,-8.5979019,4,newdevelopment,True,True,7,False,https://www.idealista.pt/empreendimento/33878401/,6,1.0952925781115779,35.0,499940.0,0.75,1
33878376,470000.0,140.0,3357.0,3,3,Campo 24 de Agosto,Bonfim,,41.148491,-8.5979019,1,newdevelopment,True,True,7,False,https://www.idealista.pt/empreendimento/33878376/,6,1.0952925781115779,35.0,469980.0,0.75,1
34713358,291500.0,73.0,3993.0,2,2,Soares dos Reis - Rasa de Cima,Mafamude e Vilar do Paraíso,,41.1227222,-8.6082633,,newdevelopment,True,True,20,False,https://www.idealista.pt/empreendimento/34713358/,7,2.996821146750106,24.333333333333332,291489.0,0.6666666666666666,1
34709347,295000.0,74.0,3986.0,1,1,Covelo - Monte de São João,Paranhos,,41.1664055,-8.6067786,,good,False,True,33,False,https://www.idealista.pt/imovel/34709347/,6,1.9002734356278619,37.0,294964.0,0.5,1
34106334,1650000.0,341.0,4839.0,5,4,Foz,Aldoar - Foz do Douro - Nevogilde,,41.159428,-8.6787725,,good,False,,48,False,https://www.idealista.pt/imovel/34106334/,0,5.786607255516823,56.833333333333336,1650099.0,0.6666666666666666,0
34417326,295000.0,81.0,3642.0,2,2,Câmara de Gaia - Aviadores - Quinta das Pedras,Mafamude e Vilar do Paraíso,,41.1311033,-8.6047697,1,newdevelopment,True,True,27,False,https://www.idealista.pt/empreendimento/34417326/,7,2.1198376194804114,27.0,295002.0,0.6666666666666666,1
33338315,1350000.0,250.0,5400.0,4,4,Matosinhos Sul - Marginal,Matosinhos e Leça da Palmeira,,41.1726123,-8.6831891,6,good,False,True,51,False,https://www.idealista.pt/imovel/33338315/,0,6.570392899416081,50.0,1350000.0,0.8,0
33878307,470000.0,176.0,2670.0,3,3,Campo 24 de Agosto,Bonfim,,41.148491,-8.5979019,bj,newdevelopment,True,True,7,False,https://www.idealista.pt/empreendimento/33878307/,6,1.0952925781115779,44.0,469920.0,0.75,1
34709272,480000.0,116.0,4138.0,2,2,Covelo - Monte de São João,Paranhos,,41.1702612,-8.6073129,,good,False,True,25,False,https://www.idealista.pt/imovel/34709272/,6,2.316963533036463,38.666666666666664,480008.0,0.6666666666666666,1
34440245,1250000.0,206.0,6068.0,2,3,Pinhais da Foz,Aldoar - Foz do Douro - Nevogilde,,41.1514128,-8.6640364,4,good,False,True,17,False,https://www.idealista.pt/imovel/34440245/,0,4.453566318786212,68.66666666666667,1250008.0,1.0,0
34652219,1270000.0,170.0,7471.0,3,3,Cooperativa dos Arquitectos - Fonte da Moura - Pedra Verde,Aldoar - Foz do Douro - Nevogilde,,41.1711205,-8.6683372,1,good,False,True,38,False,https://www.idealista.pt/imovel/34652219/,0,5.370920924509412,42.5,1270070.0,0.75,0
34694218,1500000.0,454.0,3304.0,4,6,Praia,Madalena,,41.1096295,-8.6589439,,good,False,,53,True,https://www.idealista.pt/imovel/34694218/,2,5.995455949351449,90.8,1500016.0,1.2,0
34392218,1250000.0,217.0,5760.0,2,3,Foz Velha,Aldoar - Foz do Douro - Nevogilde,,41.1498206,-8.6635904,2,good,False,True,28,False,https://www.idealista.pt/imovel/34392218/,0,4.411781321081268,72.33333333333333,1249920.0,1.0,0
34624208,500000.0,173.0,2890.0,3,2,Prelada - Monte dos Burgos,Ramalde,Parque da Prelada,41.1752438,-8.634815,bj,good,False,True,40,True,https://www.idealista.pt/imovel/34624208/,5,3.4840768018372925,43.25,499970.0,0.5,0
34713165,410000.0,139.0,2950.0,3,3,Gervide,Oliveira do Douro,,41.1247417,-8.5930553,1,good,False,True,21,True,https://www.idealista.pt/imovel/34713165/,7,3.1422262195472683,34.75,410050.0,0.75,0
34674164,450000.0,150.0,3000.0,2,1,Prelada - Monte dos Burgos,Ramalde,Requesende,41.1732231,-8.6358279,4,good,False,True,23,False,https://www.idealista.pt/imovel/34674164/,5,3.3548042009193564,50.0,450000.0,0.3333333333333333,0
34098160,300000.0,172.0,1744.0,3,0,Constituição,Cedofeita - Santo Ildefonso - Sé - Miragaia - São Nicolau - Vitória,,41.1634591,-8.6213396,,renew,False,,23,False,https://www.idealista.pt/imovel/34098160/,1,1.771653891553721,43.0,299968.0,0.0,1
34537118,795000.0,178.0,4466.0,3,3,Aviz - Cristo Rei,Aldoar - Foz do Douro - Nevogilde,,41.1637051,-8.664192,2,good,False,True,18,False,https://www.idealista.pt/imovel/34537118/,0,4.7292608823426505,44.5,794948.0,0.75,0
34596114,340000.0,185.0,1838.0,2,2,Câmara de Gaia - Aviadores - Quinta das Pedras,Mafamude e Vilar do Paraíso,,41.1311033,-8.6047697,st,newdevelopment,True,True,27,False,https://www.idealista.pt/empreendimento/34596114/,7,2.1198376194804114,61.666666666666664,340030.0,0.6666666666666666,1
33659086,480000.0,108.0,4444.0,2,2,Foz,Aldoar - Foz do Douro - Nevogilde,,41.1607435,-8.6849435,3,good,False,False,24,False,https://www.idealista.pt/imovel/33659086/,0,6.321695636837307,36.0,479952.0,0.6666666666666666,0
33401061,1100000.0,170.0,6471.0,3,3,Cais das Pedras,Lordelo do Ouro e Massarelos,,41.1483767,-8.6362904,bj,good,False,False,3,False,https://www.idealista.pt/imovel/33401061/,1,2.130282797114524,42.5,1100070.0,0.75,1
34239034,410000.0,152.0,2697.0,2,2,Santo Ovídio - Cedro - Monte da Virgem,Mafamude e Vilar do Paraíso,,41.1139793,-8.6015451,2,good,False,True,33,False,https://www.idealista.pt/imovel/34239034/,7,4.037588302715803,50.666666666666664,409944.0,0.6666666666666666,0
34566024,1150000.0,152.0,7566.0,3,4,Boavista,Cedofeita - Santo Ildefonso - Sé - Miragaia - São Nicolau - Vitória,Júlio Dinis - Hospital Militar,41.1572843,-8.6239883,1,,True,True,28,False,https://www.idealista.pt/empreendimento/34566024/,1,1.389563911570286,38.0,1150032.0,1.0,1
34565984,1050000.0,130.0,8077.0,2,3,Boavista,Cedofeita - Santo Ildefonso - Sé - Miragaia - São Nicolau - Vitória,Júlio Dinis - Hospital Militar,41.1572843,-8.6239883,1,,True,True,28,False,https://www.idealista.pt/empreendimento/34565984/,1,1.389563911570286,43.333333333333336,1050010.0,1.0,1
34653967,465000.0,95.0,4895.0,1,1,Baixa,Cedofeita - Santo Ildefonso - Sé - Miragaia - São Nicolau - Vitória,Cedofeita,41.1536628,-8.6233254,,good,False,True,74,False,https://www.idealista.pt/imovel/34653967/,1,1.134190275127741,47.5,465025.0,0.5,1
33519945,475000.0,146.0,3253.0,4,1,Centro de Matosinhos,Matosinhos e Leça da Palmeira,,41.1815366,-8.6816347,,renew,False,,2,False,https://www.idealista.pt/imovel/33519945/,0,6.9043818567774755,29.2,474938.0,0.2,0
33978897,395000.0,95.0,4158.0,2,2,Câmara de Gaia - Aviadores - Quinta das Pedras,Mafamude e Vilar do Paraíso,,41.1289274,-8.6089514,10,newdevelopment,True,True,37,False,https://www.idealista.pt/empreendimento/33978897/,7,2.3044729176572103,31.666666666666668,395010.0,0.6666666666666666,1
34367896,245000.0,51.0,4804.0,1,1,Parque de Real - Água Viva,Matosinhos e Leça da Palmeira,,41.1814946,-8.6715615,7,,True,True,15,False,https://www.idealista.pt/empreendimento/34367896/,0,6.1937738530386195,25.5,245004.0,0.5,0
34622828,2100000.0,448.0,4688.0,4,6,Aviz - Cristo Rei,Aldoar - Foz do Douro - Nevogilde,,41.1604192,-8.671494,,good,False,,39,False,https://www.idealista.pt/imovel/34622828/,0,5.213758425916593,89.6,2100224.0,1.2,0
34636810,305000.0,100.0,3050.0,2,1,Sampaio-Alumiara-Verdinho,Canidelo,,41.1335324,-8.6449609,1,newdevelopment,True,True,38,False,https://www.idealista.pt/empreendimento/34636810/,2,3.365610017563309,33.333333333333336,305000.0,0.3333333333333333,0
34636803,300000.0,94.0,3191.0,2,1,Sampaio-Alumiara-Verdinho,Canidelo,,41.1335324,-8.6449609,2,newdevelopment,True,True,38,False,https://www.idealista.pt/empreendimento/34636803/,2,3.365610017563309,31.333333333333332,299954.0,0.3333333333333333,0
34303781,700000.0,170.0,4118.0,3,2,Boavista,Cedofeita - Santo Ildefonso - Sé - Miragaia - São Nicolau - Vitória,Júlio Dinis - Hospital Militar,41.1594747,-8.6240745,2,good,False,True,32,False,https://www.idealista.pt/imovel/34303781/,1,1.5563620786693109,42.5,700060.0,0.5,1
34601759,750000.0,231.0,3247.0,4,5,Parque da Cidade - Vilarinha - António Aroso,Aldoar - Foz do Douro - Nevogilde,,41.1679954,-8.6696797,,good,False,,21,False,https://www.idealista.pt/imovel/34601759/,0,5.329075444418054,46.2,750057.0,1.0,0
34691743,220000.0,45.0,4889.0,0,1,Centro de Matosinhos,Matosinhos e Leça da Palmeira,,41.1794349,-8.6790862,3,newdevelopment,True,True,13,True,https://www.idealista.pt/empreendimento/34691743/,0,6.601933432709175,45.0,220005.0,1.0,0
33560719,1490000.0,302.0,4934.0,4,5,Foz Velha,Aldoar - Foz do Douro - Nevogilde,,41.1501997,-8.669662,bj,good,False,False,32,True,https://www.idealista.pt/imovel/33560719/,0,4.920519597188481,60.4,1490068.0,1.0,0
33099719,760000.0,393.0,1934.0,4,5,Foz Velha,Aldoar - Foz do Douro - Nevogilde,,41.1517486,-8.6657432,,renew,False,,18,True,https://www.idealista.pt/imovel/33099719/,0,4.598108393657721,78.6,760062.0,1.0,0
34306707,295000.0,57.0,5175.0,1,1,Câmara de Gaia - Aviadores - Quinta das Pedras,Mafamude e Vilar do Paraíso,,41.1289274,-8.6089514,8,newdevelopment,True,True,37,False,https://www.idealista.pt/empreendimento/34306707/,7,2.3044729176572103,28.5,294975.0,0.5,1
34119704,1700000.0,710.0,2394.0,6,6,Campo 24 de Agosto,Bonfim,,41.1473267,-8.5971676,,good,False,,62,False,https://www.idealista.pt/imovel/34119704/,6,1.1772795989778233,101.42857142857143,1699740.0,0.8571428571428571,1
34584696,905000.0,287.0,3153.0,3,4,Freixo,Campanhã,,41.1410186,-8.5742645,,good,False,True,24,False,https://www.idealista.pt/imovel/34584696/,4,3.212638055941291,71.75,904911.0,1.0,0
34706676,1480000.0,200.0,7400.0,3,2,Arrábida,Lordelo do Ouro e Massarelos,,41.1464899,-8.6426869,2,good,False,True,17,False,https://www.idealista.pt/imovel/34706676/,2,2.6839255546245298,50.0,1480000.0,0.5,1
34524640,1400000.0,173.0,8092.0,3,4,Baixa,Cedofeita - Santo Ildefonso - Sé - Miragaia - São Nicolau - Vitória,Aliados - Clérigos - Carlos Alberto,41.1488357,-8.6083292,2,good,False,True,41,False,https://www.idealista.pt/imovel/34524640/,6,0.2314219527071189,43.25,1399916.0,1.0,1
34642579,310000.0,94.0,3298.0,2,1,Sampaio-Alumiara-Verdinho,Canidelo,,41.1335324,-8.6449609,4,newdevelopment,True,True,38,False,https://www.idealista.pt/empreendimento/34642579/,2,3.365610017563309,31.333333333333332,310012.0,0.3333333333333333,0
34228559,2100000.0,335.0,6269.0,5,6,Lavadores,Canidelo,,41.1346592,-8.6667244,5,good,False,True,25,False,https://www.idealista.pt/imovel/34228559/,2,4.9610987921127245,55.833333333333336,2100115.0,1.0,0
34497548,287500.0,73.0,3938.0,1,1,Afurada - Arrábida - Cavaco,Santa Marinha e São Pedro da Afurada,,41.1429913,-8.6387259,,good,False,True,23,False,https://www.idealista.pt/imovel/34497548/,1,2.443092813659786,36.5,287474.0,0.5,1
34228547,720000.0,151.0,4768.0,3,3,Lavadores,Canidelo,,41.1317081,-8.6689174,2,good,False,True,29,False,https://www.idealista.pt/imovel/34228547/,2,5.249970945752537,37.75,719968.0,0.75,0
34228543,427000.0,95.0,4495.0,2,2,Lavadores,Canidelo,,41.1339866,-8.6677466,3,good,False,True,29,False,https://www.idealista.pt/imovel/34228543/,2,5.066994799546941,31.666666666666668,427025.0,0.6666666666666666,0
33908539,660000.0,221.0,2986.0,3,4,Antas - Praça Velásquez,Bonfim,,41.158268,-8.5919041,2,good,False,True,18,True,https://www.idealista.pt/imovel/33908539/,6,1.8596694024641625,55.25,659906.0,1.0,1
34359458,250000.0,113.0,2212.0,1,1,Parque de Real - Água Viva,Matosinhos e Leça da Palmeira,,41.1814946,-8.6715615,bj,newdevelopment,True,True,15,False,https://www.idealista.pt/empreendimento/34359458/,0,6.1937738530386195,56.5,249956.0,0.5,0
34277419,290000.0,72.0,4028.0,2,2,Custóias,Custóias - Leça do Balio - Guifões,,41.1947956,-8.6448339,1,newdevelopment,True,True,27,False,https://www.idealista.pt/empreendimento/34277419/,5,5.7726104679131645,24.0,290016.0,0.6666666666666666,0
34166385,225000.0,58.0,3879.0,0,1,,Águas Santas,,41.2043293,-8.5722278,bj,good,False,False,31,True,https://www.idealista.pt/imovel/34166385/,3,6.892792988999946,58.0,224982.0,1.0,0
34277340,355000.0,112.0,3170.0,3,3,Custóias,Custóias - Leça do Balio - Guifões,,41.1947956,-8.6448339,bj,newdevelopment,True,True,27,False,https://www.idealista.pt/empreendimento/34277340/,5,5.7726104679131645,28.0,355040.0,0.75,0
34683210,400000.0,72.0,5556.0,2,2,Freixo,Campanhã,,41.1467723,-8.5828378,3,good,False,True,14,False,https://www.idealista.pt/imovel/34683210/,6,2.370618247802467,24.0,400032.0,0.6666666666666666,1
33762195,1200000.0,248.0,4839.0,3,4,Baixa,Cedofeita - Santo Ildefonso - Sé - Miragaia - São Nicolau - Vitória,Bairro das Artes,41.1484078,-8.6186992,,good,False,,23,False,https://www.idealista.pt/imovel/33762195/,1,0.6663459572399121,62.0,1200072.0,1.0,1
32313152,729000.0,220.0,3314.0,4,3,Bessa Leite,Lordelo do Ouro e Massarelos,,41.1596695,-8.6395102,,good,False,False,36,False,https://www.idealista.pt/imovel/32313152/,1,2.644096911826916,44.0,729080.0,0.6,1
34476132,210000.0,47.0,4468.0,0,1,Serralves,Lordelo do Ouro e Massarelos,,41.1586514,-8.6538561,bj,newdevelopment,True,True,7,True,https://www.idealista.pt/empreendimento/34476132/,0,3.7346051230025656,47.0,209996.0,1.0,0
34212073,1725000.0,421.0,4097.0,3,4,Foz,Aldoar - Foz do Douro - Nevogilde,,41.1606333,-8.6739,bj,renew,False,False,26,True,https://www.idealista.pt/imovel/34212073/,0,5.415293302669391,105.25,1724837.0,1.0,0
34613050,255000.0,61.0,4180.0,1,2,Paniceiro-Viso-Meiral,Canidelo,,41.1322485,-8.6472012,1,renew,False,True,19,False,https://www.idealista.pt/imovel/34613050/,2,3.6004702614607975,30.5,254980.0,1.0,0
34614983,1030000.0,127.0,8110.0,3,4,Candal - Regadas,Santa Marinha e São Pedro da Afurada,,41.1318799,-8.6267356,5,good,False,True,17,False,https://www.idealista.pt/imovel/34614983/,7,2.3750591350258214,31.75,1029970.0,1.0,1
33236886,1020000.0,257.0,3969.0,3,3,Pinhais da Foz,Aldoar - Foz do Douro - Nevogilde,,41.154574,-8.668814,,good,False,True,24,True,https://www.idealista.pt/imovel/33236886/,0,4.880345414726401,64.25,1020033.0,0.75,0
34615836,385000.0,118.0,3263.0,2,2,Liceu - Paço do Rei,Mafamude e Vilar do Paraíso,,41.1237535,-8.6055245,6,good,False,True,42,False,https://www.idealista.pt/imovel/34615836/,7,2.9090430112384635,39.333333333333336,385034.0,0.6666666666666666,1
33262821,1660000.0,350.0,4743.0,5,7,Cooperativa dos Arquitectos - Fonte da Moura - Pedra Verde,Aldoar - Foz do Douro - Nevogilde,,41.1666204,-8.6635632,,good,False,,42,False,https://www.idealista.pt/imovel/33262821/,0,4.797917023442667,58.333333333333336,1660050.0,1.1666666666666667,0
34355799,685000.0,242.0,2831.0,3,2,Centro de Matosinhos,Matosinhos e Leça da Palmeira,,41.1783001,-8.6778843,bj,newdevelopment,True,True,49,True,https://www.idealista.pt/empreendimento/34355799/,0,6.451847489374533,60.5,685102.0,0.5,0
34355772,555000.0,115.0,4826.0,3,2,Centro de Matosinhos,Matosinhos e Leça da Palmeira,,41.1783001,-8.6778843,4,newdevelopment,True,True,49,True,https://www.idealista.pt/empreendimento/34355772/,0,6.451847489374533,28.75,554990.0,0.5,0
34665755,299000.0,68.0,4397.0,2,2,Igreja do Bonfim - Lomba,Bonfim,,41.1522986,-8.5934034,1,good,False,False,22,True,https://www.idealista.pt/imovel/34665755/,6,1.4953612797412386,22.666666666666668,298996.0,0.6666666666666666,1
34355746,450000.0,122.0,3689.0,2,2,Centro de Matosinhos,Matosinhos e Leça da Palmeira,,41.1783001,-8.6778843,1,newdevelopment,True,True,49,True,https://www.idealista.pt/empreendimento/34355746/,0,6.451847489374533,40.666666666666664,450058.0,0.6666666666666666,0
33489648,1070000.0,227.0,4714.0,4,4,Lapa - Bouça,Cedofeita - Santo Ildefonso - Sé - Miragaia - São Nicolau - Vitória,,41.1618882,-8.6142826,2,good,False,True,22,False,https://www.idealista.pt/imovel/33489648/,1,1.3954243280573286,45.4,1070078.0,0.8,1
34522605,1500000.0,347.0,4323.0,4,5,Matosinhos Sul - Marginal,Matosinhos e Leça da Palmeira,,41.1740823,-8.6802633,3,good,False,True,59,False,https://www.idealista.pt/imovel/34522605/,0,6.413116390527666,69.4,1500081.0,1.0,0
34558584,520000.0,83.0,6265.0,1,2,Lapa - Bouça,Cedofeita - Santo Ildefonso - Sé - Miragaia - São Nicolau - Vitória,,41.1561518,-8.6121771,,good,False,False,15,False,https://www.idealista.pt/imovel/34558584/,1,0.7363317547858631,41.5,519995.0,1.0,1
34661546,875000.0,302.0,2897.0,3,5,Praia,Madalena,,41.0966358,-8.6545496,,good,False,,21,False,https://www.idealista.pt/imovel/34661546/,2,6.931982080703384,75.5,874894.0,1.25,0
34313477,503000.0,127.0,3961.0,3,3,Paniceiro-Viso-Meiral,Canidelo,,41.1304422,-8.6490848,3,renew,False,True,25,True,https://www.idealista.pt/imovel/34313477/,2,3.8422531318122637,31.75,503047.0,0.75,0
33595461,1660000.0,350.0,4743.0,5,7,Cooperativa dos Arquitectos - Fonte da Moura - Pedra Verde,Aldoar - Foz do Douro - Nevogilde,,41.1677198,-8.6641636,,good,False,,22,False,https://www.idealista.pt/imovel/33595461/,0,4.893167848896233,58.333333333333336,1660050.0,1.1666666666666667,0
33023440,1300000.0,367.0,3542.0,3,4,Foz,Aldoar - Foz do Douro - Nevogilde,,41.1647092,-8.6736846,,good,False,,30,True,https://www.idealista.pt/imovel/33023440/,0,5.518264269921362,91.75,1299914.0,1.0,0
34514369,329000.0,109.0,3018.0,3,2,Campo 24 de Agosto,Bonfim,,41.1521218,-8.597341,bj,good,False,True,34,False,https://www.idealista.pt/imovel/34514369/,6,1.1693795961362667,27.25,328962.0,0.5,1
34713285,250000.0,41.0,6098.0,1,1,Centro Histórico,Santa Marinha e São Pedro da Afurada,,41.1366108,-8.6123388,,newdevelopment,True,True,18,False,https://www.idealista.pt/empreendimento/34713285/,7,1.449349504618039,20.5,250018.0,0.5,1
34713278,240000.0,35.0,6857.0,0,1,Centro Histórico,Santa Marinha e São Pedro da Afurada,,41.1366108,-8.6123388,,newdevelopment,True,True,18,False,https://www.idealista.pt/empreendimento/34713278/,7,1.449349504618039,35.0,239995.0,1.0,1
34607264,219900.0,39.0,5638.0,0,1,Montes Caulinos,São Mamede de Infesta e Senhora da Hora,,41.1849205,-8.6363767,1,good,False,True,16,False,https://www.idealista.pt/imovel/34607264/,5,4.469092335370436,39.0,219882.0,1.0,0
34639186,1250000.0,388.0,3222.0,4,4,Salgueiros,Canidelo,,41.115792,-8.6595132,,good,False,,56,False,https://www.idealista.pt/imovel/34639186/,2,5.541514432849072,77.6,1250136.0,0.8,0
34661119,980000.0,540.0,1815.0,4,3,Monte de Burgos - Padrão da Légua,São Mamede de Infesta e Senhora da Hora,,41.1874528,-8.6275396,,good,False,,42,False,https://www.idealista.pt/imovel/34661119/,5,4.4335031569873395,108.0,980100.0,0.6,0
31729095,780000.0,246.0,3171.0,3,5,ESMAE - Doze Casas,Bonfim,,41.160392,-8.601558,,good,False,,28,True,https://www.idealista.pt/imovel/31729095/,6,1.4323999499101499,61.5,780066.0,1.25,1
34684087,650000.0,247.0,2632.0,4,4,Afurada - Arrábida - Cavaco,Santa Marinha e São Pedro da Afurada,,41.1432906,-8.6406035,3,good,False,True,29,False,https://www.idealista.pt/imovel/34684087/,2,2.5842226984394427,49.4,650104.0,0.8,1
34480083,1290000.0,238.0,5420.0,2,3,Foz,Aldoar - Foz do Douro - Nevogilde,,41.1605877,-8.6737521,bj,good,False,True,12,False,https://www.idealista.pt/imovel/34480083/,0,5.402086239963592,79.33333333333333,1289960.0,1.0,0
34699044,270000.0,68.0,3971.0,0,1,Boavista,Cedofeita - Santo Ildefonso - Sé - Miragaia - São Nicolau - Vitória,Ramalda Alta,41.1628063,-8.6250021,2,good,False,False,30,True,https://www.idealista.pt/imovel/34699044/,1,1.8842291117325034,68.0,270028.0,1.0,1
31834981,360000.0,66.0,5455.0,0,1,Centro Histórico,Cedofeita - Santo Ildefonso - Sé - Miragaia - São Nicolau - Vitória,Rua das Flores - Mouzinho,41.1428367,-8.6137269,1,good,False,True,25,True,https://www.idealista.pt/imovel/31834981/,1,0.788416706796038,66.0,360030.0,1.0,1
33475954,499000.0,189.0,2640.0,3,3,Centro,Madalena,,41.1149898,-8.6436358,,renew,False,,18,False,https://www.idealista.pt/imovel/33475954/,2,4.7251986852599135,47.25,498960.0,0.75,0
34611948,313900.0,83.0,3782.0,1,1,Arca d'Água - Campo Lindo - Vale Formoso,Paranhos,,41.1724294,-8.6149228,,good,False,,21,False,https://www.idealista.pt/imovel/34611948/,1,2.560754279155918,41.5,313906.0,0.5,1
34573943,240000.0,41.0,5854.0,0,1,Campo 24 de Agosto,Bonfim,,41.1501106,-8.5958476,2,good,False,False,13,False,https://www.idealista.pt/imovel/34573943/,6,1.2615974434981208,41.0,240014.0,1.0,1
34148879,1890000.0,489.0,3865.0,5,4,Centro de Senhora da Hora,São Mamede de Infesta e Senhora da Hora,,41.1901467,-8.6529385,,good,False,,45,False,https://www.idealista.pt/imovel/34148879/,5,5.7191795382706045,81.5,1889985.0,0.6666666666666666,0
34614837,343300.0,89.0,3857.0,2,1,Arca d'Água - Campo Lindo - Vale Formoso,Paranhos,,41.1721956,-8.6186581,,good,False,,21,False,https://www.idealista.pt/imovel/34614837/,1,2.595100060545902,29.666666666666668,343273.0,0.3333333333333333,1
34551731,490000.0,240.0,2042.0,3,3,Fernão Magalhães - Joaquim Urbano,Bonfim,,41.1584568,-8.5934757,,good,False,,28,True,https://www.idealista.pt/imovel/34551731/,6,1.7601295903324454,60.0,490080.0,0.75,1
33836723,320000.0,72.0,4444.0,0,1,Baixa,Cedofeita - Santo Ildefonso - Sé - Miragaia - São Nicolau - Vitória,Santa Catarina,41.1515228,-8.6048607,4,good,False,False,41,False,https://www.idealista.pt/imovel/33836723/,6,0.5490015332085983,72.0,319968.0,1.0,1
33271722,525000.0,186.0,2823.0,3,3,Maninho - Baviera,Madalena,,41.1122919,-8.6321359,,good,False,,34,True,https://www.idealista.pt/imovel/33271722/,7,4.513659529453013,46.5,525078.0,0.75,0
34345711,690000.0,253.0,2727.0,4,3,Fluvial,Lordelo do Ouro e Massarelos,,41.1517451,-8.659574,1,good,False,True,25,False,https://www.idealista.pt/imovel/34345711/,0,4.082338516576553,50.6,689931.0,0.6,0
34606698,220000.0,50.0,4400.0,0,1,Montes Caulinos,São Mamede de Infesta e Senhora da Hora,,41.1849889,-8.6347571,1,good,False,True,24,False,https://www.idealista.pt/imovel/34606698/,5,4.412791967870658,50.0,220000.0,1.0,0
34292670,399500.0,103.0,3879.0,2,2,Francos - Casa da Música - Pedro Hispano,Ramalde,,41.1635418,-8.6367006,1,,True,True,17,True,https://www.idealista.pt/empreendimento/34292670/,1,2.6587657062141603,34.333333333333336,399537.0,0.6666666666666666,1
34292650,385500.0,109.0,3537.0,2,2,Francos - Casa da Música - Pedro Hispano,Ramalde,,41.1635418,-8.6367006,bj,,True,True,17,True,https://www.idealista.pt/empreendimento/34292650/,1,2.6587657062141603,36.333333333333336,385533.0,0.6666666666666666,1
34377631,236020.0,72.0,3278.0,0,1,Camões - Gonçalo Cristóvão - Faria Guimarães,Cedofeita - Santo Ildefonso - Sé - Miragaia - São Nicolau - Vitória,,41.1549089,-8.60662,bj,newdevelopment,True,True,16,True,https://www.idealista.pt/empreendimento/34377631/,6,0.6905743096691365,72.0,236016.0,1.0,1
34377613,294800.0,84.0,3510.0,1,1,Camões - Gonçalo Cristóvão - Faria Guimarães,Cedofeita - Santo Ildefonso - Sé - Miragaia - São Nicolau - Vitória,,41.1549089,-8.60662,1,newdevelopment,True,True,16,True,https://www.idealista.pt/empreendimento/34377613/,6,0.6905743096691365,42.0,294840.0,0.5,1
34552609,600000.0,165.0,3636.0,4,3,Pinheiro Manso,Ramalde,,41.1669165,-8.6515408,3,good,False,True,31,False,https://www.idealista.pt/imovel/34552609/,0,3.909436064523905,33.0,599940.0,0.6,0
34336609,461000.0,140.0,3293.0,3,3,Afurada - Arrábida - Cavaco,Santa Marinha e São Pedro da Afurada,,41.1391863,-8.6400185,1,newdevelopment,True,True,27,True,https://www.idealista.pt/empreendimento/34336609/,2,2.6992518823126423,35.0,461020.0,0.75,1
34610602,270300.0,60.0,4505.0,1,1,Arca d'Água - Campo Lindo - Vale Formoso,Paranhos,,41.1723814,-8.6155248,,good,False,,21,False,https://www.idealista.pt/imovel/34610602/,1,2.56259174446426,30.0,270300.0,0.5,1
34377596,509100.0,138.0,3689.0,2,1,Camões - Gonçalo Cristóvão - Faria Guimarães,Cedofeita - Santo Ildefonso - Sé - Miragaia - São Nicolau - Vitória,,41.1549089,-8.60662,4,newdevelopment,True,True,16,True,https://www.idealista.pt/empreendimento/34377596/,6,0.6905743096691365,46.0,509082.0,0.3333333333333333,1
33752569,310000.0,45.0,6889.0,1,1,Sampaio-Alumiara-Verdinho,Canidelo,,41.1359539,-8.647736,3,,True,True,42,False,https://www.idealista.pt/empreendimento/33752569/,2,3.4375840982998795,22.5,310005.0,0.5,0
34590563,249000.0,142.0,1754.0,3,2,Santegãos - Estrada Nova - Campainha,Rio Tinto,,41.1921317,-8.5551109,2,good,False,False,21,False,https://www.idealista.pt/imovel/34590563/,3,6.646206058534066,35.5,249068.0,0.5,0
34168524,345000.0,85.0,4059.0,1,2,Camões - Gonçalo Cristóvão - Faria Guimarães,Cedofeita - Santo Ildefonso - Sé - Miragaia - São Nicolau - Vitória,,41.1570977,-8.6122007,bj,good,False,False,24,True,https://www.idealista.pt/imovel/34168524/,1,0.8407884938160402,42.5,345015.0,1.0,1
34281422,329100.0,81.0,4063.0,2,1,Arca d'Água - Campo Lindo - Vale Formoso,Paranhos,,41.17238,-8.6155706,,good,False,,21,False,https://www.idealista.pt/imovel/34281422/,1,2.5630199664430666,27.0,329103.0,0.3333333333333333,1
34599425,349000.0,108.0,3231.0,3,2,Boavista,Cedofeita - Santo Ildefonso - Sé - Miragaia - São Nicolau - Vitória,Casa da Música,41.163445,-8.6312305,3,good,False,True,32,False,https://www.idealista.pt/imovel/34599425/,1,2.2950164404844315,27.0,348948.0,0.5,1
33426421,449000.0,174.0,2580.0,3,3,Afurada - Arrábida - Cavaco,Santa Marinha e São Pedro da Afurada,,41.1391863,-8.6400185,1,newdevelopment,True,True,27,True,https://www.idealista.pt/empreendimento/33426421/,2,2.6992518823126423,43.5,448920.0,0.75,1
33036411,635000.0,165.0,3848.0,4,3,Afurada - Arrábida - Cavaco,Santa Marinha e São Pedro da Afurada,,41.1418271,-8.6417556,2,newdevelopment,True,True,15,True,https://www.idealista.pt/empreendimento/33036411/,2,2.7243995092750786,33.0,634920.0,0.6,1
33036401,630000.0,165.0,3818.0,4,3,Afurada - Arrábida - Cavaco,Santa Marinha e São Pedro da Afurada,,41.1421709,-8.639084,1,newdevelopment,True,True,15,True,https://www.idealista.pt/empreendimento/33036401/,2,2.5003586198871006,33.0,629970.0,0.6,1
34614384,285000.0,62.0,4597.0,1,1,Arca d'Água - Campo Lindo - Vale Formoso,Paranhos,,41.1721729,-8.614902,,good,False,,21,False,https://www.idealista.pt/imovel/34614384/,1,2.532252398589388,31.0,285014.0,0.5,1
33763342,476500.0,202.0,2359.0,3,3,Paniceiro-Viso-Meiral,Canidelo,,41.1283549,-8.6513236,1,newdevelopment,True,True,36,False,https://www.idealista.pt/empreendimento/33763342/,2,4.127969478650695,50.5,476518.0,0.75,0
34695292,360000.0,139.0,2590.0,3,2,Igreja do Bonfim - Lomba,Bonfim,,41.1534309,-8.5943785,2,good,False,True,36,True,https://www.idealista.pt/imovel/34695292/,6,1.4473934526651369,34.75,360010.0,0.5,1
33036279,560000.0,129.0,4341.0,3,3,Afurada - Arrábida - Cavaco,Santa Marinha e São Pedro da Afurada,,41.1417482,-8.6416571,8,newdevelopment,True,True,15,True,https://www.idealista.pt/empreendimento/33036279/,2,2.7193845140798234,32.25,559989.0,0.75,1
34088249,545000.0,285.0,1912.0,5,3,Areosa - Fernão de Magalhães,Paranhos,,41.1801909,-8.5854626,,good,False,,33,False,https://www.idealista.pt/imovel/34088249/,3,4.0130674534899935,47.5,544920.0,0.5,0
33858241,2300000.0,443.0,5192.0,5,5,Serralves - Praça do Império,Aldoar - Foz do Douro - Nevogilde,,41.1559707,-8.6738687,,good,False,,41,False,https://www.idealista.pt/imovel/33858241/,0,5.319436437956448,73.83333333333333,2300056.0,0.8333333333333334,0
33962188,590000.0,220.0,2682.0,0,1,Baixa,Cedofeita - Santo Ildefonso - Sé - Miragaia - São Nicolau - Vitória,Bairro das Artes,41.1483708,-8.6195134,bj,good,False,False,41,False,https://www.idealista.pt/imovel/33962188/,1,0.7340366645394031,220.0,590040.0,1.0,1
33687148,520000.0,122.0,4262.0,2,2,Sampaio-Alumiara-Verdinho,Canidelo,,41.1359539,-8.647736,4,newdevelopment,True,True,42,False,https://www.idealista.pt/empreendimento/33687148/,2,3.4375840982998795,40.666666666666664,519964.0,0.6666666666666666,0
34594132,410000.0,106.0,3868.0,2,2,Francos - Casa da Música - Pedro Hispano,Ramalde,,41.1635418,-8.6367006,3,,True,True,17,True,https://www.idealista.pt/empreendimento/34594132/,1,2.6587657062141603,35.333333333333336,410008.0,0.6666666666666666,1
34381131,470000.0,242.0,1942.0,5,3,São Roque da Lameira,Campanhã,,41.1664035,-8.5689711,,good,False,,40,True,https://www.idealista.pt/imovel/34381131/,3,3.976531179081573,40.333333333333336,469964.0,0.5,0
34241118,295000.0,54.0,5463.0,1,1,Afurada - Arrábida - Cavaco,Santa Marinha e São Pedro da Afurada,,41.1391863,-8.6400185,4,newdevelopment,True,True,47,True,https://www.idealista.pt/empreendimento/34241118/,2,2.6992518823126423,27.0,295002.0,0.5,1
34650052,380000.0,114.0,3333.0,2,2,Arca d'Água - Campo Lindo - Vale Formoso,Paranhos,,41.1708102,-8.6158897,,good,False,True,26,False,https://www.idealista.pt/imovel/34650052/,1,2.395172470696225,38.0,379962.0,0.6666666666666666,1
34547005,390000.0,146.0,2671.0,2,2,Santo Ovídio - Cedro - Monte da Virgem,Mafamude e Vilar do Paraíso,,41.1148133,-8.602628,bj,good,False,True,28,False,https://www.idealista.pt/imovel/34547005/,7,3.9296554688828427,48.666666666666664,389966.0,0.6666666666666666,0
30475897,999000.0,347.0,2879.0,3,5,ESMAE - Doze Casas,Bonfim,,41.1601769,-8.6009879,,good,False,,33,False,https://www.idealista.pt/imovel/30475897/,6,1.439402851372018,86.75,999013.0,1.25,1
33796885,750000.0,132.0,5682.0,2,2,Centro Histórico,Santa Marinha e São Pedro da Afurada,,41.1417854,-8.621496,,good,False,True,27,False,https://www.idealista.pt/imovel/33796885/,1,1.2418816171505984,44.0,750024.0,0.6666666666666666,1
33236874,995000.0,240.0,4146.0,3,4,Baixa,Cedofeita - Santo Ildefonso - Sé - Miragaia - São Nicolau - Vitória,Cedofeita,41.1527138,-8.6162904,,good,False,True,20,False,https://www.idealista.pt/imovel/33236874/,1,0.5688351859641877,60.0,995040.0,1.0,1
33164871,389000.0,197.0,1975.0,4,3,Santegãos - Estrada Nova - Campainha,Rio Tinto,,41.1836686,-8.5565978,,good,False,True,39,True,https://www.idealista.pt/imovel/33164871/,3,5.917126855109316,39.4,389075.0,0.6,0
34606831,355000.0,80.0,4438.0,2,2,Constituição,Cedofeita - Santo Ildefonso - Sé - Miragaia - São Nicolau - Vitória,,41.1631342,-8.614829,1,good,False,True,21,False,https://www.idealista.pt/imovel/34606831/,1,1.540463408280823,26.666666666666668,355040.0,0.6666666666666666,1
33236802,298000.0,56.0,5321.0,0,1,Baixa,Cedofeita - Santo Ildefonso - Sé - Miragaia - São Nicolau - Vitória,Aliados - Clérigos - Carlos Alberto,41.1481645,-8.613249,,good,False,False,22,False,https://www.idealista.pt/imovel/33236802/,1,0.2533029697442391,56.0,297976.0,1.0,1
34026800,395000.0,105.0,3762.0,2,3,Praia,Madalena,,41.1069335,-8.6567377,bj,,True,True,19,False,https://www.idealista.pt/empreendimento/34026800/,2,6.103098407043101,35.0,395010.0,1.0,0
34026801,510000.0,183.0,2787.0,3,3,Praia,Madalena,,41.1069335,-8.6567377,2,newdevelopment,True,True,19,False,https://www.idealista.pt/empreendimento/34026801/,2,6.103098407043101,45.75,510021.0,0.75,0
33236799,475000.0,104.0,4567.0,2,3,Baixa,Cedofeita - Santo Ildefonso - Sé - Miragaia - São Nicolau - Vitória,Aliados - Clérigos - Carlos Alberto,41.1490936,-8.6133509,,good,False,False,27,False,https://www.idealista.pt/imovel/33236799/,1,0.21279774238583093,34.666666666666664,474968.0,1.0,1
34026796,390000.0,105.0,3714.0,2,3,Praia,Madalena,,41.1069335,-8.6567377,bj,,True,True,19,False,https://www.idealista.pt/empreendimento/34026796/,2,6.103098407043101,35.0,389970.0,1.0,0
33767765,750000.0,132.0,5682.0,2,2,Centro Histórico,Santa Marinha e São Pedro da Afurada,,41.1413022,-8.6219069,,good,False,True,27,False,https://www.idealista.pt/imovel/33767765/,1,1.304138152767,44.0,750024.0,0.6666666666666666,1
31526755,687000.0,364.0,1887.0,4,5,Salgueiros,Canidelo,,41.115135,-8.6614671,,good,False,,26,True,https://www.idealista.pt/imovel/31526755/,2,5.711605185696943,72.8,686868.0,1.0,0
34617699,225000.0,53.0,4245.0,0,1,Batalha - Guindais,Cedofeita - Santo Ildefonso - Sé - Miragaia - São Nicolau - Vitória,,41.1445034,-8.6034541,,good,False,False,26,False,https://www.idealista.pt/imovel/34617699/,6,0.8425396297901908,53.0,224985.0,1.0,1
34585697,310000.0,42.0,7381.0,1,1,Baixa,Cedofeita - Santo Ildefonso - Sé - Miragaia - São Nicolau - Vitória,Bolhão,41.1504756,-8.6060376,3,good,False,False,24,False,https://www.idealista.pt/imovel/34585697/,6,0.41860186399218013,21.0,310002.0,0.5,1
34617690,225000.0,56.0,4018.0,0,1,Batalha - Guindais,Cedofeita - Santo Ildefonso - Sé - Miragaia - São Nicolau - Vitória,,41.1447753,-8.603771,,good,False,False,22,False,https://www.idealista.pt/imovel/34617690/,6,0.8025800585261837,56.0,225008.0,1.0,1
33418666,640000.0,116.0,5517.0,4,4,Baixa,Cedofeita - Santo Ildefonso - Sé - Miragaia - São Nicolau - Vitória,Bolhão,41.1493538,-8.6084086,,good,False,False,26,False,https://www.idealista.pt/imovel/33418666/,6,0.21039181049658057,23.2,639972.0,0.8,1
34693650,880000.0,465.0,1892.0,4,6,Lavadores,Canidelo,,41.123837,-8.6622302,,good,False,,45,False,https://www.idealista.pt/imovel/34693650/,2,5.165772937189338,93.0,879780.0,1.2,0
34052649,1120000.0,181.0,6188.0,2,3,Baixa,Cedofeita - Santo Ildefonso - Sé - Miragaia - São Nicolau - Vitória,Aliados - Clérigos - Carlos Alberto,41.1469383,-8.6099951,5,good,False,True,25,True,https://www.idealista.pt/imovel/34052649/,6,0.3055119876742676,60.333333333333336,1120028.0,1.0,1
34488566,290000.0,46.0,6304.0,1,1,Matosinhos Sul - Marginal,Matosinhos e Leça da Palmeira,,41.178579,-8.6847442,,good,False,True,17,False,https://www.idealista.pt/imovel/34488566/,0,6.970997114027691,23.0,289984.0,0.5,0
34643562,239000.0,109.0,2193.0,2,1,São Cosme,São Cosme - Valbom - Jovim,Carregais - São Miguel,41.136543,-8.5448587,bj,good,False,True,34,True,https://www.idealista.pt/imovel/34643562/,4,5.717540667554288,36.333333333333336,239037.0,0.3333333333333333,0
33781493,1650000.0,307.0,5375.0,5,4,Foz,Aldoar - Foz do Douro - Nevogilde,,41.1607584,-8.6766009,,good,False,,27,True,https://www.idealista.pt/imovel/33781493/,0,5.638810983105821,51.166666666666664,1650125.0,0.6666666666666666,0
34087467,219000.0,56.0,3911.0,2,1,Centro Histórico,Santa Marinha e São Pedro da Afurada,,41.136257,-8.6100382,,good,False,False,40,True,https://www.idealista.pt/imovel/34087467/,7,1.4854279049226455,18.666666666666668,219016.0,0.3333333333333333,1
34709408,1480000.0,200.0,7400.0,3,4,Serralves,Lordelo do Ouro e Massarelos,,41.1570024,-8.6496385,2,good,False,True,20,False,https://www.idealista.pt/imovel/34709408/,0,3.3461731903909615,50.0,1480000.0,1.0,0
34397404,355000.0,132.0,2689.0,2,2,Câmara de Gaia - Aviadores - Quinta das Pedras,Mafamude e Vilar do Paraíso,,41.1257154,-8.6098199,1,good,False,True,23,True,https://www.idealista.pt/imovel/34397404/,7,2.6573862015247904,44.0,354948.0,0.6666666666666666,1
34540375,605000.0,104.0,5817.0,3,3,Matosinhos Sul - Marginal,Matosinhos e Leça da Palmeira,,41.1778691,-8.6833859,1,good,False,True,20,False,https://www.idealista.pt/imovel/34540375/,0,6.833732794670982,26.0,604968.0,0.75,0
34380233,1325000.0,195.0,6795.0,3,4,Aviz - Cristo Rei,Aldoar - Foz do Douro - Nevogilde,,41.1612008,-8.6701327,,good,False,True,17,False,https://www.idealista.pt/imovel/34380233/,0,5.124087644772951,48.75,1325025.0,1.0,0
34380230,1350000.0,203.0,6650.0,3,4,Aviz - Cristo Rei,Aldoar - Foz do Douro - Nevogilde,,41.1618991,-8.6726277,,good,False,True,18,False,https://www.idealista.pt/imovel/34380230/,0,5.345814121789691,50.75,1349950.0,1.0,0
33672202,575000.0,167.0,3443.0,3,3,Sampaio-Alumiara-Verdinho,Canidelo,,41.1355831,-8.6481112,1,newdevelopment,True,True,37,False,https://www.idealista.pt/empreendimento/33672202/,2,3.484060436660859,41.75,574981.0,0.75,0
33957166,575000.0,123.0,4675.0,3,2,Salgueiros,Canidelo,,41.1171805,-8.6603821,bj,good,False,False,21,True,https://www.idealista.pt/imovel/33957166/,2,5.4926213084255755,30.75,575025.0,0.5,0
34218159,250000.0,124.0,2016.0,1,1,Coimbrões,Santa Marinha e São Pedro da Afurada,,41.1197603,-8.6311403,bj,newdevelopment,True,True,12,False,https://www.idealista.pt/empreendimento/34218159/,7,3.7259363196855757,62.0,249984.0,0.5,0
34218108,370000.0,208.0,1779.0,3,3,Coimbrões,Santa Marinha e São Pedro da Afurada,,41.1197603,-8.6311403,bj,newdevelopment,True,True,12,False,https://www.idealista.pt/empreendimento/34218108/,7,3.7259363196855757,52.0,370032.0,0.75,0
33672104,310000.0,48.0,6458.0,1,1,Sampaio-Alumiara-Verdinho,Canidelo,,41.1355831,-8.6481112,4,,True,True,37,False,https://www.idealista.pt/empreendimento/33672104/,2,3.484060436660859,24.0,309984.0,0.5,0
33779067,695000.0,235.0,2957.0,3,2,Aviz - Cristo Rei,Aldoar - Foz do Douro - Nevogilde,,41.1639147,-8.6668713,,good,False,True,26,False,https://www.idealista.pt/imovel/33779067/,0,4.948877160996866,58.75,694895.0,0.5,0
34106025,730000.0,159.0,4591.0,1,2,Pinhais da Foz,Aldoar - Foz do Douro - Nevogilde,,41.1510233,-8.6615571,,good,False,True,28,False,https://www.idealista.pt/imovel/34106025/,0,4.244379789903565,79.5,729969.0,1.0,0
34218026,375000.0,168.0,2232.0,3,3,Coimbrões,Santa Marinha e São Pedro da Afurada,,41.1197603,-8.6311403,1,newdevelopment,True,True,12,False,https://www.idealista.pt/empreendimento/34218026/,7,3.7259363196855757,42.0,374976.0,0.75,0
34616998,230000.0,56.0,4107.0,0,1,Batalha - Guindais,Cedofeita - Santo Ildefonso - Sé - Miragaia - São Nicolau - Vitória,,41.1428596,-8.6039162,,good,False,False,25,False,https://www.idealista.pt/imovel/34616998/,6,0.9506378648987154,56.0,229992.0,1.0,1
34713988,260000.0,104.0,2500.0,2,2,Carvalha - Portelinha,Fânzeres e São Pedro da Cova,,41.1595175,-8.5396127,bj,good,False,True,13,False,https://www.idealista.pt/imovel/34713988/,4,6.0693958735460845,34.666666666666664,260000.0,0.6666666666666666,0
33859897,1995000.0,479.0,4165.0,4,6,Foz,Aldoar - Foz do Douro - Nevogilde,,41.1591223,-8.6756518,,good,False,,37,False,https://www.idealista.pt/imovel/33859897/,0,5.523650874776522,95.8,1995035.0,1.2,0
34665893,280000.0,68.0,4118.0,2,1,Santegãos - Estrada Nova - Campainha,Rio Tinto,,41.1918227,-8.5500626,bj,good,False,True,27,True,https://www.idealista.pt/imovel/34665893/,3,6.926273713239831,22.666666666666668,280024.0,0.3333333333333333,0
34433836,850000.0,259.0,3282.0,3,3,Antas - Praça Velásquez,Bonfim,,41.1604735,-8.5977795,,good,False,,23,False,https://www.idealista.pt/imovel/34433836/,6,1.6335608002285666,64.75,850038.0,0.75,1
34632815,575000.0,150.0,3833.0,4,3,Antas - Praça Velásquez,Bonfim,,41.1667604,-8.5886766,,good,False,,20,False,https://www.idealista.pt/imovel/34632815/,6,2.665052006629837,30.0,574950.0,0.6,1
34632814,750000.0,185.0,4054.0,4,3,Antas - Praça Velásquez,Bonfim,,41.16694,-8.591421,,good,False,,21,False,https://www.idealista.pt/imovel/34632814/,6,2.5252667150168095,37.0,749990.0,0.6,1
34632813,575000.0,150.0,3833.0,4,3,Antas - Praça Velásquez,Bonfim,,41.1658922,-8.5886225,,good,False,,20,False,https://www.idealista.pt/imovel/34632813/,6,2.6000612137861108,30.0,574950.0,0.6,1
33254694,1250000.0,315.0,3968.0,4,5,Centro de Senhora da Hora,São Mamede de Infesta e Senhora da Hora,,41.1916108,-8.6596911,,good,False,,28,False,https://www.idealista.pt/imovel/33254694/,5,6.204862421650135,63.0,1249920.0,1.0,0
31941687,425000.0,70.0,6071.0,3,2,Baixa,Cedofeita - Santo Ildefonso - Sé - Miragaia - São Nicolau - Vitória,Santa Catarina,41.1507169,-8.6023018,1,good,False,False,18,False,https://www.idealista.pt/imovel/31941687/,6,0.7305474509583849,17.5,424970.0,0.5,1
34681671,390000.0,90.0,4333.0,2,2,Monte dos Burgos - Carvalhido,Paranhos,,41.1699597,-8.6200168,2,good,False,True,9,False,https://www.idealista.pt/imovel/34681671/,1,2.3890859311214685,30.0,389970.0,0.6666666666666666,1
33969608,230000.0,45.0,5111.0,1,1,Soares dos Reis - Rasa de Cima,Mafamude e Vilar do Paraíso,,41.1227222,-8.6082633,bj,,True,True,18,False,https://www.idealista.pt/empreendimento/33969608/,7,2.996821146750106,22.5,229995.0,0.5,1
33850608,475000.0,104.0,4567.0,2,3,Boavista,Cedofeita - Santo Ildefonso - Sé - Miragaia - São Nicolau - Vitória,Casa da Música,41.1569001,-8.6308312,,good,False,False,23,True,https://www.idealista.pt/imovel/33850608/,1,1.8556853647571334,34.666666666666664,474968.0,1.0,1
34682551,310000.0,83.0,3735.0,2,2,Baixa,Cedofeita - Santo Ildefonso - Sé - Miragaia - São Nicolau - Vitória,Cedofeita,41.1562062,-8.6245211,,good,False,False,29,False,https://www.idealista.pt/imovel/34682551/,1,1.3565291843417568,27.666666666666668,310005.0,0.6666666666666666,1
34495516,2300000.0,436.0,5275.0,7,7,Campo 24 de Agosto,Bonfim,,41.1496326,-8.5981311,,good,False,,41,False,https://www.idealista.pt/imovel/34495516/,6,1.0691345887025112,54.5,2299900.0,0.875,1
34673494,788000.0,145.0,5434.0,3,3,Matosinhos Sul - Marginal,Matosinhos e Leça da Palmeira,,41.1749303,-8.6825709,1,good,False,True,28,False,https://www.idealista.pt/imovel/34673494/,0,6.628017614304508,36.25,787930.0,0.75,0
34424489,785000.0,142.0,5528.0,3,2,Miragaia - Virtudes,Cedofeita - Santo Ildefonso - Sé - Miragaia - São Nicolau - Vitória,,41.1427622,-8.617057,2,good,False,False,26,False,https://www.idealista.pt/imovel/34424489/,1,0.9186340097243841,35.5,784976.0,0.5,1
34421462,2220000.0,398.0,5578.0,5,7,Parque da Cidade - Vilarinha - António Aroso,Aldoar - Foz do Douro - Nevogilde,,41.1655155,-8.6651791,,good,False,,40,False,https://www.idealista.pt/imovel/34421462/,0,4.876635654388123,66.33333333333333,2220044.0,1.1666666666666667,0
34501459,1550000.0,334.0,4641.0,4,6,Cooperativa dos Arquitectos - Fonte da Moura - Pedra Verde,Aldoar - Foz do Douro - Nevogilde,,41.175293,-8.6643025,,good,False,,27,False,https://www.idealista.pt/imovel/34501459/,0,5.305387617951693,66.8,1550094.0,1.2,0
34588386,455000.0,99.0,4596.0,3,3,Afurada - Arrábida - Cavaco,Santa Marinha e São Pedro da Afurada,,41.1401007,-8.6405379,5,newdevelopment,True,True,12,False,https://www.idealista.pt/empreendimento/34588386/,2,2.6971694141039655,24.75,455004.0,0.75,1
34588385,449000.0,99.0,4535.0,3,3,Afurada - Arrábida - Cavaco,Santa Marinha e São Pedro da Afurada,,41.1401007,-8.6405379,4,newdevelopment,True,True,12,False,https://www.idealista.pt/empreendimento/34588385/,2,2.6971694141039655,24.75,448965.0,0.75,1
34588383,382000.0,112.0,3411.0,2,2,Afurada - Arrábida - Cavaco,Santa Marinha e São Pedro da Afurada,,41.1401007,-8.6405379,1,newdevelopment,True,True,12,False,https://www.idealista.pt/empreendimento/34588383/,2,2.6971694141039655,37.333333333333336,382032.0,0.6666666666666666,1
33852382,700000.0,170.0,4118.0,4,3,Bessa - Foco,Ramalde,,41.1648975,-8.6423567,11,good,False,True,24,True,https://www.idealista.pt/imovel/33852382/,5,3.135110708797804,34.0,700060.0,0.6,0
34506375,215000.0,60.0,3583.0,1,2,Liceu - Paço do Rei,Mafamude e Vilar do Paraíso,,41.1239738,-8.6034411,1,good,False,True,16,True,https://www.idealista.pt/imovel/34506375/,7,2.917165801983081,30.0,214980.0,1.0,1
33502357,445000.0,159.0,2799.0,3,2,Amial,Paranhos,,41.1777809,-8.6194319,1,good,False,True,30,True,https://www.idealista.pt/imovel/33502357/,5,3.2139357979558936,39.75,445041.0,0.5,0
34550336,362500.0,177.0,2048.0,3,3,Leça do Balio,Custóias - Leça do Balio - Guifões,,41.203882,-8.6158528,,good,False,True,25,True,https://www.idealista.pt/imovel/34550336/,5,6.050100165519422,44.25,362496.0,0.75,0
34478328,440395.0,99.0,4448.0,2,2,Covelo - Monte de São João,Paranhos,,41.1625345,-8.6049974,6,good,False,True,21,False,https://www.idealista.pt/imovel/34478328/,6,1.520779407815424,33.0,440352.0,0.6666666666666666,1
34558296,390000.0,53.0,7358.0,1,1,Camões - Gonçalo Cristóvão - Faria Guimarães,Cedofeita - Santo Ildefonso - Sé - Miragaia - São Nicolau - Vitória,,41.1589878,-8.6098497,1,good,False,True,17,False,https://www.idealista.pt/imovel/34558296/,6,1.0475729102411666,26.5,389974.0,0.5,1
34648292,400000.0,101.0,3960.0,2,2,Matosinhos Sul - Marginal,Matosinhos e Leça da Palmeira,,41.1746156,-8.6829783,1,good,False,True,18,True,https://www.idealista.pt/imovel/34648292/,0,6.644192803354616,33.666666666666664,399960.0,0.6666666666666666,0
34206267,850000.0,248.0,3427.0,3,4,Foz Velha,Aldoar - Foz do Douro - Nevogilde,,41.1536889,-8.677698,bj,good,False,True,39,True,https://www.idealista.pt/imovel/34206267/,0,5.611213560719101,62.0,849896.0,1.0,0
33968245,350000.0,60.0,5833.0,1,1,Baixa,Cedofeita - Santo Ildefonso - Sé - Miragaia - São Nicolau - Vitória,Santa Catarina,41.153659,-8.6061226,5,good,False,True,22,True,https://www.idealista.pt/imovel/33968245/,6,0.6030788174099703,30.0,349980.0,0.5,1
34562240,775000.0,246.0,3150.0,4,4,Serralves,Lordelo do Ouro e Massarelos,,41.1591996,-8.6503492,5,good,False,True,44,True,https://www.idealista.pt/imovel/34562240/,0,3.4710113036732486,49.2,774900.0,0.8,0
34642233,305800.0,87.0,3515.0,2,2,Liceu - Paço do Rei,Mafamude e Vilar do Paraíso,,41.1265746,-8.6007565,1,good,False,True,38,False,https://www.idealista.pt/imovel/34642233/,7,2.697545140398488,29.0,305805.0,0.6666666666666666,1
34117234,990000.0,166.0,5964.0,3,4,Centro de São Mamede de Infesta - Laranjeiras,São Mamede de Infesta e Senhora da Hora,,41.193044,-8.6081571,,good,False,True,57,True,https://www.idealista.pt/imovel/34117234/,5,4.836204887376363,41.5,990024.0,1.0,0
34658176,265000.0,93.0,2849.0,2,2,Areosa - Fernão de Magalhães,Paranhos,,41.1751297,-8.5865435,1,renew,False,True,30,True,https://www.idealista.pt/imovel/34658176/,3,3.495132936813118,31.0,264957.0,0.6666666666666666,0
34512156,440000.0,157.0,2803.0,3,3,Coimbrões,Santa Marinha e São Pedro da Afurada,,41.1224872,-8.6304978,3,good,False,True,41,False,https://www.idealista.pt/imovel/34512156/,7,3.4325997933349646,39.25,440071.0,0.75,0
33166157,1100000.0,219.0,5023.0,4,5,Serralves,Lordelo do Ouro e Massarelos,,41.1631572,-8.6590979,1,good,False,True,26,False,https://www.idealista.pt/imovel/33166157/,0,4.307547914224991,43.8,1100037.0,1.0,0
34635134,220000.0,50.0,4400.0,0,1,Areosa - Fernão de Magalhães,Paranhos,,41.1799716,-8.5832109,,good,False,True,21,False,https://www.idealista.pt/imovel/34635134/,3,4.0960561480078805,50.0,220000.0,1.0,0
34456114,279000.0,73.0,3822.0,3,2,Cooperativa dos Arquitectos - Fonte da Moura - Pedra Verde,Aldoar - Foz do Douro - Nevogilde,,41.1728922,-8.6674558,,good,False,False,25,True,https://www.idealista.pt/imovel/34456114/,0,5.396637987987791,18.25,279006.0,0.5,0
34537094,597000.0,145.0,4117.0,3,3,Antas - Praça Velásquez,Bonfim,,41.1616469,-8.592816,1,good,False,True,34,False,https://www.idealista.pt/imovel/34537094/,6,2.0215480425580483,36.25,596965.0,0.75,1
34219963,875000.0,238.0,3676.0,3,3,Parque da Cidade - Vilarinha - António Aroso,Aldoar - Foz do Douro - Nevogilde,,41.1653176,-8.6626603,2,good,False,True,35,True,https://www.idealista.pt/imovel/34219963/,0,4.672495872535036,59.5,874888.0,0.75,0
34588959,890000.0,258.0,3450.0,4,4,Aviz - Cristo Rei,Aldoar - Foz do Douro - Nevogilde,,41.1624181,-8.6658915,11,good,False,True,27,False,https://www.idealista.pt/imovel/34588959/,0,4.819518709371766,51.6,890100.0,0.8,0
34537955,425000.0,190.0,2237.0,4,3,Matosinhos Sul - Marginal,Matosinhos e Leça da Palmeira,,41.1719444,-8.679411,,good,False,True,40,False,https://www.idealista.pt/imovel/34537955/,0,6.250426257539083,38.0,425030.0,0.6,0
33952937,440000.0,138.0,3188.0,2,2,Covelo - Monte de São João,Paranhos,,41.1620405,-8.6049406,6,good,False,True,31,True,https://www.idealista.pt/imovel/33952937/,6,1.470545702310744,46.0,439944.0,0.6666666666666666,1
34643929,885000.0,130.0,6808.0,4,3,Parque da Cidade - Vilarinha - António Aroso,Aldoar - Foz do Douro - Nevogilde,,41.1689316,-8.6679076,,good,False,,7,False,https://www.idealista.pt/imovel/34643929/,0,5.234248431682718,26.0,885040.0,0.6,0
34354915,450000.0,159.0,2830.0,3,3,Pedra Verde,São Mamede de Infesta e Senhora da Hora,,41.1936013,-8.6192937,1,,True,True,20,False,https://www.idealista.pt/empreendimento/34354915/,5,4.942905434413556,39.75,449970.0,0.75,0
34182908,445000.0,160.0,2781.0,3,2,Amial,Paranhos,,41.1772438,-8.6195917,1,good,False,False,31,True,https://www.idealista.pt/imovel/34182908/,5,3.1587893374476215,40.0,444960.0,0.5,0
32256908,650000.0,162.0,4012.0,3,3,Fontaínhas - Duques,Bonfim,,41.1442412,-8.6000001,,good,False,,22,False,https://www.idealista.pt/imovel/32256908/,6,1.0899727959208556,40.5,649944.0,0.75,1
34354903,395000.0,144.0,2743.0,2,2,Pedra Verde,São Mamede de Infesta e Senhora da Hora,,41.1936013,-8.6192937,3,,True,True,20,False,https://www.idealista.pt/empreendimento/34354903/,5,4.942905434413556,48.0,394992.0,0.6666666666666666,0
34354898,265000.0,87.0,3046.0,1,1,Pedra Verde,São Mamede de Infesta e Senhora da Hora,,41.1936013,-8.6192937,1,,True,True,20,False,https://www.idealista.pt/empreendimento/34354898/,5,4.942905434413556,43.5,265002.0,0.5,0
34276865,400000.0,149.0,2685.0,3,3,Custóias,Custóias - Leça do Balio - Guifões,,41.1939733,-8.6459849,3,newdevelopment,True,True,15,False,https://www.idealista.pt/empreendimento/34276865/,5,5.741865296304274,37.25,400065.0,0.75,0
34692850,239900.0,58.0,4136.0,1,1,Monte dos Burgos - Carvalhido,Paranhos,,41.1705934,-8.6178376,,good,False,True,16,False,https://www.idealista.pt/imovel/34692850/,1,2.4055242896222064,29.0,239888.0,0.5,1
34276836,355000.0,143.0,2483.0,3,3,Custóias,Custóias - Leça do Balio - Guifões,,41.1939733,-8.6459849,bj,newdevelopment,True,True,15,False,https://www.idealista.pt/empreendimento/34276836/,5,5.741865296304274,35.75,355069.0,0.75,0
34628834,925000.0,134.0,6903.0,3,3,Aviz - Cristo Rei,Aldoar - Foz do Douro - Nevogilde,,41.1631916,-8.6698603,1,good,False,True,9,False,https://www.idealista.pt/imovel/34628834/,0,5.162361006920376,33.5,925002.0,0.75,0
34573833,345000.0,117.0,2949.0,2,2,Câmara de Gaia - Aviadores - Quinta das Pedras,Mafamude e Vilar do Paraíso,,41.1277031,-8.6081065,1,good,False,True,12,False,https://www.idealista.pt/imovel/34573833/,7,2.4460365984892336,39.0,345033.0,0.6666666666666666,1
34532755,1100000.0,345.0,3188.0,4,4,Boavista,Cedofeita - Santo Ildefonso - Sé - Miragaia - São Nicolau - Vitória,Júlio Dinis - Hospital Militar,41.1583969,-8.6247208,7,good,False,True,19,False,https://www.idealista.pt/imovel/34532755/,1,1.5151758213501043,69.0,1099860.0,0.8,1
31455749,725000.0,175.0,4143.0,3,2,Centro Histórico,Santa Marinha e São Pedro da Afurada,,41.1439412,-8.6253757,,good,False,,19,False,https://www.idealista.pt/imovel/31455749/,1,1.3656837289513672,43.75,725025.0,0.5,1
34256724,1420000.0,375.0,3787.0,4,3,Serralves,Lordelo do Ouro e Massarelos,,41.1568534,-8.6637084,,good,False,,41,False,https://www.idealista.pt/imovel/34256724/,0,4.494318368523562,75.0,1420125.0,0.6,0
33564682,630000.0,130.0,4846.0,3,3,Coimbrões,Santa Marinha e São Pedro da Afurada,,41.1286885,-8.6361252,,good,False,,20,False,https://www.idealista.pt/imovel/33564682/,2,3.141515598780319,32.5,629980.0,0.75,0
34611610,299000.0,85.0,3518.0,3,1,Monte dos Burgos - Carvalhido,Paranhos,,41.1677196,-8.6210771,2,good,False,False,22,False,https://www.idealista.pt/imovel/34611610/,1,2.187545824254964,21.25,299030.0,0.25,1
34241610,1000000.0,544.0,1838.0,6,6,Carreira - Cidade Jovem - Venda Nova,Rio Tinto,,41.1721032,-8.5483463,,good,False,,80,False,https://www.idealista.pt/imovel/34241610/,3,5.803782663873037,77.71428571428571,999872.0,0.8571428571428571,0
34551597,334000.0,85.0,3929.0,2,2,Antas - Estádio do Dragão,Campanhã,,41.1563328,-8.5910356,,newdevelopment,True,True,21,False,https://www.idealista.pt/empreendimento/34551597/,6,1.823876934572563,28.333333333333332,333965.0,0.6666666666666666,1
34551589,466000.0,120.0,3883.0,3,3,Antas - Estádio do Dragão,Campanhã,,41.1563328,-8.5910356,,newdevelopment,True,True,23,False,https://www.idealista.pt/empreendimento/34551589/,6,1.823876934572563,30.0,465960.0,0.75,1
33952576,623000.0,149.0,4181.0,4,4,Antas - Estádio do Dragão,Campanhã,,41.1563328,-8.5910356,,newdevelopment,True,True,23,False,https://www.idealista.pt/empreendimento/33952576/,6,1.823876934572563,29.8,622969.0,0.8,1
34096568,298000.0,56.0,5321.0,0,1,Boavista,Cedofeita - Santo Ildefonso - Sé - Miragaia - São Nicolau - Vitória,Casa da Música,41.1594867,-8.6280731,,good,False,False,25,False,https://www.idealista.pt/imovel/34096568/,1,1.8099126649624686,56.0,297976.0,1.0,1
33891535,1490000.0,314.0,4745.0,4,5,Foz Velha,Aldoar - Foz do Douro - Nevogilde,,41.1493602,-8.6684367,,good,False,True,30,False,https://www.idealista.pt/imovel/33891535/,0,4.817579547194819,62.8,1489930.0,1.0,0
33359513,329000.0,59.0,5576.0,1,1,Baixa,Cedofeita - Santo Ildefonso - Sé - Miragaia - São Nicolau - Vitória,Cedofeita,41.1532701,-8.6194052,,good,False,,20,False,https://www.idealista.pt/imovel/33359513/,1,0.8207603795612896,29.5,328984.0,0.5,1
31482441,899000.0,191.0,4707.0,4,4,Matosinhos Sul - Marginal,Matosinhos e Leça da Palmeira,,41.1752912,-8.6866299,10,good,False,True,19,True,https://www.idealista.pt/imovel/31482441/,0,6.9534787681482,38.2,899037.0,0.8,0
34566394,456000.0,258.0,1767.0,2,2,Baixa,Cedofeita - Santo Ildefonso - Sé - Miragaia - São Nicolau - Vitória,Santa Catarina,41.1555153,-8.6051693,3,good,False,False,28,False,https://www.idealista.pt/imovel/34566394/,6,0.8141556871279078,86.0,455886.0,0.6666666666666666,1
34425353,455000.0,121.0,3760.0,4,3,Estação,Campanhã,,41.1556159,-8.585388,,newdevelopment,True,True,21,False,https://www.idealista.pt/empreendimento/34425353/,6,2.2382962325923303,24.2,454960.0,0.6,1
34425332,435000.0,88.0,4943.0,3,3,Estação,Campanhã,,41.1556159,-8.585388,,newdevelopment,True,True,21,False,https://www.idealista.pt/empreendimento/34425332/,6,2.2382962325923303,22.0,434984.0,0.75,1
34425300,334000.0,85.0,3929.0,2,2,Estação,Campanhã,,41.1556159,-8.585388,,newdevelopment,True,True,21,False,https://www.idealista.pt/empreendimento/34425300/,6,2.2382962325923303,28.333333333333332,333965.0,0.6666666666666666,1
34624279,900000.0,217.0,4147.0,3,3,Centro de São Mamede de Infesta - Laranjeiras,São Mamede de Infesta e Senhora da Hora,,41.1932548,-8.6074385,,renew,False,True,33,False,https://www.idealista.pt/imovel/34624279/,5,4.862831196411829,54.25,899899.0,0.75,0
34521235,275000.0,151.0,1821.0,2,1,Valbom,São Cosme - Valbom - Jovim,,41.1420764,-8.552777,,good,False,,30,False,https://www.idealista.pt/imovel/34521235/,4,4.938245249034284,50.333333333333336,274971.0,0.3333333333333333,0
34597204,365000.0,128.0,2852.0,2,3,Fernão Magalhães - Joaquim Urbano,Bonfim,,41.1573181,-8.5954554,bj,good,False,True,26,False,https://www.idealista.pt/imovel/34597204/,6,1.551967601129538,42.666666666666664,365056.0,1.0,1
34682182,410000.0,139.0,2950.0,3,3,Centro,Oliveira do Douro,,41.125801,-8.5845603,1,good,False,True,20,False,https://www.idealista.pt/imovel/34682182/,4,3.445084270757197,34.75,410050.0,0.75,0
34568178,450000.0,109.0,4128.0,6,0,Areosa - Fernão de Magalhães,Paranhos,,41.1787943,-8.5768368,,renew,False,,16,False,https://www.idealista.pt/imovel/34568178/,3,4.3207566554629215,15.571428571428571,449952.0,0.0,0
34551097,660000.0,157.0,4204.0,3,3,Boavista,Cedofeita - Santo Ildefonso - Sé - Miragaia - São Nicolau - Vitória,Júlio Dinis - Hospital Militar,41.1571358,-8.6265734,2,good,False,True,20,False,https://www.idealista.pt/imovel/34551097/,1,1.5569629577089947,39.25,660028.0,0.75,1
34354079,575000.0,105.0,5476.0,2,2,Lavadores,Canidelo,,41.1351368,-8.6679422,3,good,False,True,29,True,https://www.idealista.pt/imovel/34354079/,2,5.04009057197782,35.0,574980.0,0.6666666666666666,0
33675049,490000.0,258.0,1899.0,4,4,Centro,Madalena,,41.1105642,-8.6495202,,good,False,True,54,True,https://www.idealista.pt/imovel/33675049/,2,5.413250450943562,51.6,489942.0,0.8,0
34003030,335000.0,78.0,4295.0,2,1,Camões - Gonçalo Cristóvão - Faria Guimarães,Cedofeita - Santo Ildefonso - Sé - Miragaia - São Nicolau - Vitória,,41.154968,-8.6118621,,good,False,False,34,True,https://www.idealista.pt/imovel/34003030/,1,0.6023052276257964,26.0,335010.0,0.3333333333333333,1
34670987,2200000.0,389.0,5656.0,4,4,Sampaio-Alumiara-Verdinho,Canidelo,,41.1404937,-8.6536635,6,good,False,True,29,True,https://www.idealista.pt/imovel/34670987/,2,3.7212129454767693,77.8,2200184.0,0.8,0
34653927,400000.0,178.0,2247.0,3,1,Vilar do Paraíso - Junqueira - São Caetano,Mafamude e Vilar do Paraíso,,41.0946697,-8.616232,,renew,False,,14,False,https://www.idealista.pt/imovel/34653927/,7,6.124278297813918,44.5,399966.0,0.25,0
34660903,277500.0,67.0,4142.0,1,1,Barranha - Vasco da Gama,São Mamede de Infesta e Senhora da Hora,,41.1867795,-8.6635706,2,newdevelopment,True,True,16,False,https://www.idealista.pt/empreendimento/34660903/,0,6.0439224027506,33.5,277514.0,0.5,0
34660900,272500.0,68.0,4007.0,1,1,Barranha - Vasco da Gama,São Mamede de Infesta e Senhora da Hora,,41.1879359,-8.6665198,2,newdevelopment,True,True,16,False,https://www.idealista.pt/empreendimento/34660900/,0,6.312371632998618,34.0,272476.0,0.5,0
34660862,267500.0,68.0,3934.0,1,1,Barranha - Vasco da Gama,São Mamede de Infesta e Senhora da Hora,,41.1863248,-8.6671582,1,newdevelopment,True,True,16,False,https://www.idealista.pt/empreendimento/34660862/,0,6.233119875827943,34.0,267512.0,0.5,0
34303809,275000.0,39.0,7051.0,0,1,Baixa,Cedofeita - Santo Ildefonso - Sé - Miragaia - São Nicolau - Vitória,Cedofeita,41.1519975,-8.6157386,2,good,False,False,26,False,https://www.idealista.pt/imovel/34303809/,1,0.4849699312543446,39.0,274989.0,1.0,1
34678802,1850000.0,317.0,5836.0,5,4,Paniceiro-Viso-Meiral,Canidelo,,41.1229548,-8.6464606,4,good,False,True,26,False,https://www.idealista.pt/imovel/34678802/,2,4.200845771760437,52.833333333333336,1850012.0,0.6666666666666666,0
34681730,333500.0,99.0,3369.0,2,1,Sampaio-Alumiara-Verdinho,Canidelo,,41.1329467,-8.638199,bj,newdevelopment,True,True,19,False,https://www.idealista.pt/empreendimento/34681730/,2,2.94191641744147,33.0,333531.0,0.3333333333333333,1
34484695,550000.0,105.0,5238.0,2,2,Lavadores,Canidelo,,41.1356045,-8.6702736,1,good,False,True,29,False,https://www.idealista.pt/imovel/34484695/,2,5.209696308469319,35.0,549990.0,0.6666666666666666,0
34698654,250000.0,35.0,7143.0,1,1,Baixa,Cedofeita - Santo Ildefonso - Sé - Miragaia - São Nicolau - Vitória,Batalha - Poveiros,41.145847,-8.6053099,3,good,False,True,20,False,https://www.idealista.pt/imovel/34698654/,6,0.6270874354153836,17.5,250005.0,0.5,1
33507646,370000.0,67.0,5522.0,2,2,Santos Pousada,Bonfim,,41.1556264,-8.6004158,1,newdevelopment,True,True,13,False,https://www.idealista.pt/empreendimento/33507646/,6,1.1043371055062396,22.333333333333332,369974.0,0.6666666666666666,1
34504598,377376.0,90.0,4193.0,2,2,Antas - Estádio do Dragão,Campanhã,,41.1598184,-8.5836332,3,good,False,True,28,False,https://www.idealista.pt/imovel/34504598/,6,2.5499841661051423,30.0,377370.0,0.6666666666666666,1
33507579,340000.0,60.0,5667.0,1,1,Santos Pousada,Bonfim,,41.1556264,-8.6004158,3,newdevelopment,True,True,13,False,https://www.idealista.pt/empreendimento/33507579/,6,1.1043371055062396,30.0,340020.0,0.5,1
34272575,295000.0,79.0,3734.0,2,2,Sampaio-Alumiara-Verdinho,Canidelo,,41.1346559,-8.6439868,2,newdevelopment,True,True,24,True,https://www.idealista.pt/empreendimento/34272575/,2,3.2307495941209994,26.333333333333332,294986.0,0.6666666666666666,0
33507573,350000.0,71.0,4930.0,1,2,Santos Pousada,Bonfim,,41.1556264,-8.6004158,bj,newdevelopment,True,True,13,False,https://www.idealista.pt/empreendimento/33507573/,6,1.1043371055062396,35.5,350030.0,1.0,1
34588545,788000.0,170.0,4635.0,3,3,Matosinhos Sul - Marginal,Matosinhos e Leça da Palmeira,,41.1739556,-8.6845143,4,good,False,True,26,False,https://www.idealista.pt/imovel/34588545/,0,6.731347694614233,42.5,787950.0,0.75,0
34002490,270000.0,48.0,5625.0,0,1,Baixa,Cedofeita - Santo Ildefonso - Sé - Miragaia - São Nicolau - Vitória,Aliados - Clérigos - Carlos Alberto,41.1475929,-8.6178305,4,good,False,True,22,True,https://www.idealista.pt/imovel/34002490/,1,0.621731120795468,48.0,270000.0,1.0,1
34507483,310000.0,90.0,3444.0,2,2,Camões - Gonçalo Cristóvão - Faria Guimarães,Cedofeita - Santo Ildefonso - Sé - Miragaia - São Nicolau - Vitória,,41.1609978,-8.6110662,bj,good,False,False,47,True,https://www.idealista.pt/imovel/34507483/,1,1.2674539168085404,30.0,309960.0,0.6666666666666666,1
34629442,695000.0,195.0,3564.0,4,3,Boavista,Cedofeita - Santo Ildefonso - Sé - Miragaia - São Nicolau - Vitória,Casa da Música,41.157375,-8.6277715,,good,False,,22,False,https://www.idealista.pt/imovel/34629442/,1,1.6561200326759022,39.0,694980.0,0.6,1
34629368,275000.0,51.0,5392.0,1,1,Campo 24 de Agosto,Bonfim,,41.1492123,-8.595303,2,good,False,False,13,False,https://www.idealista.pt/imovel/34629368/,6,1.3066382508046444,25.5,274992.0,0.5,1
34645360,425000.0,197.0,2157.0,3,3,Monte de Burgos - Padrão da Légua,São Mamede de Infesta e Senhora da Hora,,41.1798292,-8.6267548,,good,False,,27,False,https://www.idealista.pt/imovel/34645360/,5,3.613866340399294,49.25,424929.0,0.75,0
34357252,505000.0,94.0,5372.0,2,2,Palácio de Cristal - Galiza - Vilar,Lordelo do Ouro e Massarelos,,41.1526796,-8.6223678,2,newdevelopment,True,True,38,False,https://www.idealista.pt/empreendimento/34357252/,1,1.019402513874294,31.333333333333332,504968.0,0.6666666666666666,1
34357238,525000.0,94.0,5585.0,2,2,Palácio de Cristal - Galiza - Vilar,Lordelo do Ouro e Massarelos,,41.1526796,-8.6223678,4,newdevelopment,True,True,38,False,https://www.idealista.pt/empreendimento/34357238/,1,1.019402513874294,31.333333333333332,524990.0,0.6666666666666666,1
33893214,547750.0,124.0,4417.0,3,3,Monte dos Burgos - Carvalhido,Paranhos,,41.1683248,-8.6200003,4,newdevelopment,True,True,22,False,https://www.idealista.pt/empreendimento/33893214/,1,2.2171083053570184,31.0,547708.0,0.75,1
33893213,524000.0,124.0,4226.0,3,3,Monte dos Burgos - Carvalhido,Paranhos,,41.1683248,-8.6200003,3,newdevelopment,True,True,22,False,https://www.idealista.pt/empreendimento/33893213/,1,2.2171083053570184,31.0,524024.0,0.75,1
34682206,645000.0,193.0,3342.0,4,3,Bessa Leite,Lordelo do Ouro e Massarelos,,41.163293,-8.6397992,,good,False,True,19,False,https://www.idealista.pt/imovel/34682206/,1,2.8586768905630637,38.6,645006.0,0.6,1
34639144,260000.0,104.0,2500.0,2,2,Carvalha - Portelinha,Fânzeres e São Pedro da Cova,,41.1626197,-8.5398838,bj,newdevelopment,True,True,12,False,https://www.idealista.pt/empreendimento/34639144/,4,6.119253990877772,34.666666666666664,260000.0,0.6666666666666666,0
34398098,788000.0,145.0,5434.0,3,3,Matosinhos Sul - Marginal,Matosinhos e Leça da Palmeira,,41.1745042,-8.6842117,1,good,False,True,30,False,https://www.idealista.pt/imovel/34398098/,0,6.732999787098802,36.25,787930.0,0.75,0
33987029,285000.0,77.0,3701.0,2,2,Lapa - Bouça,Cedofeita - Santo Ildefonso - Sé - Miragaia - São Nicolau - Vitória,,41.1596844,-8.6151587,,good,False,,23,False,https://www.idealista.pt/imovel/33987029/,1,1.1766554028732519,25.666666666666668,284977.0,0.6666666666666666,1
34512021,410000.0,71.0,5775.0,1,1,Palácio de Cristal - Galiza - Vilar,Lordelo do Ouro e Massarelos,,41.1526796,-8.6223678,2,,True,True,38,False,https://www.idealista.pt/empreendimento/34512021/,1,1.019402513874294,35.5,410025.0,0.5,1
33969946,385000.0,120.0,3208.0,3,2,Covelo - Monte de São João,Paranhos,,41.1650049,-8.609203,1,good,False,True,39,False,https://www.idealista.pt/imovel/33969946/,6,1.7188283300139202,30.0,384960.0,0.5,1
34606912,688000.0,127.0,5417.0,3,3,Lavadores,Canidelo,,41.1325761,-8.6702575,1,good,False,True,24,False,https://www.idealista.pt/imovel/34606912/,2,5.318849987031254,31.75,687959.0,0.75,0
34633861,545000.0,131.0,4160.0,3,2,Aviz - Cristo Rei,Aldoar - Foz do Douro - Nevogilde,,41.1594571,-8.6728844,,good,False,True,15,False,https://www.idealista.pt/imovel/34633861/,0,5.303993537926819,32.75,544960.0,0.5,0
33783835,2100000.0,511.0,4110.0,4,7,Monte da Virgem - São Tiago,Oliveira do Douro,,41.1076633,-8.5937828,,good,False,,30,True,https://www.idealista.pt/imovel/33783835/,7,4.8785602993448975,102.2,2100210.0,1.4,0
33364820,875000.0,266.0,3289.0,5,5,Praia,Madalena,,41.1041948,-8.6593985,2,good,False,True,45,False,https://www.idealista.pt/imovel/33364820/,2,6.480097203982386,44.333333333333336,874874.0,0.8333333333333334,0
34692801,255000.0,59.0,4322.0,1,1,Estação,Campanhã,,41.1555777,-8.5855726,2,newdevelopment,True,True,48,False,https://www.idealista.pt/empreendimento/34692801/,6,2.2222781288758915,29.5,254998.0,0.5,1
34692800,237000.0,52.0,4558.0,1,1,Estação,Campanhã,,41.1555777,-8.5855726,1,newdevelopment,True,True,48,False,https://www.idealista.pt/empreendimento/34692800/,6,2.2222781288758915,26.0,237016.0,0.5,1
34020797,440000.0,126.0,3492.0,3,2,Centro Histórico,Cedofeita - Santo Ildefonso - Sé - Miragaia - São Nicolau - Vitória,Rua das Flores - Mouzinho,41.1428703,-8.6128072,2,good,False,False,28,True,https://www.idealista.pt/imovel/34020797/,1,0.7651591578987218,31.5,439992.0,0.5,1
34636782,280000.0,65.0,4308.0,1,1,Matosinhos Sul - Marginal,Matosinhos e Leça da Palmeira,,41.1787555,-8.6806906,9,good,False,True,20,False,https://www.idealista.pt/imovel/34636782/,0,6.6814342225940075,32.5,280020.0,0.5,0
34692743,360000.0,86.0,4186.0,2,2,Estação,Campanhã,,41.1555777,-8.5855726,1,newdevelopment,True,True,48,False,https://www.idealista.pt/empreendimento/34692743/,6,2.2222781288758915,28.666666666666668,359996.0,0.6666666666666666,1
34259697,280000.0,60.0,4667.0,0,1,Lavadores,Canidelo,,41.1310502,-8.6678997,bj,newdevelopment,True,True,15,False,https://www.idealista.pt/empreendimento/34259697/,2,5.199810277024501,60.0,280020.0,1.0,0
34664691,395000.0,129.0,3062.0,2,2,Pedra Verde,São Mamede de Infesta e Senhora da Hora,,41.1922096,-8.6180148,1,,True,True,22,False,https://www.idealista.pt/empreendimento/34664691/,5,4.775250698623879,43.0,394998.0,0.6666666666666666,0
34312666,799000.0,253.0,3158.0,4,3,Afurada - Arrábida - Cavaco,Santa Marinha e São Pedro da Afurada,,41.1414599,-8.6420602,9,good,False,True,48,False,https://www.idealista.pt/imovel/34312666/,2,2.761717576016542,50.6,798974.0,0.6,1
34664654,500000.0,196.0,2551.0,3,3,Pedra Verde,São Mamede de Infesta e Senhora da Hora,,41.1922096,-8.6180148,bj,,True,True,22,False,https://www.idealista.pt/empreendimento/34664654/,5,4.775250698623879,49.0,499996.0,0.75,0
34565644,248000.0,47.0,5277.0,1,1,Gervide,Oliveira do Douro,,41.1236011,-8.5894751,1,newdevelopment,True,True,13,False,https://www.idealista.pt/empreendimento/34565644/,7,3.4024810456165118,23.5,248019.0,0.5,0
34182620,465000.0,150.0,3100.0,3,2,ESMAE - Doze Casas,Bonfim,,41.1553691,-8.6011326,4,good,False,True,25,False,https://www.idealista.pt/imovel/34182620/,6,1.0393647892845361,37.5,465000.0,0.5,1
34150617,449000.0,185.0,2427.0,3,3,Pedra Verde,São Mamede de Infesta e Senhora da Hora,,41.1913974,-8.6141343,,good,False,,49,False,https://www.idealista.pt/imovel/34150617/,5,4.655536617702568,46.25,448995.0,0.75,0
34645609,220000.0,62.0,3548.0,0,1,Liceu - Paço do Rei,Mafamude e Vilar do Paraíso,,41.1207043,-8.6048449,4,good,False,True,26,True,https://www.idealista.pt/imovel/34645609/,7,3.2528255796884453,62.0,219976.0,1.0,0
34565607,260000.0,86.0,3023.0,2,2,Gervide,Oliveira do Douro,,41.1236011,-8.5894751,bj,newdevelopment,True,True,13,False,https://www.idealista.pt/empreendimento/34565607/,7,3.4024810456165118,28.666666666666668,259978.0,0.6666666666666666,0
34565603,210000.0,64.0,3281.0,1,2,Gervide,Oliveira do Douro,,41.1236011,-8.5894751,bj,newdevelopment,True,True,13,False,https://www.idealista.pt/empreendimento/34565603/,7,3.4024810456165118,32.0,209984.0,1.0,0
34603572,960000.0,233.0,4120.0,2,3,Miragaia - Virtudes,Cedofeita - Santo Ildefonso - Sé - Miragaia - São Nicolau - Vitória,,41.1470834,-8.6215653,bj,good,False,True,21,False,https://www.idealista.pt/imovel/34603572/,1,0.935830812236385,77.66666666666667,959960.0,1.0,1
32037573,470000.0,182.0,2582.0,3,3,Lavadores,Canidelo,,41.1302634,-8.6682725,bj,good,False,True,29,True,https://www.idealista.pt/imovel/32037573/,2,5.263636810511042,45.5,469924.0,0.75,0
34308570,318000.0,82.0,3878.0,2,2,Baixa,Cedofeita - Santo Ildefonso - Sé - Miragaia - São Nicolau - Vitória,Batalha - Poveiros,41.1458612,-8.6036174,2,good,False,False,36,True,https://www.idealista.pt/imovel/34308570/,6,0.7380185939151016,27.333333333333332,317996.0,0.6666666666666666,1
34477548,980000.0,133.0,7368.0,3,3,Lavadores,Canidelo,,41.1333827,-8.6681848,3,good,False,True,23,True,https://www.idealista.pt/imovel/34477548/,2,5.124745882844968,33.25,979944.0,0.75,0
34665490,265000.0,72.0,3681.0,1,1,São Roque da Lameira,Campanhã,,41.1631293,-8.5762855,5,good,False,True,23,False,https://www.idealista.pt/imovel/34665490/,3,3.2651581869122674,36.0,265032.0,0.5,0
34665443,900000.0,340.0,2647.0,3,4,Serralves,Lordelo do Ouro e Massarelos,,41.1612723,-8.6517766,,good,False,,39,False,https://www.idealista.pt/imovel/34665443/,0,3.6601076284724487,85.0,899980.0,1.0,0
34603442,430000.0,137.0,3139.0,3,4,Campo 24 de Agosto,Bonfim,,41.1509091,-8.5957456,,good,False,,39,False,https://www.idealista.pt/imovel/34603442/,6,1.2771743266986144,34.25,430043.0,1.0,1
34569421,385000.0,71.0,5423.0,2,2,Baixa,Cedofeita - Santo Ildefonso - Sé - Miragaia - São Nicolau - Vitória,Bairro das Artes,41.1508766,-8.6182391,,good,False,False,11,False,https://www.idealista.pt/imovel/34569421/,1,0.6306731569381662,23.666666666666668,385033.0,0.6666666666666666,1
34647415,330000.0,101.0,3267.0,3,2,São Roque da Lameira,Campanhã,,41.1657679,-8.5707599,bj,good,False,False,39,False,https://www.idealista.pt/imovel/34647415/,3,3.811151165820094,25.25,329967.0,0.5,0
34647370,290000.0,58.0,5000.0,2,1,Camões - Gonçalo Cristóvão - Faria Guimarães,Cedofeita - Santo Ildefonso - Sé - Miragaia - São Nicolau - Vitória,,41.1546862,-8.6089409,2,good,False,False,25,False,https://www.idealista.pt/imovel/34647370/,6,0.5888655812692091,19.333333333333332,290000.0,0.3333333333333333,1
34561286,235000.0,42.0,5595.0,1,1,Fernão Magalhães - Joaquim Urbano,Bonfim,,41.1576903,-8.596004,bj,good,False,False,13,False,https://www.idealista.pt/imovel/34561286/,6,1.5377479392034756,21.0,234990.0,0.5,1
34262263,215000.0,45.0,4778.0,1,1,Soares dos Reis - Rasa de Cima,Mafamude e Vilar do Paraíso,,41.1199872,-8.6082399,5,newdevelopment,True,True,16,True,https://www.idealista.pt/empreendimento/34262263/,7,3.300320687380197,22.5,215010.0,0.5,0
34231219,749000.0,270.0,2774.0,4,4,Arca d'Água - Campo Lindo - Vale Formoso,Paranhos,,41.172731,-8.6168618,,good,False,,35,True,https://www.idealista.pt/imovel/34231219/,1,2.620024698753682,54.0,748980.0,0.8,1
34367071,350000.0,64.0,5469.0,2,1,Arca d'Água - Campo Lindo - Vale Formoso,Paranhos,,41.1722447,-8.6153934,5,good,False,True,22,True,https://www.idealista.pt/imovel/34367071/,1,2.545918464173963,21.333333333333332,350016.0,0.3333333333333333,1
34643996,635000.0,138.0,4601.0,3,3,Santos Pousada,Bonfim,,41.1568048,-8.6009671,,good,False,,38,True,https://www.idealista.pt/imovel/34643996/,6,1.1547400951554654,34.5,634938.0,0.75,1
34665961,1250000.0,365.0,3425.0,4,5,Salgueiros,Canidelo,,41.118489,-8.6581213,,good,False,,56,True,https://www.idealista.pt/imovel/34665961/,2,5.254262959413113,73.0,1250125.0,1.0,0
34661059,305000.0,74.0,4122.0,1,1,Ouro - Condominhas,Lordelo do Ouro e Massarelos,,41.1475948,-8.6496565,1,good,False,False,59,True,https://www.idealista.pt/imovel/34661059/,2,3.2527480423755106,37.0,305028.0,0.5,0
34596927,395000.0,119.0,3319.0,2,2,Constituição,Cedofeita - Santo Ildefonso - Sé - Miragaia - São Nicolau - Vitória,,41.1620693,-8.6143742,1,good,False,True,18,False,https://www.idealista.pt/imovel/34596927/,1,1.4167030856569691,39.666666666666664,394961.0,0.6666666666666666,1
34640919,259000.0,120.0,2158.0,3,2,São Cosme,São Cosme - Valbom - Jovim,Cimo da Serra - Bouça das Almas - Taralhão,41.1471143,-8.5313007,,good,False,,40,False,https://www.idealista.pt/imovel/34640919/,4,6.67063384069465,30.0,258960.0,0.5,0
34062920,380000.0,160.0,2375.0,4,3,Leça do Balio,Custóias - Leça do Balio - Guifões,,41.2040283,-8.6149585,1,good,False,True,13,False,https://www.idealista.pt/imovel/34062920/,5,6.0616753211113785,32.0,380000.0,0.6,0
34611793,250000.0,69.0,3623.0,1,1,Antas - Praça Velásquez,Bonfim,,41.1603225,-8.5924363,,newdevelopment,True,True,9,False,https://www.idealista.pt/empreendimento/34611793/,6,1.9522084950778176,34.5,249987.0,0.5,1
34636731,465000.0,220.0,2114.0,1,2,Campo 24 de Agosto,Bonfim,,41.1492147,-8.598453,1,good,False,True,25,False,https://www.idealista.pt/imovel/34636731/,6,1.0430596313715936,110.0,465080.0,1.0,1
34518711,235000.0,56.0,4196.0,1,1,Monte dos Burgos - Carvalhido,Paranhos,,41.1701535,-8.6197541,4,good,False,True,18,False,https://www.idealista.pt/imovel/34518711/,1,2.402640221378889,28.0,234976.0,0.5,1
34636685,285000.0,56.0,5089.0,0,1,Campo 24 de Agosto,Bonfim,,41.1503884,-8.598646,2,good,False,True,19,False,https://www.idealista.pt/imovel/34636685/,6,1.0297488629024079,56.0,284984.0,1.0,1
34635677,249000.0,119.0,2092.0,3,2,Santegãos - Estrada Nova - Campainha,Rio Tinto,,41.1947693,-8.5556796,,good,False,,25,False,https://www.idealista.pt/imovel/34635677/,3,6.825614371128361,29.75,248948.0,0.5,0
34524656,375000.0,124.0,3024.0,2,2,Pinheiro Manso,Ramalde,,41.1662909,-8.6535659,bj,good,False,True,27,True,https://www.idealista.pt/imovel/34524656/,0,4.025315108423858,41.333333333333336,374976.0,0.6666666666666666,0
34394572,595000.0,118.0,5042.0,1,2,Sampaio-Alumiara-Verdinho,Canidelo,,41.1417647,-8.6530286,1,good,False,True,31,False,https://www.idealista.pt/imovel/34394572/,2,3.6335986070494846,59.0,594956.0,1.0,0
34696527,267500.0,48.0,5573.0,1,1,Baixa,Cedofeita - Santo Ildefonso - Sé - Miragaia - São Nicolau - Vitória,Trindade,41.1529786,-8.6085581,3,good,False,True,17,False,https://www.idealista.pt/imovel/34696527/,6,0.42377503704605074,24.0,267504.0,0.5,1
32956506,320000.0,81.0,3951.0,0,2,Campo 24 de Agosto,Bonfim,,41.1505028,-8.5989297,bj,good,False,False,18,False,https://www.idealista.pt/imovel/32956506/,6,1.0072706029372354,81.0,320031.0,2.0,1
33801465,230000.0,40.0,5750.0,0,1,Camões - Gonçalo Cristóvão - Faria Guimarães,Cedofeita - Santo Ildefonso - Sé - Miragaia - São Nicolau - Vitória,,41.1555768,-8.6061311,bj,good,False,False,32,True,https://www.idealista.pt/imovel/33801465/,6,0.7753078347986564,40.0,230000.0,1.0,1
34581460,980000.0,194.0,5052.0,3,4,Baixa,Cedofeita - Santo Ildefonso - Sé - Miragaia - São Nicolau - Vitória,Cedofeita,41.153584,-8.6242283,3,good,False,False,31,False,https://www.idealista.pt/imovel/34581460/,1,1.2006480293207378,48.5,980088.0,1.0,1
34588284,895000.0,242.0,3698.0,4,3,Camões - Gonçalo Cristóvão - Faria Guimarães,Cedofeita - Santo Ildefonso - Sé - Miragaia - São Nicolau - Vitória,,41.1551945,-8.6080603,9,good,False,True,32,False,https://www.idealista.pt/imovel/34588284/,6,0.6659663583191181,48.4,894916.0,0.6,1
34050280,1650000.0,608.0,2714.0,5,5,Afurada - Arrábida - Cavaco,Santa Marinha e São Pedro da Afurada,,41.1433122,-8.6440173,,good,False,,56,False,https://www.idealista.pt/imovel/34050280/,2,2.859799641498515,101.33333333333333,1650112.0,0.8333333333333334,1
33155275,1250000.0,194.0,6443.0,4,6,Foz Velha,Aldoar - Foz do Douro - Nevogilde,,41.150048,-8.6731793,,renew,False,,25,False,https://www.idealista.pt/imovel/33155275/,0,5.214810751436131,38.8,1249942.0,1.2,0
33548257,242500.0,63.0,3849.0,1,1,Santo Ovídio - Cedro - Monte da Virgem,Mafamude e Vilar do Paraíso,,41.112053,-8.6034473,1,newdevelopment,True,True,14,False,https://www.idealista.pt/empreendimento/33548257/,7,4.221437403662755,31.5,242487.0,0.5,0
33900250,335000.0,143.0,2343.0,2,2,Contumil - Nicolau Nasoni,Campanhã,,41.1698295,-8.5790497,bj,newdevelopment,True,True,12,False,https://www.idealista.pt/empreendimento/33900250/,3,3.4884802349358437,47.666666666666664,335049.0,0.6666666666666666,0
33900204,300000.0,104.0,2885.0,2,2,Contumil - Nicolau Nasoni,Campanhã,,41.1698295,-8.5790497,1,newdevelopment,True,True,12,False,https://www.idealista.pt/empreendimento/33900204/,3,3.4884802349358437,34.666666666666664,300040.0,0.6666666666666666,0
34359167,1300000.0,287.0,4530.0,4,5,Barrosa - Devesas - Telheira do Meio,Santa Marinha e São Pedro da Afurada,,41.1297573,-8.6135888,5,good,False,True,70,False,https://www.idealista.pt/imovel/34359167/,7,2.2178669041551378,57.4,1300110.0,1.0,1
34674078,1570000.0,297.0,5286.0,3,4,Parque da Cidade - Vilarinha - António Aroso,Aldoar - Foz do Douro - Nevogilde,,41.1710859,-8.6723908,3,good,False,True,31,False,https://www.idealista.pt/imovel/34674078/,0,5.675120829506309,74.25,1569942.0,1.0,0
33477059,695000.0,235.0,2957.0,3,3,Aviz - Cristo Rei,Aldoar - Foz do Douro - Nevogilde,,41.1640167,-8.6684179,3,good,False,True,22,False,https://www.idealista.pt/imovel/33477059/,0,5.075216875429474,58.75,694895.0,0.75,0
34413031,400000.0,72.0,5556.0,1,1,Baixa,Cedofeita - Santo Ildefonso - Sé - Miragaia - São Nicolau - Vitória,Cedofeita,41.1535698,-8.6236855,1,good,False,False,26,False,https://www.idealista.pt/imovel/34413031/,1,1.1579264898586634,36.0,400032.0,0.5,1
32526028,690000.0,375.0,1840.0,3,3,Centro,Oliveira do Douro,,41.1217642,-8.5786733,,good,False,,52,True,https://www.idealista.pt/imovel/32526028/,4,4.106609978628739,93.75,690000.0,0.75,0
34354920,335000.0,115.0,2913.0,3,2,Contumil - Nicolau Nasoni,Campanhã,,41.1672434,-8.5812462,1,good,False,True,25,True,https://www.idealista.pt/imovel/34354920/,3,3.164166115096436,28.75,334995.0,0.5,0
34348785,414000.0,76.0,5447.0,1,1,Boavista,Cedofeita - Santo Ildefonso - Sé - Miragaia - São Nicolau - Vitória,Casa da Música,41.1594345,-8.6303416,,good,False,False,29,False,https://www.idealista.pt/imovel/34348785/,1,1.9609361031777557,38.0,413972.0,0.5,1
33127637,890000.0,136.0,6544.0,3,3,Foz,Aldoar - Foz do Douro - Nevogilde,,41.1579235,-8.6808691,,good,False,True,24,False,https://www.idealista.pt/imovel/33127637/,0,5.930741542345053,34.0,889984.0,0.75,0
34265625,420000.0,102.0,4118.0,1,2,Palácio de Cristal - Galiza - Vilar,Lordelo do Ouro e Massarelos,,41.1532746,-8.6208608,,renew,False,True,22,False,https://www.idealista.pt/imovel/34265625/,1,0.9286998441832409,51.0,420036.0,1.0,1
33991620,425000.0,55.0,7727.0,1,1,Baixa,Cedofeita - Santo Ildefonso - Sé - Miragaia - São Nicolau - Vitória,Santa Catarina,41.1507761,-8.604304,1,good,False,True,11,False,https://www.idealista.pt/imovel/33991620/,6,0.5675448383173709,27.5,424985.0,0.5,1
34263525,830000.0,273.0,3040.0,4,3,Fontaínhas - Duques,Bonfim,,41.1448388,-8.5965436,,good,False,,68,True,https://www.idealista.pt/imovel/34263525/,6,1.3135116487984144,54.6,829920.0,0.6,1
34345483,860000.0,381.0,2257.0,4,4,Salgueiros,Canidelo,,41.1168315,-8.6596252,,newdevelopment,True,,46,True,https://www.idealista.pt/empreendimento/34345483/,2,5.470731066780727,76.2,859917.0,0.8,0
34646377,535000.0,175.0,3057.0,3,2,Bessa - Foco,Ramalde,,41.1614904,-8.6428897,,good,False,True,16,False,https://www.idealista.pt/imovel/34646377/,1,2.9868014474143587,43.75,534975.0,0.5,1
34632313,539000.0,194.0,2778.0,4,3,Centro,Madalena,,41.1054949,-8.6456942,,good,False,,32,True,https://www.idealista.pt/imovel/34632313/,2,5.70480072735004,38.8,538932.0,0.6,0
34451233,1650000.0,410.0,4024.0,4,1,Praia de Valadares,Gulpilhares e Valadares,,41.096734,-8.6444434,,good,False,,61,False,https://www.idealista.pt/imovel/34451233/,2,6.515390532349629,82.0,1649840.0,0.2,0
32901230,588000.0,113.0,5204.0,2,2,Centro Histórico,Santa Marinha e São Pedro da Afurada,,41.137904,-8.6079701,,good,False,,35,False,https://www.idealista.pt/imovel/32901230/,7,1.3234746516186173,37.666666666666664,588052.0,0.6666666666666666,1
34451222,710000.0,134.0,5299.0,2,3,Sampaio-Alumiara-Verdinho,Canidelo,,41.1366582,-8.6507348,1,good,False,False,40,False,https://www.idealista.pt/imovel/34451222/,2,3.6328418427909064,44.666666666666664,710066.0,1.0,0
34644203,645000.0,324.0,1991.0,3,3,Praia,Madalena,,41.0999654,-8.6502083,,good,False,,32,False,https://www.idealista.pt/imovel/34644203/,2,6.426597628658003,81.0,645084.0,0.75,0
34632192,600000.0,159.0,3774.0,3,4,Amial,Paranhos,,41.1808077,-8.6130735,,good,False,,29,False,https://www.idealista.pt/imovel/34632192/,5,3.4749043135218503,39.75,600066.0,1.0,0
34600136,333000.0,90.0,3700.0,3,3, Viso - Zona Industrial,Ramalde,,41.1791831,-8.6371046,,good,False,,61,False,https://www.idealista.pt/imovel/34600136/,5,3.953808061912732,22.5,333000.0,0.75,0
34663103,399000.0,135.0,2956.0,1,1,Baixa,Cedofeita - Santo Ildefonso - Sé - Miragaia - São Nicolau - Vitória,Praça da República,41.1551748,-8.6176993,2,good,False,True,14,False,https://www.idealista.pt/imovel/34663103/,1,0.8416277014336416,67.5,399060.0,0.5,1
33021058,432500.0,180.0,2403.0,2,2,Constituição,Cedofeita - Santo Ildefonso - Sé - Miragaia - São Nicolau - Vitória,,41.1630852,-8.6098115,,good,False,,25,True,https://www.idealista.pt/imovel/33021058/,6,1.5022524333518492,60.0,432540.0,0.6666666666666666,1
34584967,750000.0,339.0,2212.0,3,4,São João - Asprela - Telheiro,São Mamede de Infesta e Senhora da Hora,,41.1924803,-8.599292,,good,False,,47,False,https://www.idealista.pt/imovel/34584967/,3,4.866059395945076,84.75,749868.0,1.0,0
34610919,285000.0,118.0,2415.0,2,2,Parque da Lavandeira - Sardão,Oliveira do Douro,,41.1228957,-8.594182,2,good,False,True,25,False,https://www.idealista.pt/imovel/34610919/,7,3.282898851057748,39.333333333333336,284970.0,0.6666666666666666,0
33962920,995000.0,308.0,3231.0,3,4,Baixa,Cedofeita - Santo Ildefonso - Sé - Miragaia - São Nicolau - Vitória,Cedofeita,41.1512614,-8.6196943,bj,good,False,False,18,False,https://www.idealista.pt/imovel/33962920/,1,0.7591507907897185,77.0,995148.0,1.0,1
34590899,832000.0,214.0,3888.0,4,3,Foz Velha,Aldoar - Foz do Douro - Nevogilde,,41.1501826,-8.6637694,,good,False,True,37,False,https://www.idealista.pt/imovel/34590899/,0,4.4271623936576425,42.8,832032.0,0.6,0
34260779,1100000.0,367.0,2997.0,3,4,Parque da Cidade - Vilarinha - António Aroso,Aldoar - Foz do Douro - Nevogilde,,41.1662138,-8.6702318,,good,False,,22,False,https://www.idealista.pt/imovel/34260779/,0,5.299580200684736,91.75,1099899.0,1.0,0
34656730,265000.0,73.0,3630.0,1,2,São Roque da Lameira,Campanhã,,41.1593476,-8.5754906,5,good,False,True,28,True,https://www.idealista.pt/imovel/34656730/,3,3.156504798697451,36.5,264990.0,1.0,0
34434651,695000.0,319.0,2179.0,3,4,São Cosme,São Cosme - Valbom - Jovim,Carregais - São Miguel,41.1499804,-8.5425052,,good,False,,32,False,https://www.idealista.pt/imovel/34434651/,4,5.72677560041257,79.75,695101.0,1.0,0
34693610,850000.0,247.0,3441.0,3,3,Ouro - Condominhas,Lordelo do Ouro e Massarelos,,41.1485401,-8.6489985,,good,False,True,21,False,https://www.idealista.pt/imovel/34693610/,2,3.192155861611653,61.75,849927.0,0.75,0
31171597,520000.0,92.0,5652.0,2,2,Cais das Pedras,Lordelo do Ouro e Massarelos,,41.1459414,-8.6345647,1,good,False,True,19,True,https://www.idealista.pt/imovel/31171597/,1,2.0228105304423676,30.666666666666668,519984.0,0.6666666666666666,1
33891592,588000.0,86.0,6837.0,2,2,Centro Histórico,Santa Marinha e São Pedro da Afurada,,41.1356547,-8.6090337,,good,False,,22,False,https://www.idealista.pt/imovel/33891592/,7,1.5585019833292864,28.666666666666668,587982.0,0.6666666666666666,1
34446521,890000.0,443.0,2009.0,3,4,Liceu - Paço do Rei,Mafamude e Vilar do Paraíso,,41.1281114,-8.6003141,,renew,False,True,23,False,https://www.idealista.pt/imovel/34446521/,7,2.5485709758993895,110.75,889987.0,1.0,1
34428482,220000.0,79.0,2785.0,2,1,,Pedrouços,,41.1916047,-8.5905367,1,good,False,True,20,True,https://www.idealista.pt/imovel/34428482/,3,4.971990888313488,26.333333333333332,220015.0,0.3333333333333333,0
34615427,398000.0,169.0,2355.0,3,3,Praia,Madalena,,41.1083913,-8.659678,2,good,False,True,29,True,https://www.idealista.pt/imovel/34615427/,2,6.138991152911533,42.25,397995.0,0.75,0
34305404,1898000.0,319.0,5950.0,5,2,Aviz - Cristo Rei,Aldoar - Foz do Douro - Nevogilde,,41.1611493,-8.6694519,,good,False,,12,True,https://www.idealista.pt/imovel/34305404/,0,5.067493465377986,53.166666666666664,1898050.0,0.3333333333333333,0
33661376,690000.0,163.0,4233.0,6,5,Liceu - Paço do Rei,Mafamude e Vilar do Paraíso,,41.1215885,-8.603437,,good,False,,13,False,https://www.idealista.pt/imovel/33661376/,7,3.1768245828005877,23.285714285714285,689979.0,0.7142857142857143,0
34543342,255000.0,44.0,5795.0,0,1,Baixa,Cedofeita - Santo Ildefonso - Sé - Miragaia - São Nicolau - Vitória,Trindade,41.1531281,-8.6100254,,good,False,False,27,False,https://www.idealista.pt/imovel/34543342/,6,0.39908258600600793,44.0,254980.0,1.0,1
33671277,375000.0,77.0,4870.0,1,1,Cais das Pedras,Lordelo do Ouro e Massarelos,,41.14658,-8.6319499,,good,False,,29,True,https://www.idealista.pt/imovel/33671277/,1,1.7942351694365715,38.5,374990.0,0.5,1
34497139,420000.0,119.0,3529.0,3,3,Baixa,Cedofeita - Santo Ildefonso - Sé - Miragaia - São Nicolau - Vitória,Bairro das Artes,41.1494827,-8.6201381,2,good,False,False,25,True,https://www.idealista.pt/imovel/34497139/,1,0.7736086014323446,29.75,419951.0,0.75,1
32814119,490000.0,154.0,3182.0,3,2,Câmara de Gaia - Aviadores - Quinta das Pedras,Mafamude e Vilar do Paraíso,,41.1285782,-8.6052045,6,good,False,True,20,True,https://www.idealista.pt/imovel/32814119/,7,2.385681194558108,38.5,490028.0,0.5,1
34508094,995000.0,307.0,3241.0,3,4,Baixa,Cedofeita - Santo Ildefonso - Sé - Miragaia - São Nicolau - Vitória,Cedofeita,41.1550931,-8.6186017,,good,False,False,27,False,https://www.idealista.pt/imovel/34508094/,1,0.8881934890161767,76.75,994987.0,1.0,1
33957032,650000.0,199.0,3266.0,4,4,Pinheiro Manso,Ramalde,,41.1666045,-8.6541759,,good,False,True,24,False,https://www.idealista.pt/imovel/33957032/,0,4.086708068040922,39.8,649934.0,0.8,0
34510027,365000.0,119.0,3067.0,2,2,Afurada - Arrábida - Cavaco,Santa Marinha e São Pedro da Afurada,,41.1429526,-8.6407734,1,good,False,True,11,False,https://www.idealista.pt/imovel/34510027/,2,2.6083243711904536,39.666666666666664,364973.0,0.6666666666666666,1
34552989,498000.0,136.0,3662.0,3,3,Paniceiro-Viso-Meiral,Canidelo,,41.1320439,-8.6479021,,good,False,True,29,True,https://www.idealista.pt/imovel/34552989/,2,3.662241011442334,34.0,498032.0,0.75,0
34669874,885000.0,129.0,6860.0,4,3,Parque da Cidade - Vilarinha - António Aroso,Aldoar - Foz do Douro - Nevogilde,,41.168666,-8.6692249,,good,False,,19,False,https://www.idealista.pt/imovel/34669874/,0,5.32317015525125,25.8,884940.0,0.6,0
34593868,1950000.0,406.0,4803.0,5,5,Serralves,Lordelo do Ouro e Massarelos,,41.1617184,-8.663715,,good,False,,54,False,https://www.idealista.pt/imovel/34593868/,0,4.62250936174385,67.66666666666667,1950018.0,0.8333333333333334,0
34573851,269000.0,75.0,3587.0,1,1,Santo Ovídio - Cedro - Monte da Virgem,Mafamude e Vilar do Paraíso,,41.1175588,-8.6068104,3,good,False,True,17,False,https://www.idealista.pt/imovel/34573851/,7,3.5792437997170685,37.5,269025.0,0.5,0
34668848,265000.0,46.0,5761.0,0,1,Baixa,Cedofeita - Santo Ildefonso - Sé - Miragaia - São Nicolau - Vitória,Batalha - Poveiros,41.1470985,-8.6087317,1,good,False,True,19,False,https://www.idealista.pt/imovel/34668848/,6,0.3321615738402104,46.0,265006.0,1.0,1
34565639,255000.0,52.0,4904.0,1,1,Contumil - Nicolau Nasoni,Campanhã,,41.1680752,-8.5785849,,renew,False,True,12,False,https://www.idealista.pt/imovel/34565639/,3,3.3969363976784694,26.0,255008.0,0.5,0
34494635,478000.0,187.0,2556.0,3,3,,Águas Santas,,41.2072159,-8.5974985,,renew,False,,13,False,https://www.idealista.pt/imovel/34494635/,3,6.504034240741772,46.75,477972.0,0.75,0
34565632,255000.0,53.0,4811.0,1,1,Contumil - Nicolau Nasoni,Campanhã,,41.1690746,-8.5802877,,renew,False,True,12,False,https://www.idealista.pt/imovel/34565632/,3,3.3551495604552684,26.5,254983.0,0.5,0
34611612,330000.0,106.0,3113.0,2,1,Parque Oriental - Azevedo,Campanhã,,41.1515844,-8.566607,3,newdevelopment,True,True,5,False,https://www.idealista.pt/empreendimento/34611612/,4,3.7151161490739666,35.333333333333336,329978.0,0.3333333333333333,0
34611607,220000.0,60.0,3667.0,1,1,Parque Oriental - Azevedo,Campanhã,,41.1515844,-8.566607,bj,,True,True,5,False,https://www.idealista.pt/empreendimento/34611607/,4,3.7151161490739666,30.0,220020.0,0.5,0
34611580,265000.0,73.0,3630.0,2,1,Parque Oriental - Azevedo,Campanhã,,41.1515844,-8.566607,bj,,True,True,5,False,https://www.idealista.pt/empreendimento/34611580/,4,3.7151161490739666,24.333333333333332,264990.0,0.3333333333333333,0
34525576,320000.0,101.0,3168.0,2,2,Quinta Seca - Azenha de Cima,São Mamede de Infesta e Senhora da Hora,,41.1786149,-8.6621293,bj,good,False,True,38,False,https://www.idealista.pt/imovel/34525576/,0,5.366539387461748,33.666666666666664,319968.0,0.6666666666666666,0
34494553,478000.0,187.0,2556.0,3,3,,Águas Santas,,41.2096255,-8.5970026,,renew,False,,13,False,https://www.idealista.pt/imovel/34494553/,3,6.775111028521063,46.75,477972.0,0.75,0
34587544,420000.0,140.0,3000.0,5,3,Monte de Burgos - Padrão da Légua,São Mamede de Infesta e Senhora da Hora,,41.1782235,-8.6319755,,good,False,,32,False,https://www.idealista.pt/imovel/34587544/,5,3.6390533383590227,23.333333333333332,420000.0,0.5,0
34293543,270000.0,90.0,3000.0,1,1,São Roque da Lameira,Campanhã,,41.1636902,-8.575927,5,newdevelopment,True,True,30,False,https://www.idealista.pt/empreendimento/34293543/,3,3.3207810948974665,45.0,270000.0,0.5,0
34301532,990000.0,201.0,4925.0,3,5,Foz Velha,Aldoar - Foz do Douro - Nevogilde,,41.1522739,-8.668108,2,good,False,True,47,False,https://www.idealista.pt/imovel/34301532/,0,4.799096600640083,50.25,989925.0,1.25,0
34310516,2050000.0,387.0,5297.0,4,5,Foz,Aldoar - Foz do Douro - Nevogilde,,41.157294,-8.6817412,,renew,False,True,25,False,https://www.idealista.pt/imovel/34310516/,0,5.992508334175862,77.4,2049939.0,1.0,0
34305492,435000.0,172.0,2529.0,3,2,Sete Bicas,São Mamede de Infesta e Senhora da Hora,,41.1876613,-8.6435805,1,good,False,True,27,False,https://www.idealista.pt/imovel/34305492/,5,5.039321056221211,43.0,434988.0,0.5,0
34287437,347000.0,185.0,1876.0,4,3,Seara - Freixieiro,Oliveira do Douro,,41.1155098,-8.577862,7,good,False,True,19,False,https://www.idealista.pt/imovel/34287437/,4,4.693096860439933,37.0,347060.0,0.6,0
32335400,800000.0,162.0,4938.0,2,3,Sampaio-Alumiara-Verdinho,Canidelo,,41.1379365,-8.6519754,3,newdevelopment,True,True,72,True,https://www.idealista.pt/empreendimento/32335400/,2,3.675901908346202,54.0,799956.0,1.0,0
34554388,890000.0,373.0,2386.0,5,5,Praia,Madalena,,41.1084955,-8.6598205,,good,False,,30,False,https://www.idealista.pt/imovel/34554388/,2,6.138305893869658,62.166666666666664,889978.0,0.8333333333333334,0
34635326,369500.0,115.0,3213.0,2,2,Parque da Lavandeira - Sardão,Oliveira do Douro,,41.1195431,-8.5964633,3,good,False,True,28,False,https://www.idealista.pt/imovel/34635326/,7,3.5541429463827234,38.333333333333336,369495.0,0.6666666666666666,0
34337308,650000.0,155.0,4194.0,2,3,Sampaio-Alumiara-Verdinho,Canidelo,,41.1379365,-8.6519754,2,newdevelopment,True,True,72,True,https://www.idealista.pt/empreendimento/34337308/,2,3.675901908346202,51.666666666666664,650070.0,1.0,0
34671242,265000.0,91.0,2912.0,2,1,,Baguim do Monte,,41.1876579,-8.5504611,bj,good,False,True,26,False,https://www.idealista.pt/imovel/34671242/,3,6.595624480278744,30.333333333333332,264992.0,0.3333333333333333,0
34494217,478000.0,187.0,2556.0,3,3,,Águas Santas,,41.2064946,-8.5976343,,renew,False,,13,False,https://www.idealista.pt/imovel/34494217/,3,6.423072573003439,46.75,477972.0,0.75,0
34658197,245000.0,55.0,4455.0,1,1,Areosa - Fernão de Magalhães,Paranhos,,41.177503,-8.5837709,2,good,False,True,18,False,https://www.idealista.pt/imovel/34658197/,3,3.84500579440113,27.5,245025.0,0.5,0
33888173,1250000.0,215.0,5814.0,4,4,Paniceiro-Viso-Meiral,Canidelo,,41.1231145,-8.6436133,4,good,False,True,24,True,https://www.idealista.pt/imovel/33888173/,2,4.022287243257793,43.0,1250010.0,0.8,0
34482119,450000.0,225.0,2000.0,5,3,São Caetano - Soutelo - Areias,Rio Tinto,,41.1635628,-8.5511543,,good,False,,47,True,https://www.idealista.pt/imovel/34482119/,3,5.237343344052136,37.5,450000.0,0.5,0
34438061,356500.0,98.0,3638.0,2,1,Sampaio-Alumiara-Verdinho,Canidelo,,41.1329467,-8.638199,1,newdevelopment,True,True,19,False,https://www.idealista.pt/empreendimento/34438061/,2,2.94191641744147,32.666666666666664,356524.0,0.3333333333333333,1
34603057,1250000.0,325.0,3846.0,5,5,Aviz - Cristo Rei,Aldoar - Foz do Douro - Nevogilde,,41.1624924,-8.6652976,4,good,False,True,64,True,https://www.idealista.pt/imovel/34603057/,0,4.7745152543595895,54.166666666666664,1249950.0,0.8333333333333334,0
34438053,350750.0,107.0,3278.0,2,1,Sampaio-Alumiara-Verdinho,Canidelo,,41.1329467,-8.638199,bj,newdevelopment,True,True,19,False,https://www.idealista.pt/empreendimento/34438053/,2,2.94191641744147,35.666666666666664,350746.0,0.3333333333333333,1
34572042,215000.0,98.0,2194.0,3,2,Seara - Freixieiro,Oliveira do Douro,,41.1176022,-8.5727504,-1,good,False,True,24,False,https://www.idealista.pt/imovel/34572042/,4,4.781988341632518,24.5,215012.0,0.5,0
33809035,220000.0,41.0,5366.0,0,1,Centro Histórico,Cedofeita - Santo Ildefonso - Sé - Miragaia - São Nicolau - Vitória,Ferreira Borges - Comércio do Porto,41.1411851,-8.6168506,4,good,False,False,18,True,https://www.idealista.pt/imovel/33809035/,1,1.0600929457194872,41.0,220006.0,1.0,1
34349963,499000.0,119.0,4193.0,3,2,Centro Histórico,Cedofeita - Santo Ildefonso - Sé - Miragaia - São Nicolau - Vitória,Vitória - Clérigos,41.1463942,-8.6135026,3,good,False,False,21,False,https://www.idealista.pt/imovel/34349963/,1,0.4178019886345448,29.75,498967.0,0.5,1
33400921,2100000.0,427.0,4918.0,7,4,Serralves,Lordelo do Ouro e Massarelos,,41.1630086,-8.6608477,,good,False,,23,False,https://www.idealista.pt/imovel/33400921/,0,4.43950165523336,53.375,2099986.0,0.5,0
34512898,470000.0,140.0,3357.0,3,3,Igreja do Bonfim - Lomba,Bonfim,,41.1500029,-8.5926802,1,newdevelopment,True,True,6,False,https://www.idealista.pt/empreendimento/34512898/,6,1.526180750172625,35.0,469980.0,0.75,1
34611802,380000.0,100.0,3800.0,2,2,Antas - Praça Velásquez,Bonfim,,41.1603225,-8.5924363,,newdevelopment,True,True,9,False,https://www.idealista.pt/empreendimento/34611802/,6,1.9522084950778176,33.333333333333336,380000.0,0.6666666666666666,1
34537771,295000.0,60.0,4917.0,1,1,Prelada - Monte dos Burgos,Ramalde,Hospital da Prelada,41.1691033,-8.6265499,bj,good,False,True,22,False,https://www.idealista.pt/imovel/34537771/,1,2.5336995195637777,30.0,295020.0,0.5,1
34165726,1150000.0,582.0,1976.0,6,5,Centro de São Mamede de Infesta - Laranjeiras,São Mamede de Infesta e Senhora da Hora,,41.1924971,-8.6057903,,good,False,,61,True,https://www.idealista.pt/imovel/34165726/,5,4.78907567478629,83.14285714285714,1150032.0,0.7142857142857143,0
34264724,345000.0,122.0,2828.0,4,3,Arca d'Água - Campo Lindo - Vale Formoso,Paranhos,,41.1686292,-8.60973,3,good,False,True,39,False,https://www.idealista.pt/imovel/34264724/,6,2.118216345658876,24.4,345016.0,0.6,1
34291640,990000.0,185.0,5351.0,3,4,Foz,Aldoar - Foz do Douro - Nevogilde,,41.1568024,-8.679304,2,good,False,True,17,False,https://www.idealista.pt/imovel/34291640/,0,5.782817017601866,46.25,989935.0,1.0,0
34692584,900000.0,340.0,2647.0,3,4,Serralves,Lordelo do Ouro e Massarelos,,41.1579927,-8.6505169,,good,False,,39,False,https://www.idealista.pt/imovel/34692584/,0,3.445660215925005,85.0,899980.0,1.0,0
34702559,265000.0,52.0,5096.0,1,2,Lavadores,Canidelo,,41.1299084,-8.6621421,bj,good,False,True,4,False,https://www.idealista.pt/imovel/34702559/,2,4.817459115595993,26.0,264992.0,1.0,0
34496514,425000.0,93.0,4570.0,2,2,Serralves,Lordelo do Ouro e Massarelos,,41.1587642,-8.6548313,,renew,False,False,12,False,https://www.idealista.pt/imovel/34496514/,0,3.81662136442787,31.0,425010.0,0.6666666666666666,0
34702507,285000.0,63.0,4524.0,1,2,Lavadores,Canidelo,,41.1337242,-8.6618433,1,good,False,True,4,False,https://www.idealista.pt/imovel/34702507/,2,4.616781906996647,31.5,285012.0,1.0,0
34693492,1500000.0,205.0,7317.0,3,3,Arrábida,Lordelo do Ouro e Massarelos,,41.1482429,-8.6419994,1,good,False,True,55,False,https://www.idealista.pt/imovel/34693492/,1,2.608321050148699,51.25,1499985.0,0.75,1
34213459,480000.0,140.0,3429.0,2,2,Sampaio-Alumiara-Verdinho,Canidelo,,41.143121,-8.6494998,3,newdevelopment,True,True,28,False,https://www.idealista.pt/empreendimento/34213459/,2,3.3114056146068975,46.666666666666664,480060.0,0.6666666666666666,0
34213447,310000.0,58.0,5345.0,1,1,Sampaio-Alumiara-Verdinho,Canidelo,,41.1423222,-8.6469332,3,newdevelopment,True,True,28,False,https://www.idealista.pt/empreendimento/34213447/,2,3.1238375144448445,29.0,310010.0,0.5,0
34213414,665000.0,200.0,3325.0,3,3,Sampaio-Alumiara-Verdinho,Canidelo,,41.1403687,-8.6487343,2,newdevelopment,True,True,28,False,https://www.idealista.pt/empreendimento/34213414/,2,3.3301987488995484,50.0,665000.0,0.75,0
34578396,370000.0,85.0,4353.0,3,2,Campo Alegre,Lordelo do Ouro e Massarelos,,41.1525313,-8.6311516,4,good,False,True,19,False,https://www.idealista.pt/imovel/34578396/,1,1.7266545954450134,21.25,370005.0,0.5,1
34553363,570000.0,319.0,1787.0,4,3,,Águas Santas,,41.2078273,-8.5958079,,good,False,,41,True,https://www.idealista.pt/imovel/34553363/,3,6.59663390160742,63.8,570053.0,0.6,0
34468325,328000.0,130.0,2523.0,3,2,,Águas Santas,,41.20785,-8.5809714,4,good,False,False,23,False,https://www.idealista.pt/imovel/34468325/,3,6.94455269348714,32.5,327990.0,0.5,0
34683291,1097000.0,390.0,2813.0,4,3,Lavadores,Canidelo,,41.1227752,-8.6658988,5,good,False,True,43,True,https://www.idealista.pt/imovel/34683291/,2,5.487412297123856,78.0,1097070.0,0.6,0
34547255,258000.0,63.0,4095.0,1,1,Praça do Marquês - Lima,Bonfim,,41.1603963,-8.600517,1,good,False,True,30,False,https://www.idealista.pt/imovel/34547255/,6,1.4821763244152288,31.5,257985.0,0.5,1
34602196,330000.0,100.0,3300.0,3,3,São Roque da Lameira,Campanhã,,41.1652184,-8.570771,1,good,False,True,31,False,https://www.idealista.pt/imovel/34602196/,3,3.7818991161702646,25.0,330000.0,0.75,0
33925191,875000.0,166.0,5271.0,2,3,Sampaio-Alumiara-Verdinho,Canidelo,,41.1379365,-8.6519754,3,newdevelopment,True,True,112,True,https://www.idealista.pt/empreendimento/33925191/,2,3.675901908346202,55.333333333333336,874986.0,1.0,0
33825166,236950.0,52.0,4557.0,1,1,São Roque da Lameira,Campanhã,,41.1607804,-8.5771538,2,,True,True,10,False,https://www.idealista.pt/empreendimento/33825166/,3,3.0867243829330495,26.0,236964.0,0.5,0
34539151,232000.0,97.0,2392.0,1,1,Coimbrões,Santa Marinha e São Pedro da Afurada,,41.124006,-8.621621,,good,False,True,41,True,https://www.idealista.pt/imovel/34539151/,7,2.9841891965565455,48.5,232024.0,0.5,1
33566128,650000.0,252.0,2579.0,4,3,Lagos - Chavinha,Mafamude e Vilar do Paraíso,,41.1061034,-8.634203,,renew,False,,14,False,https://www.idealista.pt/imovel/33566128/,7,5.215571124196474,50.4,649908.0,0.6,0
34219112,920000.0,282.0,3262.0,4,4,Sampaio-Alumiara-Verdinho,Canidelo,,41.1396709,-8.6542665,3,newdevelopment,True,True,27,False,https://www.idealista.pt/empreendimento/34219112/,2,3.795444519500037,56.4,919884.0,0.8,0
33900096,690000.0,252.0,2738.0,4,4,Fluvial,Lordelo do Ouro e Massarelos,,41.1502561,-8.6596352,1,good,False,True,25,False,https://www.idealista.pt/imovel/33900096/,0,4.081186868143972,50.4,689976.0,0.8,0
34219056,700000.0,201.0,3483.0,3,3,Sampaio-Alumiara-Verdinho,Canidelo,,41.1410904,-8.6548475,3,newdevelopment,True,True,27,False,https://www.idealista.pt/empreendimento/34219056/,2,3.799629140202918,50.25,700083.0,0.75,0
34219041,520000.0,212.0,2453.0,2,2,Sampaio-Alumiara-Verdinho,Canidelo,,41.1411015,-8.652942,1,newdevelopment,True,True,27,False,https://www.idealista.pt/empreendimento/34219041/,2,3.644995772504698,70.66666666666667,520036.0,0.6666666666666666,0
34552977,700000.0,117.0,5983.0,2,1,Baixa,Cedofeita - Santo Ildefonso - Sé - Miragaia - São Nicolau - Vitória,Cedofeita,41.1568898,-8.6196864,,renew,False,True,11,False,https://www.idealista.pt/imovel/34552977/,1,1.0946302467881015,39.0,700011.0,0.3333333333333333,1
34261127,300000.0,109.0,2752.0,2,2,Liceu - Paço do Rei,Mafamude e Vilar do Paraíso,,41.1254653,-8.5994407,,good,False,,17,False,https://www.idealista.pt/imovel/34261127/,7,2.850078179145856,36.333333333333336,299968.0,0.6666666666666666,1
34686957,265000.0,91.0,2912.0,2,1,,Baguim do Monte,,41.1882641,-8.5511844,2,good,False,True,19,True,https://www.idealista.pt/imovel/34686957/,3,6.59303895421568,30.333333333333332,264992.0,0.3333333333333333,0
34577928,525000.0,167.0,3144.0,3,2,Antas - Estádio do Dragão,Campanhã,,41.1625128,-8.5833473,,good,False,False,34,False,https://www.idealista.pt/imovel/34577928/,6,2.7171053172498425,41.75,525048.0,0.5,1
34686917,315000.0,101.0,3119.0,2,2,Coimbrões,Santa Marinha e São Pedro da Afurada,,41.1186447,-8.6296636,3,good,False,True,34,False,https://www.idealista.pt/imovel/34686917/,7,3.78381491212976,33.666666666666664,315019.0,0.6666666666666666,0
34586916,1250000.0,370.0,3378.0,3,5,Centro de Ramalde - Pereiró,Ramalde,,41.1692827,-8.6481729,,good,False,,25,False,https://www.idealista.pt/imovel/34586916/,0,3.811387972280833,92.5,1249860.0,1.25,0
34599866,900000.0,116.0,7759.0,3,3,Aviz - Cristo Rei,Aldoar - Foz do Douro - Nevogilde,,41.1651503,-8.6696789,,renew,False,True,11,False,https://www.idealista.pt/imovel/34599866/,0,5.21587053918798,29.0,900044.0,0.75,0
34599865,800000.0,116.0,6897.0,2,3,Aviz - Cristo Rei,Aldoar - Foz do Douro - Nevogilde,,41.1649148,-8.6715649,,renew,False,True,11,False,https://www.idealista.pt/imovel/34599865/,0,5.356717987441531,38.666666666666664,800052.0,1.0,0
34618799,983000.0,275.0,3575.0,3,3,Baixa,Cedofeita - Santo Ildefonso - Sé - Miragaia - São Nicolau - Vitória,Trindade,41.1515687,-8.6134631,,good,False,False,37,True,https://www.idealista.pt/imovel/34618799/,1,0.306554631867378,68.75,983125.0,0.75,1
34706784,222500.0,42.0,5298.0,0,1,Areosa - Fernão de Magalhães,Paranhos,,41.1728632,-8.5881983,,good,False,True,12,False,https://www.idealista.pt/imovel/34706784/,3,3.209829828331785,42.0,222516.0,1.0,0
34300776,223250.0,92.0,2427.0,1,1,Sampaio-Alumiara-Verdinho,Canidelo,,41.1329598,-8.6382945,bj,newdevelopment,True,True,6,True,https://www.idealista.pt/empreendimento/34300776/,2,2.9472199802713352,46.0,223284.0,0.5,1
34384736,870000.0,235.0,3702.0,3,4,Serralves,Lordelo do Ouro e Massarelos,,41.157698,-8.6518158,bj,good,False,True,28,False,https://www.idealista.pt/imovel/34384736/,0,3.5420019167753667,58.75,869970.0,1.0,0
34718674,420000.0,107.0,3925.0,2,2,Cooperativa dos Arquitectos - Fonte da Moura - Pedra Verde,Aldoar - Foz do Douro - Nevogilde,,41.1700719,-8.6669006,,good,False,True,14,False,https://www.idealista.pt/imovel/34718674/,0,5.211583534346268,35.666666666666664,419975.0,0.6666666666666666,0
33311666,600000.0,280.0,2143.0,5,4,Soares dos Reis - Rasa de Cima,Mafamude e Vilar do Paraíso,,41.1145216,-8.6109718,4,good,False,True,43,False,https://www.idealista.pt/imovel/33311666/,7,3.9005447501218447,46.666666666666664,600040.0,0.6666666666666666,0
34696630,350000.0,148.0,2365.0,2,3,Coimbrões,Santa Marinha e São Pedro da Afurada,,41.120104,-8.632063,2,good,False,True,44,False,https://www.idealista.pt/imovel/34696630/,7,3.728052633060218,49.333333333333336,350020.0,1.0,0
34427604,485000.0,210.0,2310.0,3,3,,Pedrouços,,41.1819132,-8.5844715,,good,False,,27,True,https://www.idealista.pt/imovel/34427604/,3,4.2195180847816935,52.5,485100.0,0.75,0
34687569,300000.0,100.0,3000.0,2,2,Santo Ovídio - Cedro - Monte da Virgem,Mafamude e Vilar do Paraíso,,41.1186594,-8.6061861,7,good,False,True,20,True,https://www.idealista.pt/imovel/34687569/,7,3.463014023298482,33.333333333333336,300000.0,0.6666666666666666,0
33157508,800000.0,260.0,3077.0,4,5,Parque Oriental - Azevedo,Campanhã,,41.1550869,-8.570081,,good,False,,49,True,https://www.idealista.pt/imovel/33157508/,4,3.471628075132663,52.0,800020.0,1.0,0
34569422,285000.0,72.0,3958.0,1,1,Camões - Gonçalo Cristóvão - Faria Guimarães,Cedofeita - Santo Ildefonso - Sé - Miragaia - São Nicolau - Vitória,,41.1570114,-8.6067744,,good,False,False,36,False,https://www.idealista.pt/imovel/34569422/,6,0.8935702444015315,36.0,284976.0,0.5,1
34222378,750000.0,104.0,7212.0,2,2,Serralves,Lordelo do Ouro e Massarelos,,41.1624634,-8.6601073,1,,True,True,12,False,https://www.idealista.pt/empreendimento/34222378/,0,4.360922508254103,34.666666666666664,750048.0,0.6666666666666666,0
34151277,485000.0,179.0,2709.0,2,2,Lavadores,Canidelo,,41.1349503,-8.6644543,bj,good,False,True,24,False,https://www.idealista.pt/imovel/34151277/,2,4.771245585401104,59.666666666666664,484911.0,0.6666666666666666,0
32263213,491000.0,80.0,6138.0,2,2,Centro Histórico,Cedofeita - Santo Ildefonso - Sé - Miragaia - São Nicolau - Vitória,São Bento - Cimo de Vila,41.1453177,-8.6073659,2,newdevelopment,True,True,22,False,https://www.idealista.pt/empreendimento/32263213/,6,0.5606287666195152,26.666666666666668,491040.0,0.6666666666666666,1
31269182,305000.0,46.0,6630.0,0,1,Centro Histórico,Cedofeita - Santo Ildefonso - Sé - Miragaia - São Nicolau - Vitória,Vitória - Clérigos,41.1424073,-8.6146296,1,good,False,False,24,True,https://www.idealista.pt/imovel/31269182/,1,0.8585999700896638,46.0,304980.0,1.0,1
34214180,460000.0,121.0,3802.0,3,3,Praia,Madalena,,41.1067885,-8.653601,2,,True,True,21,False,https://www.idealista.pt/empreendimento/34214180/,2,5.95422954926857,30.25,460042.0,0.75,0
32263167,389000.0,71.0,5479.0,1,2,Centro Histórico,Cedofeita - Santo Ildefonso - Sé - Miragaia - São Nicolau - Vitória,São Bento - Cimo de Vila,41.1453177,-8.6073659,bj,newdevelopment,True,True,16,False,https://www.idealista.pt/empreendimento/32263167/,6,0.5606287666195152,35.5,389009.0,1.0,1
34219152,480000.0,113.0,4248.0,2,2,Parque de Real - Água Viva,Matosinhos e Leça da Palmeira,,41.1842407,-8.6721218,3,newdevelopment,True,True,33,False,https://www.idealista.pt/empreendimento/34219152/,0,6.410879493307505,37.666666666666664,480024.0,0.6666666666666666,0
34214133,450000.0,183.0,2459.0,3,3,Praia,Madalena,,41.1067885,-8.653601,1,newdevelopment,True,True,21,False,https://www.idealista.pt/empreendimento/34214133/,2,5.95422954926857,45.75,449997.0,0.75,0
34441123,550000.0,101.0,5446.0,4,3,Boavista,Cedofeita - Santo Ildefonso - Sé - Miragaia - São Nicolau - Vitória,Casa da Música,41.1581181,-8.6281449,3,good,False,True,15,False,https://www.idealista.pt/imovel/34441123/,1,1.7267620194649933,20.2,550046.0,0.6,1
34662112,369000.0,123.0,3000.0,2,2,Liceu - Paço do Rei,Mafamude e Vilar do Paraíso,,41.1255422,-8.5994398,,good,False,True,78,True,https://www.idealista.pt/imovel/34662112/,7,2.8420533127091296,41.0,369000.0,0.6666666666666666,1
34219110,350000.0,68.0,5147.0,1,1,Parque de Real - Água Viva,Matosinhos e Leça da Palmeira,,41.184213,-8.6724807,1,newdevelopment,True,True,33,False,https://www.idealista.pt/empreendimento/34219110/,0,6.433077596207002,34.0,349996.0,0.5,0
32538102,600000.0,246.0,2439.0,3,3,Afurada - Arrábida - Cavaco,Santa Marinha e São Pedro da Afurada,,41.1417635,-8.6409,,newdevelopment,True,True,20,False,https://www.idealista.pt/empreendimento/32538102/,2,2.6588651443597633,61.5,599994.0,0.75,1
34219101,400000.0,114.0,3509.0,2,2,Parque de Real - Água Viva,Matosinhos e Leça da Palmeira,,41.1827112,-8.6706963,1,newdevelopment,True,True,33,False,https://www.idealista.pt/empreendimento/34219101/,0,6.21368873754672,38.0,400026.0,0.6666666666666666,0
33977002,215000.0,97.0,2216.0,2,2,Baixa,Cedofeita - Santo Ildefonso - Sé - Miragaia - São Nicolau - Vitória,Santa Catarina,41.1515984,-8.6053421,3,good,False,False,11,False,https://www.idealista.pt/imovel/33977002/,6,0.5156836866618166,32.333333333333336,214952.0,0.6666666666666666,1
34113997,850000.0,347.0,2450.0,4,4,Salgueiros,Paranhos,,41.1693118,-8.6047069,,good,False,True,71,False,https://www.idealista.pt/imovel/34113997/,6,2.252336929217978,69.4,850150.0,0.8,1
33114989,325000.0,49.0,6633.0,0,1,Campo 24 de Agosto,Bonfim,,41.1490416,-8.5945592,2,good,False,True,18,True,https://www.idealista.pt/imovel/33114989/,6,1.369614735985112,49.0,325017.0,1.0,1
29337553,1475000.0,476.0,3099.0,4,1,Serralves,Lordelo do Ouro e Massarelos,,41.160679,-8.6622257,,good,False,,12,True,https://www.idealista.pt/imovel/29337553/,0,4.470195778007406,95.2,1475124.0,0.2,0
34673953,395000.0,140.0,2821.0,3,3,São Roque da Lameira,Campanhã,,41.1608693,-8.5775594,1,good,False,False,19,False,https://www.idealista.pt/imovel/34673953/,3,3.0597067658191683,35.0,394940.0,0.75,0
34649949,470000.0,125.0,3760.0,3,2,Igreja do Bonfim - Lomba,Bonfim,,41.1498175,-8.5928815,,good,False,True,21,False,https://www.idealista.pt/imovel/34649949/,6,1.50886440952852,31.25,470000.0,0.5,1
34054947,330000.0,81.0,4074.0,1,2,Salgueiros,Canidelo,,41.1162156,-8.6611448,2,good,False,True,16,False,https://www.idealista.pt/imovel/34054947/,2,5.611391108172726,40.5,329994.0,1.0,0
34182935,380000.0,146.0,2603.0,2,2,Sampaio-Alumiara-Verdinho,Canidelo,,41.1372692,-8.6426658,bj,good,False,False,37,False,https://www.idealista.pt/imovel/34182935/,2,2.992562429346733,48.666666666666664,380038.0,0.6666666666666666,1
34299925,300000.0,98.0,3061.0,1,1,Lapa - Bouça,Cedofeita - Santo Ildefonso - Sé - Miragaia - São Nicolau - Vitória,,41.1602179,-8.6186937,,renew,False,,23,False,https://www.idealista.pt/imovel/34299925/,1,1.3489681666506568,49.0,299978.0,0.5,1
34193914,360000.0,105.0,3429.0,2,1,Centro,Madalena,,41.1104066,-8.6447962,bj,,True,True,21,False,https://www.idealista.pt/empreendimento/34193914/,2,5.2012226944811895,35.0,360045.0,0.3333333333333333,0
34193906,370000.0,105.0,3524.0,2,1,Centro,Madalena,,41.1104066,-8.6447962,bj,,True,True,21,False,https://www.idealista.pt/empreendimento/34193906/,2,5.2012226944811895,35.0,370020.0,0.3333333333333333,0
34159879,590000.0,173.0,3410.0,3,3,Bessa Leite,Lordelo do Ouro e Massarelos,,41.1587901,-8.642694,,good,False,True,26,True,https://www.idealista.pt/imovel/34159879/,1,2.85130837516909,43.25,589930.0,0.75,1
34599862,435000.0,204.0,2132.0,4,3,Soares dos Reis - Rasa de Cima,Mafamude e Vilar do Paraíso,,41.1236713,-8.6070698,2,good,False,True,31,False,https://www.idealista.pt/imovel/34599862/,7,2.9009281846974577,40.8,434928.0,0.6,1
34569837,280000.0,105.0,2667.0,3,2,Centro,Madalena,,41.1019079,-8.6409568,1,good,False,True,11,False,https://www.idealista.pt/imovel/34569837/,2,5.8703582112406405,26.25,280035.0,0.5,0
34511825,263000.0,46.0,5717.0,1,1,Camões - Gonçalo Cristóvão - Faria Guimarães,Cedofeita - Santo Ildefonso - Sé - Miragaia - São Nicolau - Vitória,,41.1555852,-8.6048481,2,good,False,False,33,False,https://www.idealista.pt/imovel/34511825/,6,0.8364591961920259,23.0,262982.0,0.5,1
34559779,395000.0,120.0,3292.0,3,2,Sampaio-Alumiara-Verdinho,Canidelo,,41.1356097,-8.6442506,1,good,False,True,6,False,https://www.idealista.pt/imovel/34559779/,2,3.1967640329426326,30.0,395040.0,0.5,0
34266780,2300000.0,360.0,6389.0,4,5,Bessa - Foco,Ramalde,,41.1606208,-8.6431005,7,good,False,True,49,True,https://www.idealista.pt/imovel/34266780/,1,2.961348134398194,72.0,2300040.0,1.0,1
33985770,285000.0,104.0,2740.0,1,2,Lapa - Bouça,Cedofeita - Santo Ildefonso - Sé - Miragaia - São Nicolau - Vitória,,41.1585543,-8.6134052,1,good,False,True,21,False,https://www.idealista.pt/imovel/33985770/,1,1.0175247780635588,52.0,284960.0,1.0,1
34193762,465000.0,183.0,2541.0,3,3,Centro,Madalena,,41.1104066,-8.6447962,1,newdevelopment,True,True,21,False,https://www.idealista.pt/empreendimento/34193762/,2,5.2012226944811895,45.75,465003.0,0.75,0
34653734,600000.0,151.0,3974.0,3,2,Arca d'Água - Campo Lindo - Vale Formoso,Paranhos,,41.1708843,-8.6160676,5,good,False,True,37,False,https://www.idealista.pt/imovel/34653734/,1,2.405919387654735,37.75,600074.0,0.5,1
34509723,320000.0,77.0,4156.0,2,2,Lavadores,Canidelo,,41.1294721,-8.6535076,,good,False,True,10,False,https://www.idealista.pt/imovel/34509723/,2,4.2119023845253984,25.666666666666668,320012.0,0.6666666666666666,0
34425708,1300000.0,288.0,4514.0,4,1,Centro Histórico,Santa Marinha e São Pedro da Afurada,,41.1326007,-8.6139347,5,good,False,False,36,True,https://www.idealista.pt/imovel/34425708/,7,1.9072419045901887,57.6,1300032.0,0.2,1
34553645,320000.0,52.0,6154.0,1,1,Camões - Gonçalo Cristóvão - Faria Guimarães,Cedofeita - Santo Ildefonso - Sé - Miragaia - São Nicolau - Vitória,,41.1573473,-8.6062821,1,good,False,False,27,False,https://www.idealista.pt/imovel/34553645/,6,0.9442440089561872,26.0,320008.0,0.5,1
34696639,219000.0,69.0,3174.0,2,1,Padrão da Légua - Av. Xanana Gusmão,Custóias - Leça do Balio - Guifões,,41.1924465,-8.6306472,bj,good,False,False,17,False,https://www.idealista.pt/imovel/34696639/,5,5.042883947592342,23.0,219006.0,0.3333333333333333,0
34595631,1750000.0,258.0,6783.0,4,4,Serralves,Lordelo do Ouro e Massarelos,,41.1537909,-8.6524196,,good,False,True,12,False,https://www.idealista.pt/imovel/34595631/,0,3.507383989196949,51.6,1750014.0,0.8,0
34659600,316000.0,88.0,3591.0,2,1,Centro de Senhora da Hora,São Mamede de Infesta e Senhora da Hora,,41.1862867,-8.6568602,4,good,False,True,47,False,https://www.idealista.pt/imovel/34659600/,5,5.607290578888541,29.333333333333332,316008.0,0.3333333333333333,0
34359548,400000.0,104.0,3846.0,2,1,Parque de Real - Água Viva,Matosinhos e Leça da Palmeira,,41.1814946,-8.6715615,7,newdevelopment,True,True,15,False,https://www.idealista.pt/empreendimento/34359548/,0,6.1937738530386195,34.666666666666664,399984.0,0.3333333333333333,0
34278506,255000.0,81.0,3148.0,2,1,Salgueiros,Canidelo,,41.1226477,-8.6581538,,good,False,,34,False,https://www.idealista.pt/imovel/34278506/,2,4.964094956148758,27.0,254988.0,0.3333333333333333,0
34701491,330000.0,52.0,6346.0,1,1,Lavadores,Canidelo,,41.1329093,-8.6674075,2,renew,False,True,14,False,https://www.idealista.pt/imovel/34701491/,2,5.082869085139721,26.0,329992.0,0.5,0
34236480,325000.0,145.0,2241.0,1,1,Baixa,Cedofeita - Santo Ildefonso - Sé - Miragaia - São Nicolau - Vitória,Santa Catarina,41.1488979,-8.6060068,bj,good,False,False,20,False,https://www.idealista.pt/imovel/34236480/,6,0.4170773532728572,72.5,324945.0,0.5,1
34654435,255000.0,66.0,3864.0,2,1,Camões - Gonçalo Cristóvão - Faria Guimarães,Cedofeita - Santo Ildefonso - Sé - Miragaia - São Nicolau - Vitória,,41.1613222,-8.6104923,,good,False,True,48,False,https://www.idealista.pt/imovel/34654435/,1,1.303896015494006,22.0,255024.0,0.3333333333333333,1
34510384,980000.0,241.0,4066.0,3,3,Praia,Madalena,,41.1097257,-8.6608181,,good,False,,50,True,https://www.idealista.pt/imovel/34510384/,2,6.094130132317152,60.25,979906.0,0.75,0
34285322,490000.0,98.0,5000.0,2,2,Palácio de Cristal - Galiza - Vilar,Lordelo do Ouro e Massarelos,,41.1535896,-8.6202427,,good,False,True,28,True,https://www.idealista.pt/imovel/34285322/,1,0.8992712862557762,32.666666666666664,490000.0,0.6666666666666666,1
34285260,370000.0,64.0,5781.0,1,1,Palácio de Cristal - Galiza - Vilar,Lordelo do Ouro e Massarelos,,41.1508477,-8.6221502,,good,False,True,24,True,https://www.idealista.pt/imovel/34285260/,1,0.9521226212586867,32.0,369984.0,0.5,1
34592138,375000.0,120.0,3125.0,2,1,Serralves,Lordelo do Ouro e Massarelos,,41.1573177,-8.6509164,bj,good,False,False,16,False,https://www.idealista.pt/imovel/34592138/,0,3.4585019916388395,40.0,375000.0,0.3333333333333333,0
33450114,795000.0,325.0,2446.0,5,4,Paniceiro-Viso-Meiral,Canidelo,,41.126726,-8.6504419,,good,False,,50,True,https://www.idealista.pt/imovel/33450114/,2,4.175467505886387,54.166666666666664,794950.0,0.6666666666666666,0
34675048,569000.0,196.0,2903.0,3,3,Areosa - Fernão de Magalhães,Paranhos,,41.1758094,-8.5872937,,good,False,True,21,False,https://www.idealista.pt/imovel/34675048/,3,3.521161250695426,49.0,568988.0,0.75,0
34635949,320000.0,121.0,2645.0,3,2,Guifões,Custóias - Leça do Balio - Guifões,,41.1972565,-8.6616548,,good,False,True,35,False,https://www.idealista.pt/imovel/34635949/,5,6.791725830619577,30.25,320045.0,0.5,0
34265927,649000.0,209.0,3105.0,3,3,Lavadores,Canidelo,,41.1280568,-8.6666537,2,good,False,True,42,False,https://www.idealista.pt/imovel/34265927/,2,5.247639363756129,52.25,648945.0,0.75,0
34577916,1995000.0,479.0,4165.0,4,5,Foz,Aldoar - Foz do Douro - Nevogilde,,41.1597736,-8.6751095,,good,False,,37,False,https://www.idealista.pt/imovel/34577916/,0,5.493525541713368,95.8,1995035.0,1.0,0
34099893,247135.0,60.0,4119.0,1,1,Centro de Valadares - Penedo - Valadarinho,Gulpilhares e Valadares,,41.0977785,-8.62515,,renew,False,,11,False,https://www.idealista.pt/imovel/34099893/,7,5.884612932076543,30.0,247140.0,0.5,0
34658865,898000.0,161.0,5578.0,3,2,Foz Velha,Aldoar - Foz do Douro - Nevogilde,,41.1516634,-8.6692911,5,good,False,True,41,True,https://www.idealista.pt/imovel/34658865/,0,4.894339022247361,40.25,898058.0,0.5,0
34366836,2300000.0,360.0,6389.0,4,5,Bessa - Foco,Ramalde,,41.1606474,-8.6428713,,good,False,,52,True,https://www.idealista.pt/imovel/34366836/,1,2.9451218312348466,72.0,2300040.0,1.0,1
34482830,235000.0,46.0,5109.0,0,1,Heroísmo - Nova Sintra - Soares dos Reis,Bonfim,,41.1479575,-8.5977541,3,good,False,True,14,False,https://www.idealista.pt/imovel/34482830/,6,1.1157577869400022,46.0,235014.0,1.0,1
34470767,434000.0,80.0,5425.0,2,2,Serralves,Lordelo do Ouro e Massarelos,,41.1550227,-8.6506706,,newdevelopment,True,True,10,False,https://www.idealista.pt/empreendimento/34470767/,0,3.3839737647360804,26.666666666666668,434000.0,0.6666666666666666,0
34470760,329500.0,54.0,6102.0,1,1,Serralves,Lordelo do Ouro e Massarelos,,41.1550227,-8.6506706,,newdevelopment,True,True,10,False,https://www.idealista.pt/empreendimento/34470760/,0,3.3839737647360804,27.0,329508.0,0.5,0
34516744,220000.0,40.0,5500.0,0,1,Areosa - Fernão de Magalhães,Paranhos,,41.1775524,-8.5846962,,good,False,True,21,False,https://www.idealista.pt/imovel/34516744/,3,3.8042562502108908,40.0,220000.0,1.0,0
34680739,1700000.0,614.0,2769.0,5,5,Palácio de Cristal - Galiza - Vilar,Lordelo do Ouro e Massarelos,,41.1483324,-8.6258377,,good,False,,46,False,https://www.idealista.pt/imovel/34680739/,1,1.258649632678869,102.33333333333333,1700166.0,0.8333333333333334,1
33599676,300000.0,51.0,5882.0,1,1,Afurada - Arrábida - Cavaco,Santa Marinha e São Pedro da Afurada,,41.1429797,-8.6493383,2,newdevelopment,True,True,11,True,https://www.idealista.pt/empreendimento/33599676/,2,3.3016788641364845,25.5,299982.0,0.5,0
34684661,245000.0,67.0,3657.0,1,1,Barrosa - Devesas - Telheira do Meio,Santa Marinha e São Pedro da Afurada,,41.1302549,-8.6190069,2,good,False,True,9,False,https://www.idealista.pt/imovel/34684661/,7,2.255662922015845,33.5,245019.0,0.5,1
34698624,920000.0,350.0,2629.0,4,6,Soares dos Reis - Rasa de Cima,Mafamude e Vilar do Paraíso,,41.1238759,-8.6117851,,good,False,,107,False,https://www.idealista.pt/imovel/34698624/,7,2.8613496529043347,70.0,920150.0,1.2,1
34693603,1495000.0,297.0,5034.0,4,4,Parque da Cidade - Vilarinha - António Aroso,Aldoar - Foz do Douro - Nevogilde,,41.1651295,-8.6674499,,good,False,,23,False,https://www.idealista.pt/imovel/34693603/,0,5.039400362897856,59.4,1495098.0,0.8,0
34593598,235000.0,53.0,4434.0,1,1,Areosa - Fernão de Magalhães,Paranhos,,41.1776282,-8.582993,2,good,False,True,9,False,https://www.idealista.pt/imovel/34593598/,3,3.894952363116938,26.5,235002.0,0.5,0
34540511,2250000.0,528.0,4261.0,4,4,Serralves,Lordelo do Ouro e Massarelos,,41.1634659,-8.6613,,good,False,True,21,False,https://www.idealista.pt/imovel/34540511/,0,4.492370360515731,105.6,2249808.0,0.8,0
34664507,310000.0,66.0,4697.0,1,1,Baixa,Cedofeita - Santo Ildefonso - Sé - Miragaia - São Nicolau - Vitória,Cedofeita,41.1571645,-8.6230153,,good,False,False,10,False,https://www.idealista.pt/imovel/34664507/,1,1.31772603026462,33.0,310002.0,0.5,1
34664506,289000.0,61.0,4738.0,1,1,Boavista,Cedofeita - Santo Ildefonso - Sé - Miragaia - São Nicolau - Vitória,Ramalda Alta,41.164316,-8.6230499,,good,False,False,10,False,https://www.idealista.pt/imovel/34664506/,1,1.926730709127305,30.5,289018.0,0.5,1
32993459,855000.0,229.0,3734.0,4,4,Afurada - Arrábida - Cavaco,Santa Marinha e São Pedro da Afurada,,41.1429797,-8.6493383,2,newdevelopment,True,True,15,True,https://www.idealista.pt/empreendimento/32993459/,2,3.3016788641364845,45.8,855086.0,0.8,0
32993439,1450000.0,264.0,5492.0,4,4,Afurada - Arrábida - Cavaco,Santa Marinha e São Pedro da Afurada,,41.1429797,-8.6493383,5,newdevelopment,True,True,15,True,https://www.idealista.pt/empreendimento/32993439/,2,3.3016788641364845,52.8,1449888.0,0.8,0
34378413,450000.0,93.0,4839.0,2,2,Baixa,Cedofeita - Santo Ildefonso - Sé - Miragaia - São Nicolau - Vitória,Aliados - Clérigos - Carlos Alberto,41.1468903,-8.6108909,2,good,False,False,23,False,https://www.idealista.pt/imovel/34378413/,6,0.3013058561511121,31.0,450027.0,0.6666666666666666,1
34294400,490000.0,154.0,3182.0,4,2,Pinheiro Manso,Ramalde,,41.1634506,-8.651756,,good,False,True,18,False,https://www.idealista.pt/imovel/34294400/,0,3.7512145148674607,30.8,490028.0,0.4,0
34113365,1440000.0,214.0,6729.0,3,3,Foz,Aldoar - Foz do Douro - Nevogilde,,41.159851,-8.6836,,good,False,True,14,False,https://www.idealista.pt/imovel/34113365/,0,6.192443110863848,53.5,1440006.0,0.75,0
34077334,340000.0,183.0,1858.0,4,3,Candal - Regadas,Santa Marinha e São Pedro da Afurada,,41.1341452,-8.6308612,3,good,False,False,30,False,https://www.idealista.pt/imovel/34077334/,1,2.397340349028621,36.6,340014.0,0.6,1
34639327,284800.0,36.0,7911.0,0,1,Baixa,Cedofeita - Santo Ildefonso - Sé - Miragaia - São Nicolau - Vitória,Aliados - Clérigos - Carlos Alberto,41.1477351,-8.6096883,2,good,False,True,8,False,https://www.idealista.pt/imovel/34639327/,6,0.2308561648883253,36.0,284796.0,1.0,1
34369322,440395.0,156.0,2823.0,2,2,Covelo - Monte de São João,Paranhos,,41.1634067,-8.6076408,,good,False,False,13,False,https://www.idealista.pt/imovel/34369322/,6,1.5592946223714885,52.0,440388.0,0.6666666666666666,1
34692309,350000.0,118.0,2966.0,3,2,Vilar do Paraíso - Junqueira - São Caetano,Mafamude e Vilar do Paraíso,,41.1078181,-8.6205132,2,good,False,True,18,False,https://www.idealista.pt/imovel/34692309/,7,4.715188145783205,29.5,349988.0,0.5,0
34700288,890000.0,350.0,2543.0,4,6,Paniceiro-Viso-Meiral,Canidelo,,41.1237006,-8.6476244,,good,False,,105,False,https://www.idealista.pt/imovel/34700288/,2,4.213368408360752,70.0,890050.0,1.2,0
34666281,290000.0,80.0,3625.0,1,1,Barrosa - Devesas - Telheira do Meio,Santa Marinha e São Pedro da Afurada,,41.1266201,-8.6175986,3,good,False,True,16,False,https://www.idealista.pt/imovel/34666281/,7,2.6160995468677886,40.0,290000.0,0.5,1
34440243,395000.0,171.0,2310.0,3,3,Santo Ovídio - Cedro - Monte da Virgem,Mafamude e Vilar do Paraíso,,41.1090132,-8.6017541,,good,False,True,21,False,https://www.idealista.pt/imovel/34440243/,7,4.577593853687371,42.75,395010.0,0.75,0
33949149,745000.0,211.0,3531.0,3,3,Pinheiro Manso,Ramalde,,41.1665926,-8.6520653,,good,False,True,18,False,https://www.idealista.pt/imovel/33949149/,0,3.9302764383500146,52.75,745041.0,0.75,0
33986141,395000.0,90.0,4389.0,2,2,Boavista,Cedofeita - Santo Ildefonso - Sé - Miragaia - São Nicolau - Vitória,Ramalda Alta,41.1618732,-8.624261,,renew,False,True,20,False,https://www.idealista.pt/imovel/33986141/,1,1.7645736066767446,30.0,395010.0,0.6666666666666666,1
32440116,360000.0,207.0,1739.0,4,2,Covelo - Monte de São João,Paranhos,,41.1662225,-8.604783,,renew,False,,13,True,https://www.idealista.pt/imovel/32440116/,6,1.9179689150378632,41.4,359973.0,0.4,1
34579112,498000.0,136.0,3662.0,3,2,Sampaio-Alumiara-Verdinho,Canidelo,,41.1331572,-8.6472834,4,good,False,True,30,False,https://www.idealista.pt/imovel/34579112/,2,3.5532323686320386,34.0,498032.0,0.5,0
34510043,285000.0,52.0,5481.0,1,1,Corujeira - Bonjóia,Campanhã,,41.1593808,-8.5811124,1,good,False,True,5,True,https://www.idealista.pt/imovel/34510043/,6,2.720730428001359,26.0,285012.0,0.5,1
34585937,470000.0,184.0,2554.0,3,3,Igreja do Bonfim - Lomba,Bonfim,,41.1479519,-8.5904783,bj,newdevelopment,True,True,11,False,https://www.idealista.pt/empreendimento/34585937/,6,1.7197048272274442,46.0,469936.0,0.75,1
34585934,500000.0,140.0,3571.0,3,3,Igreja do Bonfim - Lomba,Bonfim,,41.1479519,-8.5904783,4,newdevelopment,True,True,11,False,https://www.idealista.pt/empreendimento/34585934/,6,1.7197048272274442,35.0,499940.0,0.75,1
33166931,700000.0,280.0,2500.0,4,4,Lavadores,Canidelo,,41.1291608,-8.6544005,3,good,False,True,38,False,https://www.idealista.pt/imovel/33166931/,2,4.293658932287238,56.0,700000.0,0.8,0
34552919,588000.0,113.0,5204.0,2,2,Centro Histórico,Santa Marinha e São Pedro da Afurada,,41.1357065,-8.609038,,good,False,,33,False,https://www.idealista.pt/imovel/34552919/,7,1.5527350205404569,37.666666666666664,588052.0,0.6666666666666666,1
32460739,600000.0,138.0,4348.0,3,3,Boavista,Cedofeita - Santo Ildefonso - Sé - Miragaia - São Nicolau - Vitória,Júlio Dinis - Hospital Militar,41.156373,-8.6235707,2,,True,True,27,False,https://www.idealista.pt/empreendimento/32460739/,1,1.3009999847396327,34.5,600024.0,0.75,1
34348698,330000.0,128.0,2578.0,2,1,Coimbrões,Santa Marinha e São Pedro da Afurada,,41.1306341,-8.6245493,,renew,False,,19,False,https://www.idealista.pt/imovel/34348698/,7,2.3987452967500147,42.666666666666664,329984.0,0.3333333333333333,1
34620672,1750000.0,257.0,6809.0,4,4,Serralves,Lordelo do Ouro e Massarelos,,41.1604138,-8.6535695,,good,False,False,8,False,https://www.idealista.pt/imovel/34620672/,0,3.7693228230240394,51.4,1749913.0,0.8,0
34509659,285000.0,65.0,4385.0,1,1,Batalha - Guindais,Cedofeita - Santo Ildefonso - Sé - Miragaia - São Nicolau - Vitória,,41.1428452,-8.606785,2,good,False,False,14,True,https://www.idealista.pt/imovel/34509659/,6,0.8263619949753584,32.5,285025.0,0.5,1
34525658,380000.0,98.0,3878.0,2,2,Francos - Casa da Música - Pedro Hispano,Ramalde,,41.1678506,-8.6311864,,good,False,,24,True,https://www.idealista.pt/imovel/34525658/,1,2.6462558766293958,32.666666666666664,380044.0,0.6666666666666666,1
33719648,1250000.0,320.0,3906.0,4,4,Salgueiros,Canidelo,,41.1150089,-8.6598025,,good,False,,36,False,https://www.idealista.pt/imovel/33719648/,2,5.618606159749106,64.0,1249920.0,0.8,0
33802610,295000.0,117.0,2521.0,2,2,Lagos - Chavinha,Mafamude e Vilar do Paraíso,,41.1087514,-8.6229314,4,,True,True,11,False,https://www.idealista.pt/empreendimento/33802610/,7,4.652594377535352,39.0,294957.0,0.6666666666666666,0
33802601,290000.0,117.0,2479.0,2,2,Lagos - Chavinha,Mafamude e Vilar do Paraíso,,41.1087514,-8.6229314,2,,True,True,11,False,https://www.idealista.pt/empreendimento/33802601/,7,4.652594377535352,39.0,290043.0,0.6666666666666666,0
33802569,297500.0,117.0,2543.0,2,2,Lagos - Chavinha,Mafamude e Vilar do Paraíso,,41.1087514,-8.6229314,3,,True,True,11,False,https://www.idealista.pt/empreendimento/33802569/,7,4.652594377535352,39.0,297531.0,0.6666666666666666,0
34611519,1600000.0,214.0,7477.0,3,3,Foz,Aldoar - Foz do Douro - Nevogilde,,41.1573597,-8.6810203,,good,False,False,8,False,https://www.idealista.pt/imovel/34611519/,0,5.933831076792338,53.5,1600078.0,0.75,0
34610486,328500.0,94.0,3495.0,1,1,Amial,Paranhos,,41.1781576,-8.6173334,2,good,False,False,8,False,https://www.idealista.pt/imovel/34610486/,5,3.220804096214411,47.0,328530.0,0.5,0
34630471,385000.0,80.0,4813.0,2,2,Covelo - Monte de São João,Paranhos,,41.1649129,-8.6052823,2,newdevelopment,True,True,14,False,https://www.idealista.pt/empreendimento/34630471/,6,1.7664756104108625,26.666666666666668,385040.0,0.6666666666666666,1
34582473,1450000.0,280.0,5179.0,3,3,Fluvial,Lordelo do Ouro e Massarelos,,41.1477949,-8.6566932,,good,False,,30,False,https://www.idealista.pt/imovel/34582473/,2,3.8395269237948235,70.0,1450120.0,0.75,0
34487459,400000.0,150.0,2667.0,3,2,Campo Alegre,Lordelo do Ouro e Massarelos,,41.1553799,-8.6494339,,good,False,True,11,False,https://www.idealista.pt/imovel/34487459/,0,3.2896591345181596,37.5,400050.0,0.5,0
29089458,1475000.0,476.0,3099.0,4,5,Serralves,Lordelo do Ouro e Massarelos,,41.1607107,-8.6607338,,good,False,,17,True,https://www.idealista.pt/imovel/29089458/,0,4.351262402971436,95.2,1475124.0,1.0,0
34700456,555000.0,109.0,5092.0,2,2,Freixo,Campanhã,,41.1438598,-8.5847685,1,newdevelopment,True,True,14,True,https://www.idealista.pt/empreendimento/34700456/,6,2.2792593493893665,36.333333333333336,555028.0,0.6666666666666666,1
34700450,625000.0,109.0,5734.0,2,2,Freixo,Campanhã,,41.1429067,-8.5860822,1,newdevelopment,True,True,14,True,https://www.idealista.pt/empreendimento/34700450/,6,2.2073365692699074,36.333333333333336,625006.0,0.6666666666666666,1
34700443,945000.0,192.0,4922.0,3,3,Freixo,Campanhã,,41.1467721,-8.5867127,2,newdevelopment,True,True,14,True,https://www.idealista.pt/empreendimento/34700443/,6,2.049491055750975,48.0,945024.0,0.75,1
34540425,425000.0,69.0,6159.0,2,2,Matosinhos Sul - Marginal,Matosinhos e Leça da Palmeira,,41.1763477,-8.6845226,2,good,False,True,14,True,https://www.idealista.pt/imovel/34540425/,0,6.84322179681187,23.0,424971.0,0.6666666666666666,0
34601295,260000.0,73.0,3562.0,1,1,Igreja do Bonfim - Lomba,Bonfim,,41.1482945,-8.5914828,,good,False,False,28,False,https://www.idealista.pt/imovel/34601295/,6,1.63226907426425,36.5,260026.0,0.5,1
34663158,280000.0,99.0,2828.0,3,2,Ouro - Condominhas,Lordelo do Ouro e Massarelos,,41.1535916,-8.649882,bj,good,False,True,17,False,https://www.idealista.pt/imovel/34663158/,0,3.2938698862916236,24.75,279972.0,0.5,0
32976065,290000.0,36.0,8056.0,1,1,Centro Histórico,Cedofeita - Santo Ildefonso - Sé - Miragaia - São Nicolau - Vitória,Rua das Flores - Mouzinho,41.1430273,-8.6139853,1,good,False,True,15,False,https://www.idealista.pt/imovel/32976065/,1,0.7751669626024145,18.0,290016.0,0.5,1
34585993,470000.0,140.0,3357.0,3,3,Igreja do Bonfim - Lomba,Bonfim,,41.1479519,-8.5904783,1,newdevelopment,True,True,11,False,https://www.idealista.pt/empreendimento/34585993/,6,1.7197048272274442,35.0,469980.0,0.75,1
33236978,520000.0,79.0,6582.0,2,2,Centro Histórico,Cedofeita - Santo Ildefonso - Sé - Miragaia - São Nicolau - Vitória,Vitória - Clérigos,41.1455764,-8.6146395,2,renew,False,False,10,False,https://www.idealista.pt/imovel/33236978/,1,0.5460870181904929,26.333333333333332,519978.0,0.6666666666666666,1
34383929,569000.0,151.0,3768.0,3,3,Lapa - Bouça,Cedofeita - Santo Ildefonso - Sé - Miragaia - São Nicolau - Vitória,,41.161506,-8.6170114,2,newdevelopment,True,True,11,False,https://www.idealista.pt/empreendimento/34383929/,1,1.4193194700960414,37.75,568968.0,0.75,1
34383924,435000.0,116.0,3750.0,2,3,Lapa - Bouça,Cedofeita - Santo Ildefonso - Sé - Miragaia - São Nicolau - Vitória,,41.161506,-8.6170114,1,newdevelopment,True,True,11,False,https://www.idealista.pt/empreendimento/34383924/,1,1.4193194700960414,38.666666666666664,435000.0,1.0,1
34599898,925000.0,116.0,7974.0,3,3,Aviz - Cristo Rei,Aldoar - Foz do Douro - Nevogilde,,41.1638013,-8.6691526,,renew,False,True,7,False,https://www.idealista.pt/imovel/34599898/,0,5.126192593696922,29.0,924984.0,0.75,0
34662855,265000.0,72.0,3681.0,1,1,São Roque da Lameira,Campanhã,,41.1628609,-8.5765027,4,good,False,True,25,False,https://www.idealista.pt/imovel/34662855/,3,3.235324447247011,36.0,265032.0,0.5,0
34693738,500000.0,98.0,5102.0,2,2,Amial,Paranhos,,41.1774902,-8.620438,,good,False,,5,False,https://www.idealista.pt/imovel/34693738/,5,3.202381558671062,32.666666666666664,499996.0,0.6666666666666666,0
34706723,790000.0,341.0,2317.0,4,4,Serralves,Lordelo do Ouro e Massarelos,,41.1572666,-8.6511862,,good,False,,25,False,https://www.idealista.pt/imovel/34706723/,0,3.478993438178224,68.2,790097.0,0.8,0
31586725,695000.0,140.0,4964.0,3,2,Boavista,Cedofeita - Santo Ildefonso - Sé - Miragaia - São Nicolau - Vitória,Casa da Música,41.1587069,-8.6282914,,good,False,False,17,True,https://www.idealista.pt/imovel/31586725/,1,1.7735750394487146,35.0,694960.0,0.5,1
34017659,305000.0,106.0,2877.0,2,2,Contumil - Nicolau Nasoni,Campanhã,,41.168086,-8.5800177,1,newdevelopment,True,True,10,False,https://www.idealista.pt/empreendimento/34017659/,3,3.3029515611547837,35.333333333333336,304962.0,0.6666666666666666,0
34600624,320000.0,87.0,3678.0,2,2,Seara - Freixieiro,Oliveira do Douro,,41.1143712,-8.5778695,1,good,False,True,8,False,https://www.idealista.pt/imovel/34600624/,4,4.795590528801609,29.0,319986.0,0.6666666666666666,0
34565595,548000.0,80.0,6850.0,1,1,Centro Histórico,Santa Marinha e São Pedro da Afurada,,41.1383321,-8.610857,,good,False,False,22,False,https://www.idealista.pt/imovel/34565595/,7,1.2529384876913314,40.0,548000.0,0.5,1
34692588,499900.0,106.0,4716.0,2,2,Boavista,Cedofeita - Santo Ildefonso - Sé - Miragaia - São Nicolau - Vitória,Casa da Música,41.1616183,-8.6343053,,good,False,False,6,False,https://www.idealista.pt/imovel/34692588/,1,2.3718421922369397,35.333333333333336,499896.0,0.6666666666666666,1
34633585,415000.0,150.0,2767.0,3,2,Centro,Rio Tinto,,41.175521,-8.5607113,bj,good,False,True,36,True,https://www.idealista.pt/imovel/34633585/,3,5.095049294753821,37.5,415050.0,0.5,0
34017517,310000.0,108.0,2870.0,2,2,Contumil - Nicolau Nasoni,Campanhã,,41.1711485,-8.5796692,2,newdevelopment,True,True,10,False,https://www.idealista.pt/empreendimento/34017517/,3,3.5463805340918864,36.0,309960.0,0.6666666666666666,0
34617514,315000.0,79.0,3987.0,2,2,Contumil - Nicolau Nasoni,Campanhã,,41.1681241,-8.5782494,4,,True,True,11,False,https://www.idealista.pt/empreendimento/34617514/,3,3.422616074361251,26.333333333333332,314973.0,0.6666666666666666,0
34617506,310000.0,79.0,3924.0,2,2,Contumil - Nicolau Nasoni,Campanhã,,41.1689721,-8.5799877,4,,True,True,11,False,https://www.idealista.pt/empreendimento/34617506/,3,3.36707071709315,26.333333333333332,309996.0,0.6666666666666666,0
34537452,250000.0,69.0,3623.0,1,1,Antas - Praça Velásquez,Bonfim,,41.1588857,-8.5931785,2,newdevelopment,True,True,10,False,https://www.idealista.pt/empreendimento/34537452/,6,1.8076145047460654,34.5,249987.0,0.5,1
34537440,380000.0,100.0,3800.0,2,1,Antas - Praça Velásquez,Bonfim,,41.1600672,-8.5935782,5,newdevelopment,True,True,10,False,https://www.idealista.pt/empreendimento/34537440/,6,1.8595186227196834,33.333333333333336,380000.0,0.3333333333333333,1
34662401,265000.0,52.0,5096.0,1,1,Liceu - Paço do Rei,Mafamude e Vilar do Paraíso,,41.1249135,-8.6044837,,newdevelopment,True,True,13,False,https://www.idealista.pt/empreendimento/34662401/,7,2.7971101806591743,26.0,264992.0,0.5,1
34662390,220000.0,41.0,5366.0,0,1,Liceu - Paço do Rei,Mafamude e Vilar do Paraíso,,41.1249135,-8.6044837,,newdevelopment,True,True,13,False,https://www.idealista.pt/empreendimento/34662390/,7,2.7971101806591743,41.0,220006.0,1.0,1
34662383,430000.0,134.0,3209.0,2,2,Liceu - Paço do Rei,Mafamude e Vilar do Paraíso,,41.1249135,-8.6044837,,newdevelopment,True,True,13,False,https://www.idealista.pt/empreendimento/34662383/,7,2.7971101806591743,44.666666666666664,430006.0,0.6666666666666666,1
33904380,860000.0,169.0,5089.0,4,3,Foz,Aldoar - Foz do Douro - Nevogilde,,41.1600909,-8.6745125,4,good,False,True,29,True,https://www.idealista.pt/imovel/33904380/,0,5.452051465171123,33.8,860041.0,0.6,0
34562349,850000.0,126.0,6746.0,2,2,Serralves,Lordelo do Ouro e Massarelos,,41.1557652,-8.649937,2,good,False,True,8,False,https://www.idealista.pt/imovel/34562349/,0,3.339501480443618,42.0,849996.0,0.6666666666666666,0
34438337,670000.0,220.0,3045.0,4,4,Centro de Senhora da Hora,São Mamede de Infesta e Senhora da Hora,,41.1893689,-8.6520703,,good,False,,72,True,https://www.idealista.pt/imovel/34438337/,5,5.606301856739583,44.0,669900.0,0.8,0
34464322,895000.0,242.0,3698.0,4,3,Baixa,Cedofeita - Santo Ildefonso - Sé - Miragaia - São Nicolau - Vitória,Bolhão,41.1537768,-8.6054877,9,good,False,True,33,True,https://www.idealista.pt/imovel/34464322/,6,0.6488843421343697,48.4,894916.0,0.6,1
34029319,660000.0,151.0,4371.0,3,2,Boavista,Cedofeita - Santo Ildefonso - Sé - Miragaia - São Nicolau - Vitória,Júlio Dinis - Hospital Militar,41.156373,-8.6235707,,,True,True,27,False,https://www.idealista.pt/empreendimento/34029319/,1,1.3009999847396327,37.75,660021.0,0.5,1
31887312,450000.0,209.0,2153.0,1,1,Hospital São João - Pólo Universitário,Paranhos,,41.1767078,-8.5887286,,good,False,,1,True,https://www.idealista.pt/imovel/31887312/,3,3.539839993406416,104.5,449977.0,0.5,0
34344295,699000.0,180.0,3883.0,3,1,Boavista,Cedofeita - Santo Ildefonso - Sé - Miragaia - São Nicolau - Vitória,Casa da Música,41.1622502,-8.6307582,,good,False,,13,False,https://www.idealista.pt/imovel/34344295/,1,2.17777412956214,45.0,698940.0,0.25,1
34581222,265000.0,64.0,4141.0,1,1,São Roque da Lameira,Campanhã,,41.1618458,-8.5772028,bj,good,False,True,8,False,https://www.idealista.pt/imovel/34581222/,3,3.132597303436166,32.0,265024.0,0.5,0
34428209,300000.0,79.0,3797.0,2,2,Contumil - Nicolau Nasoni,Campanhã,,41.1678582,-8.57978,2,,True,True,11,False,https://www.idealista.pt/empreendimento/34428209/,3,3.302924681374165,26.333333333333332,299963.0,0.6666666666666666,0
34666199,930000.0,142.0,6549.0,1,2,Foz Velha,Aldoar - Foz do Douro - Nevogilde,,41.147907,-8.6634613,,newdevelopment,True,,19,False,https://www.idealista.pt/empreendimento/34666199/,0,4.404992395803357,71.0,929958.0,1.0,0
34635177,365000.0,150.0,2433.0,4,2,,Águas Santas,,41.2000882,-8.5748424,3,good,False,True,1,False,https://www.idealista.pt/imovel/34635177/,3,6.3737838123865735,30.0,364950.0,0.4,0
33894130,380000.0,95.0,4000.0,2,2,Afurada - Arrábida - Cavaco,Santa Marinha e São Pedro da Afurada,,41.141862,-8.6413086,4,newdevelopment,True,True,14,False,https://www.idealista.pt/empreendimento/33894130/,2,2.6876845612246094,31.666666666666668,380000.0,0.6666666666666666,1
33894114,277000.0,62.0,4468.0,1,1,Afurada - Arrábida - Cavaco,Santa Marinha e São Pedro da Afurada,,41.141862,-8.6413086,9,newdevelopment,True,True,14,False,https://www.idealista.pt/empreendimento/33894114/,2,2.6876845612246094,31.0,277016.0,0.5,1
34477088,217500.0,36.0,6042.0,1,1,Santos Pousada,Bonfim,,41.1605191,-8.5995749,,good,False,,11,False,https://www.idealista.pt/imovel/34477088/,6,1.5405087271690447,18.0,217512.0,0.5,1
34631078,650000.0,150.0,4333.0,3,2,Parque de Real - Água Viva,Matosinhos e Leça da Palmeira,,41.1809556,-8.6723537,,good,False,True,15,True,https://www.idealista.pt/imovel/34631078/,0,6.214450865707057,37.5,649950.0,0.5,0
34384081,929000.0,293.0,3171.0,4,4,Lapa - Bouça,Cedofeita - Santo Ildefonso - Sé - Miragaia - São Nicolau - Vitória,,41.161506,-8.6170114,6,newdevelopment,True,True,13,False,https://www.idealista.pt/empreendimento/34384081/,1,1.4193194700960414,58.6,929103.0,0.8,1
32895077,354000.0,54.0,6556.0,1,1,Centro Histórico,Cedofeita - Santo Ildefonso - Sé - Miragaia - São Nicolau - Vitória,São Bento - Cimo de Vila,41.1423824,-8.6083728,3,good,False,False,18,False,https://www.idealista.pt/imovel/32895077/,6,0.829989724617033,27.0,354024.0,0.5,1
34484992,319000.0,43.0,7419.0,1,1,Centro Histórico,Cedofeita - Santo Ildefonso - Sé - Miragaia - São Nicolau - Vitória,Sé,41.1447614,-8.6124042,2,good,False,False,35,True,https://www.idealista.pt/imovel/34484992/,1,0.5525733271194249,21.5,319017.0,0.5,1
34555961,670000.0,126.0,5317.0,3,4,Constituição,Cedofeita - Santo Ildefonso - Sé - Miragaia - São Nicolau - Vitória,,41.1634872,-8.6236611,,good,False,,15,False,https://www.idealista.pt/imovel/34555961/,1,1.8777404766899142,31.5,669942.0,1.0,1
34554925,530000.0,251.0,2112.0,3,3,Antas - Estádio do Dragão,Campanhã,,41.1615147,-8.5843229,2,,True,True,15,False,https://www.idealista.pt/empreendimento/34554925/,6,2.5896325567220777,62.75,530112.0,0.75,1
33909908,890000.0,254.0,3504.0,3,3,Foz Velha,Aldoar - Foz do Douro - Nevogilde,,41.1539597,-8.6768138,,renew,False,,8,False,https://www.idealista.pt/imovel/33909908/,0,5.539971582560691,63.5,890016.0,0.75,0
34717792,252000.0,64.0,3938.0,1,1,Campo 24 de Agosto,Bonfim,,41.1487488,-8.597607,3,good,False,True,10,False,https://www.idealista.pt/imovel/34717792/,6,1.1170355114993953,32.0,252032.0,0.5,1
34033785,447150.0,101.0,4427.0,2,2,Constituição,Cedofeita - Santo Ildefonso - Sé - Miragaia - São Nicolau - Vitória,,41.1622158,-8.6106406,,good,False,,35,True,https://www.idealista.pt/imovel/34033785/,1,1.4029810500965822,33.666666666666664,447127.0,0.6666666666666666,1
34381779,410000.0,150.0,2733.0,3,3,Centro de Senhora da Hora,São Mamede de Infesta e Senhora da Hora,,41.1859247,-8.6518569,3,good,False,True,29,True,https://www.idealista.pt/imovel/34381779/,5,5.297922994515593,37.5,409950.0,0.75,0
33017761,499000.0,109.0,4578.0,1,1,Foz,Aldoar - Foz do Douro - Nevogilde,,41.1610157,-8.6825193,,good,False,True,22,False,https://www.idealista.pt/imovel/33017761/,0,6.128987763512072,54.5,499002.0,0.5,0
34496698,630000.0,118.0,5339.0,3,3,Serralves,Lordelo do Ouro e Massarelos,,41.156803,-8.6545504,,renew,False,False,24,False,https://www.idealista.pt/imovel/34496698/,0,3.741345232054773,29.5,630002.0,0.75,0
34549639,540000.0,136.0,3971.0,3,3,Centro de Senhora da Hora,São Mamede de Infesta e Senhora da Hora,,41.1879913,-8.6509257,2,good,False,False,57,True,https://www.idealista.pt/imovel/34549639/,5,5.426638266164586,34.0,540056.0,0.75,0
34034609,899000.0,318.0,2827.0,4,5,Antas - Estádio do Dragão,Campanhã,,41.1615147,-8.5843229,4,newdevelopment,True,True,15,False,https://www.idealista.pt/empreendimento/34034609/,6,2.5896325567220777,63.6,898986.0,1.0,1
34280424,989000.0,321.0,3081.0,3,4,Praia,Madalena,,41.1106952,-8.6600245,,good,False,,13,False,https://www.idealista.pt/imovel/34280424/,2,5.970131015163176,80.25,989001.0,1.0,0
34499410,325000.0,135.0,2407.0,3,2,Seara - Freixieiro,Oliveira do Douro,,41.1168191,-8.5756173,1,good,False,False,34,False,https://www.idealista.pt/imovel/34499410/,4,4.692348059102735,33.75,324945.0,0.5,0
34590394,650000.0,242.0,2686.0,5,0,Baixa,Cedofeita - Santo Ildefonso - Sé - Miragaia - São Nicolau - Vitória,Cedofeita,41.1533078,-8.6244581,12,renew,False,False,25,False,https://www.idealista.pt/imovel/34590394/,1,1.2077274328816028,40.333333333333336,650012.0,0.0,1
34578363,549000.0,180.0,3050.0,3,3,Antas - Estádio do Dragão,Campanhã,,41.1615147,-8.5843229,3,newdevelopment,True,True,14,False,https://www.idealista.pt/empreendimento/34578363/,6,2.5896325567220777,45.0,549000.0,0.75,1
34295301,1600000.0,330.0,4848.0,3,4,Foz,Aldoar - Foz do Douro - Nevogilde,,41.1600593,-8.6745117,bj,newdevelopment,True,False,16,False,https://www.idealista.pt/empreendimento/34295301/,0,5.451236551169636,82.5,1599840.0,1.0,0
34295292,1725000.0,231.0,7468.0,3,4,Foz,Aldoar - Foz do Douro - Nevogilde,,41.1613498,-8.6749931,bj,newdevelopment,True,False,16,False,https://www.idealista.pt/empreendimento/34295292/,0,5.522744331239804,57.75,1725108.0,1.0,0
34266291,299000.0,94.0,3181.0,2,2,ESMAE - Doze Casas,Bonfim,,41.1553807,-8.604565,1,good,False,True,18,False,https://www.idealista.pt/imovel/34266291/,6,0.8333646797299339,31.333333333333332,299014.0,0.6666666666666666,1
34712290,265000.0,72.0,3681.0,1,1,São Roque da Lameira,Campanhã,,41.1620264,-8.5764797,5,good,False,True,25,False,https://www.idealista.pt/imovel/34712290/,3,3.1958538916039414,36.0,265032.0,0.5,0
34585198,1150000.0,220.0,5227.0,5,4,Serralves,Lordelo do Ouro e Massarelos,,41.1616069,-8.6612029,,good,False,True,31,False,https://www.idealista.pt/imovel/34585198/,0,4.41799332700872,36.666666666666664,1149940.0,0.6666666666666666,0
34662143,389500.0,158.0,2465.0,6,2,Santegãos - Estrada Nova - Campainha,Rio Tinto,,41.1928032,-8.5702414,,good,False,,27,False,https://www.idealista.pt/imovel/34662143/,3,5.887263365731785,22.571428571428573,389470.0,0.2857142857142857,0
34335107,1500000.0,355.0,4225.0,4,5,Antas - Praça Velásquez,Bonfim,,41.1630723,-8.5931778,,good,False,,63,True,https://www.idealista.pt/imovel/34335107/,6,2.108449271143406,71.0,1499875.0,1.0,1
34637056,285000.0,61.0,4672.0,1,1,Boavista,Cedofeita - Santo Ildefonso - Sé - Miragaia - São Nicolau - Vitória,Ramalda Alta,41.1617176,-8.6216937,1,good,False,True,24,False,https://www.idealista.pt/imovel/34637056/,1,1.622386056866619,30.5,284992.0,0.5,1
34513035,1250000.0,388.0,3222.0,4,4,Salgueiros,Canidelo,,41.1178043,-8.6572088,,good,False,,25,True,https://www.idealista.pt/imovel/34513035/,2,5.24798870989161,77.6,1250136.0,0.8,0
34414034,305000.0,111.0,2748.0,3,2,Seara - Freixieiro,Oliveira do Douro,,41.113292,-8.5762224,,good,False,,19,False,https://www.idealista.pt/imovel/34414034/,4,4.973392749654792,27.75,305028.0,0.5,0
34549961,650000.0,137.0,4745.0,2,2,Lavadores,Canidelo,,41.1352653,-8.6655675,3,good,False,True,33,False,https://www.idealista.pt/imovel/34549961/,2,4.847325606802398,45.666666666666664,650065.0,0.6666666666666666,0
34617956,315000.0,90.0,3500.0,1,1,Palácio de Cristal - Galiza - Vilar,Lordelo do Ouro e Massarelos,,41.148812,-8.627512,1,good,False,True,16,False,https://www.idealista.pt/imovel/34617956/,1,1.3936735869408934,45.0,315000.0,0.5,1
33385952,690000.0,163.0,4233.0,6,4,Liceu - Paço do Rei,Mafamude e Vilar do Paraíso,,41.1208435,-8.6055783,,good,False,,60,False,https://www.idealista.pt/imovel/33385952/,7,3.2284869188468748,23.285714285714285,689979.0,0.5714285714285714,0
33527889,685000.0,188.0,3644.0,3,3,Pinhais da Foz,Aldoar - Foz do Douro - Nevogilde,,41.1570309,-8.6691617,2,good,False,True,24,False,https://www.idealista.pt/imovel/33527889/,0,4.947411381752407,47.0,685072.0,0.75,0
34572848,320000.0,112.0,2857.0,2,2,Sampaio-Alumiara-Verdinho,Canidelo,,41.1312734,-8.6407568,2,good,False,False,18,False,https://www.idealista.pt/imovel/34572848/,2,3.225506848737193,37.333333333333336,319984.0,0.6666666666666666,0
34614814,359000.0,92.0,3902.0,2,3,Lavadores,Canidelo,,41.1320547,-8.662296,3,good,False,True,13,False,https://www.idealista.pt/imovel/34614814/,2,4.725452714125537,30.666666666666668,358984.0,1.0,0
34547800,249000.0,144.0,1729.0,3,2,Santegãos - Estrada Nova - Campainha,Rio Tinto,,41.1914108,-8.5578607,2,good,False,False,28,True,https://www.idealista.pt/imovel/34547800/,3,6.428366533687021,36.0,248976.0,0.5,0
33827782,1490000.0,315.0,4730.0,4,4,Foz Velha,Aldoar - Foz do Douro - Nevogilde,,41.1473969,-8.6704525,,good,False,True,25,False,https://www.idealista.pt/imovel/33827782/,0,4.992375850471957,63.0,1489950.0,0.8,0
34629780,289900.0,113.0,2565.0,2,2,Arca d'Água - Campo Lindo - Vale Formoso,Paranhos,,41.1716682,-8.6180397,1,good,False,True,12,False,https://www.idealista.pt/imovel/34629780/,1,2.525615303753469,37.666666666666664,289845.0,0.6666666666666666,1
34629771,309900.0,116.0,2672.0,2,2,Arca d'Água - Campo Lindo - Vale Formoso,Paranhos,,41.1721428,-8.6193512,1,good,False,True,12,False,https://www.idealista.pt/imovel/34629771/,1,2.6045750087939226,38.666666666666664,309952.0,0.6666666666666666,1
34629770,389900.0,146.0,2671.0,2,2,Arca d'Água - Campo Lindo - Vale Formoso,Paranhos,,41.1715429,-8.6193728,1,good,False,True,12,False,https://www.idealista.pt/imovel/34629770/,1,2.5409469571103003,48.666666666666664,389966.0,0.6666666666666666,1
34470757,512500.0,101.0,5074.0,3,3,Serralves,Lordelo do Ouro e Massarelos,,41.1550227,-8.6506706,,newdevelopment,True,True,10,False,https://www.idealista.pt/empreendimento/34470757/,0,3.3839737647360804,25.25,512474.0,0.75,0
34466740,345000.0,89.0,3876.0,2,3,São João - Asprela - Telheiro,São Mamede de Infesta e Senhora da Hora,,41.1885675,-8.6161197,1,good,False,True,19,False,https://www.idealista.pt/imovel/34466740/,5,4.354960253753234,29.666666666666668,344964.0,1.0,0
34669622,330000.0,170.0,1941.0,4,2,Constituição,Cedofeita - Santo Ildefonso - Sé - Miragaia - São Nicolau - Vitória,,41.1644414,-8.6160336,1,good,False,True,17,False,https://www.idealista.pt/imovel/34669622/,1,1.7053343640988297,34.0,329970.0,0.4,1
34650618,380000.0,138.0,2754.0,2,2,Lavadores,Canidelo,,41.1274377,-8.6544352,3,good,False,True,20,False,https://www.idealista.pt/imovel/34650618/,2,4.400529313800555,46.0,380052.0,0.6666666666666666,0
31953500,640000.0,315.0,2032.0,4,7,Quinta das Rosas - Rasa de Baixo,Mafamude e Vilar do Paraíso,,41.1152577,-8.6123884,,good,False,,29,True,https://www.idealista.pt/imovel/31953500/,7,3.8207235703345117,63.0,640080.0,1.4,0
34658445,250000.0,53.0,4717.0,1,1,Areosa - Fernão de Magalhães,Paranhos,,41.1796349,-8.5839965,3,renew,False,True,14,False,https://www.idealista.pt/imovel/34658445/,3,4.028113268758081,26.5,250001.0,0.5,0
32687371,435000.0,142.0,3063.0,3,3,Lavadores,Canidelo,,41.1332016,-8.666985,4,good,False,True,23,False,https://www.idealista.pt/imovel/32687371/,2,5.038084274704977,35.5,434946.0,0.75,0
34639351,298820.0,45.0,6640.0,1,1,Baixa,Cedofeita - Santo Ildefonso - Sé - Miragaia - São Nicolau - Vitória,Santa Catarina,41.1521377,-8.6068596,2,good,False,True,7,False,https://www.idealista.pt/imovel/34639351/,6,0.44053042962531636,22.5,298800.0,0.5,1
33151301,265000.0,83.0,3193.0,1,1,Quinta Seca - Azenha de Cima,São Mamede de Infesta e Senhora da Hora,,41.1780201,-8.6568394,1,newdevelopment,True,True,10,False,https://www.idealista.pt/empreendimento/33151301/,0,4.977505524029121,41.5,265019.0,0.5,0
33428260,770000.0,209.0,3684.0,3,3,Matosinhos Sul - Marginal,Matosinhos e Leça da Palmeira,,41.1769062,-8.6852463,4,good,False,True,32,True,https://www.idealista.pt/imovel/33428260/,0,6.924813529613216,52.25,769956.0,0.75,0
34543255,260000.0,59.0,4407.0,1,1,Santos Pousada,Bonfim,,41.1541408,-8.600817,3,good,False,True,10,False,https://www.idealista.pt/imovel/34543255/,6,0.9836823807728906,29.5,260013.0,0.5,1
33344257,390000.0,116.0,3362.0,4,2,Centro Histórico,Cedofeita - Santo Ildefonso - Sé - Miragaia - São Nicolau - Vitória,Rua das Flores - Mouzinho,41.142991,-8.6134832,2,good,False,False,27,False,https://www.idealista.pt/imovel/33344257/,1,0.7660580719114753,23.2,389992.0,0.4,1
34710240,260000.0,123.0,2114.0,2,2,São Cosme,São Cosme - Valbom - Jovim,Cimo da Serra - Bouça das Almas - Taralhão,41.1501069,-8.5311743,,good,False,True,17,False,https://www.idealista.pt/imovel/34710240/,4,6.675574310701805,41.0,260022.0,0.6666666666666666,0
34327229,300000.0,79.0,3797.0,0,0,Ouro - Condominhas,Lordelo do Ouro e Massarelos,,41.1486844,-8.6482437,,renew,False,,21,False,https://www.idealista.pt/imovel/34327229/,2,3.1284338648875942,79.0,299963.0,0.0,0
34525161,249000.0,107.0,2327.0,3,1,Parque Oriental - Azevedo,Campanhã,,41.1501884,-8.5635034,,good,False,,36,False,https://www.idealista.pt/imovel/34525161/,4,3.968996870716666,26.75,248989.0,0.25,0
34624139,265000.0,92.0,2880.0,3,3,,Águas Santas,,41.1978993,-8.5803138,2,good,False,True,13,False,https://www.idealista.pt/imovel/34624139/,3,5.949571670396164,23.0,264960.0,0.75,0
34595109,580000.0,229.0,2533.0,4,3,Barranha - Vasco da Gama,São Mamede de Infesta e Senhora da Hora,,41.1870635,-8.6642921,4,good,False,True,32,False,https://www.idealista.pt/imovel/34595109/,0,6.1095983055575855,45.8,580057.0,0.6,0
34337107,410000.0,125.0,3280.0,3,2,Lavadores,Canidelo,,41.1271146,-8.6528553,4,good,False,True,33,False,https://www.idealista.pt/imovel/34337107/,2,4.312292952471379,31.25,410000.0,0.5,0
33708094,315000.0,111.0,2838.0,2,2,Monte de Burgos - Padrão da Légua,São Mamede de Infesta e Senhora da Hora,,41.1827971,-8.6223566,3,good,False,True,29,False,https://www.idealista.pt/imovel/33708094/,5,3.8138896983039055,37.0,315018.0,0.6666666666666666,0
34497097,1050000.0,173.0,6069.0,3,3,Serralves,Lordelo do Ouro e Massarelos,,41.1626987,-8.6612581,3,good,False,True,12,False,https://www.idealista.pt/imovel/34497097/,0,4.460518505291559,43.25,1049937.0,0.75,0
33888088,370000.0,140.0,2643.0,5,2,Campo 24 de Agosto,Bonfim,,41.1535419,-8.5967786,6,good,False,False,15,False,https://www.idealista.pt/imovel/33888088/,6,1.2609695021819394,23.333333333333332,370020.0,0.3333333333333333,1
34497084,2250000.0,528.0,4261.0,4,4,Serralves,Lordelo do Ouro e Massarelos,,41.1635867,-8.659882,4,good,False,True,12,False,https://www.idealista.pt/imovel/34497084/,0,4.385797052591855,105.6,2249808.0,0.8,0
34317055,550000.0,318.0,1730.0,5,4,Centro,Madalena,,41.1031223,-8.6490748,,good,False,,26,False,https://www.idealista.pt/imovel/34317055/,2,6.0772477828006375,53.0,550140.0,0.6666666666666666,0
34622032,389900.0,141.0,2765.0,2,2,Arca d'Água - Campo Lindo - Vale Formoso,Paranhos,,41.1691432,-8.6172393,1,good,False,True,12,False,https://www.idealista.pt/imovel/34622032/,1,2.2369692994076007,47.0,389865.0,0.6666666666666666,1
34622031,310900.0,117.0,2657.0,2,2,Arca d'Água - Campo Lindo - Vale Formoso,Paranhos,,41.1692879,-8.619281,1,good,False,True,12,False,https://www.idealista.pt/imovel/34622031/,1,2.298881316859326,39.0,310869.0,0.6666666666666666,1
34637025,310000.0,66.0,4697.0,1,1,Boavista,Cedofeita - Santo Ildefonso - Sé - Miragaia - São Nicolau - Vitória,Ramalda Alta,41.1611382,-8.6219368,1,good,False,False,31,False,https://www.idealista.pt/imovel/34637025/,1,1.5810992547309135,33.0,310002.0,0.5,1
34682987,1703400.0,757.0,2250.0,4,4,Liceu - Paço do Rei,Mafamude e Vilar do Paraíso,,41.1237535,-8.6055245,8,good,False,True,44,True,https://www.idealista.pt/imovel/34682987/,7,2.9090430112384635,151.4,1703250.0,0.8,1
34702979,360000.0,139.0,2590.0,3,2,Igreja do Bonfim - Lomba,Bonfim,,41.1511496,-8.593342,,good,False,True,22,False,https://www.idealista.pt/imovel/34702979/,6,1.4801619387731038,34.75,360010.0,0.5,1
32009930,695000.0,103.0,6748.0,2,2,Cais das Pedras,Lordelo do Ouro e Massarelos,,41.1471603,-8.6312969,3,good,False,False,23,False,https://www.idealista.pt/imovel/32009930/,1,1.729257826572569,34.333333333333336,695044.0,0.6666666666666666,1
34131826,1025000.0,156.0,6571.0,3,3,Agramonte - Bom Sucesso - Guerra Junqueiro,Lordelo do Ouro e Massarelos,,41.1578244,-8.6380073,3,newdevelopment,True,True,14,False,https://www.idealista.pt/empreendimento/34131826/,1,2.446852721955723,39.0,1025076.0,0.75,1
34619789,220000.0,68.0,3235.0,1,1,Areinho - Quebrantões,Oliveira do Douro,,41.1308,-8.5960071,7,good,False,True,15,False,https://www.idealista.pt/imovel/34619789/,7,2.434218703999226,34.0,219980.0,0.5,1
33777777,250000.0,105.0,2381.0,2,3,Centro Histórico,Cedofeita - Santo Ildefonso - Sé - Miragaia - São Nicolau - Vitória,Sé,41.1442577,-8.6114287,,renew,False,,28,True,https://www.idealista.pt/imovel/33777777/,1,0.5956839162094756,35.0,250005.0,1.0,1
34163751,300000.0,97.0,3093.0,3,1,Camões - Gonçalo Cristóvão - Faria Guimarães,Cedofeita - Santo Ildefonso - Sé - Miragaia - São Nicolau - Vitória,,41.1583637,-8.6098563,1,good,False,True,26,False,https://www.idealista.pt/imovel/34163751/,6,0.9783889488543004,24.25,300021.0,0.25,1
33641730,610000.0,103.0,5922.0,2,3,Centro Histórico,Santa Marinha e São Pedro da Afurada,,41.1406914,-8.6207202,,good,False,,24,False,https://www.idealista.pt/imovel/33641730/,1,1.2874143712979307,34.333333333333336,609966.0,1.0,1
34092726,280000.0,65.0,4308.0,0,1,Batalha - Guindais,Cedofeita - Santo Ildefonso - Sé - Miragaia - São Nicolau - Vitória,,41.1447001,-8.6076374,1,good,False,False,15,False,https://www.idealista.pt/imovel/34092726/,6,0.609495655307823,65.0,280020.0,1.0,1
34122603,695000.0,103.0,6748.0,2,3,Cais das Pedras,Lordelo do Ouro e Massarelos,,41.1475767,-8.6301723,2,good,False,False,17,False,https://www.idealista.pt/imovel/34122603/,1,1.629285582714036,34.333333333333336,695044.0,1.0,1
33979604,670000.0,252.0,2659.0,4,6,Centro de Senhora da Hora,São Mamede de Infesta e Senhora da Hora,,41.1929319,-8.6539674,,good,False,,41,False,https://www.idealista.pt/imovel/33979604/,5,6.017516067338719,50.4,670068.0,1.2,0
34521523,330000.0,92.0,3587.0,2,1,Areosa - Fernão de Magalhães,Paranhos,,41.1784872,-8.5840402,1,good,False,True,14,False,https://www.idealista.pt/imovel/34521523/,3,3.9208655086511177,30.666666666666668,330004.0,0.3333333333333333,0
34409481,425000.0,60.0,7083.0,1,1,Baixa,Cedofeita - Santo Ildefonso - Sé - Miragaia - São Nicolau - Vitória,Cedofeita,41.150724,-8.6181477,5,good,False,True,15,False,https://www.idealista.pt/imovel/34409481/,1,0.6195752676819338,30.0,424980.0,0.5,1
34633461,399500.0,104.0,3841.0,2,2,Francos - Casa da Música - Pedro Hispano,Ramalde,,41.1628526,-8.6349348,1,good,False,True,14,False,https://www.idealista.pt/imovel/34633461/,1,2.494102460088828,34.666666666666664,399464.0,0.6666666666666666,1
34442453,325000.0,142.0,2289.0,2,3,Lavadores,Canidelo,,41.1320547,-8.662296,bj,good,False,True,15,False,https://www.idealista.pt/imovel/34442453/,2,4.725452714125537,47.333333333333336,325038.0,1.0,0
34409447,450000.0,63.0,7143.0,1,1,Baixa,Cedofeita - Santo Ildefonso - Sé - Miragaia - São Nicolau - Vitória,Cedofeita,41.1531437,-8.6193531,5,good,False,True,20,False,https://www.idealista.pt/imovel/34409447/,1,0.8100498791432671,31.5,450009.0,0.5,1
34436443,400000.0,107.0,3738.0,3,3,Custóias,Custóias - Leça do Balio - Guifões,,41.1941756,-8.6460568,,newdevelopment,True,True,14,False,https://www.idealista.pt/empreendimento/34436443/,5,5.764274479025332,26.75,399966.0,0.75,0
34436384,295000.0,72.0,4097.0,2,2,Custóias,Custóias - Leça do Balio - Guifões,,41.1941756,-8.6460568,,newdevelopment,True,True,14,False,https://www.idealista.pt/empreendimento/34436384/,5,5.764274479025332,24.0,294984.0,0.6666666666666666,0
34453268,290000.0,72.0,4028.0,2,2,Custóias,Custóias - Leça do Balio - Guifões,,41.1941756,-8.6460568,,,True,True,14,False,https://www.idealista.pt/empreendimento/34453268/,5,5.764274479025332,24.0,290016.0,0.6666666666666666,0
31905215,640000.0,300.0,2133.0,3,4,São Cosme,São Cosme - Valbom - Jovim,Encosta do Douro - Ramalde - Ermentão,41.1256515,-8.5368121,,good,False,,37,False,https://www.idealista.pt/imovel/31905215/,4,6.75177549069404,75.0,639900.0,1.0,0
34326200,350000.0,131.0,2672.0,2,2,Vilar do Paraíso - Junqueira - São Caetano,Mafamude e Vilar do Paraíso,,41.1082434,-8.6185202,,good,False,True,46,False,https://www.idealista.pt/imovel/34326200/,7,4.642722251956813,43.666666666666664,350032.0,0.6666666666666666,0
34238197,1898000.0,319.0,5950.0,5,5,Aviz - Cristo Rei,Aldoar - Foz do Douro - Nevogilde,,41.1621036,-8.666839,,good,False,,6,False,https://www.idealista.pt/imovel/34238197/,0,4.885295624684743,53.166666666666664,1898050.0,0.8333333333333334,0
34610043,219000.0,60.0,3650.0,1,1,,Pedrouços,,41.1874801,-8.5834647,2,good,False,True,11,False,https://www.idealista.pt/imovel/34610043/,3,4.7974313693948645,30.0,219000.0,0.5,0
34541014,249000.0,143.0,1741.0,3,2,Santegãos - Estrada Nova - Campainha,Rio Tinto,,41.1882852,-8.5554281,2,good,False,False,18,False,https://www.idealista.pt/imovel/34541014/,3,6.32956902877676,35.75,248963.0,0.5,0
34449993,500000.0,250.0,2000.0,6,2,São João - Asprela - Telheiro,São Mamede de Infesta e Senhora da Hora,,41.1839511,-8.6178825,,good,False,,41,False,https://www.idealista.pt/imovel/34449993/,5,3.8641282443216562,35.714285714285715,500000.0,0.2857142857142857,0
34163977,498000.0,127.0,3921.0,3,3,Sampaio-Alumiara-Verdinho,Canidelo,,41.1312856,-8.6461918,2,good,False,True,26,False,https://www.idealista.pt/imovel/34163977/,2,3.5890637706024657,31.75,497967.0,0.75,0
33994969,580000.0,221.0,2624.0,3,3,Serralves,Lordelo do Ouro e Massarelos,,41.1579434,-8.6529124,6,good,False,True,29,False,https://www.idealista.pt/imovel/33994969/,0,3.6377291305686588,55.25,579904.0,0.75,0
33373957,860000.0,261.0,3295.0,4,5,Centro,Madalena,,41.1064482,-8.6472802,,good,False,,9,True,https://www.idealista.pt/imovel/33373957/,2,5.684015416014484,52.2,859995.0,1.0,0
34131827,1085000.0,272.0,3989.0,2,3,Agramonte - Bom Sucesso - Guerra Junqueiro,Lordelo do Ouro e Massarelos,,41.1578244,-8.6380073,,newdevelopment,True,True,14,False,https://www.idealista.pt/empreendimento/34131827/,1,2.446852721955723,90.66666666666667,1085008.0,1.0,1
34642780,299000.0,94.0,3181.0,3,3,Arca d'Água - Campo Lindo - Vale Formoso,Paranhos,,41.1676571,-8.6168701,3,good,False,False,21,False,https://www.idealista.pt/imovel/34642780/,1,2.0691292307938633,23.5,299014.0,0.75,1
34680760,670000.0,200.0,3350.0,5,4,Arca d'Água - Campo Lindo - Vale Formoso,Paranhos,,41.1700775,-8.6125915,,good,False,,37,False,https://www.idealista.pt/imovel/34680760/,1,2.281393071504905,33.333333333333336,670000.0,0.6666666666666666,1
34113718,214900.0,60.0,3582.0,1,1,Centro de Valadares - Penedo - Valadarinho,Gulpilhares e Valadares,,41.0983509,-8.6252525,,newdevelopment,True,,13,True,https://www.idealista.pt/empreendimento/34113718/,7,5.8240674283456535,30.0,214920.0,0.5,0
33580676,270000.0,48.0,5625.0,0,1,Baixa,Cedofeita - Santo Ildefonso - Sé - Miragaia - São Nicolau - Vitória,Aliados - Clérigos - Carlos Alberto,41.1480687,-8.6174223,4,good,False,True,8,False,https://www.idealista.pt/imovel/33580676/,1,0.5720419597254279,48.0,270000.0,1.0,1
34188640,700000.0,129.0,5426.0,2,3,Foz Velha,Aldoar - Foz do Douro - Nevogilde,,41.1532142,-8.6763961,bj,good,False,False,41,False,https://www.idealista.pt/imovel/34188640/,0,5.498485540588811,43.0,699954.0,1.0,0
34633615,800000.0,102.0,7843.0,2,3,Aviz - Cristo Rei,Aldoar - Foz do Douro - Nevogilde,,41.1620341,-8.6710557,bj,good,False,True,8,False,https://www.idealista.pt/imovel/34633615/,0,5.222641431850208,34.0,799986.0,1.0,0
34109616,219000.0,75.0,2920.0,2,1,Centro Histórico,Santa Marinha e São Pedro da Afurada,,41.1342885,-8.6107223,1,good,False,False,17,False,https://www.idealista.pt/imovel/34109616/,7,1.7026261455023217,25.0,219000.0,0.3333333333333333,1
34664612,340000.0,63.0,5397.0,1,1,Cais das Pedras,Lordelo do Ouro e Massarelos,,41.1487987,-8.6305974,,renew,False,,7,False,https://www.idealista.pt/imovel/34664612/,1,1.6516610237557245,31.5,340011.0,0.5,1
34639549,330000.0,99.0,3333.0,2,2,Parque da Lavandeira - Sardão,Oliveira do Douro,,41.1261231,-8.5930095,1,good,False,True,24,False,https://www.idealista.pt/imovel/34639549/,7,3.009891787664647,33.0,329967.0,0.6666666666666666,0
34615376,890000.0,258.0,3450.0,4,4,Aviz - Cristo Rei,Aldoar - Foz do Douro - Nevogilde,,41.1616308,-8.6658006,,good,False,True,23,False,https://www.idealista.pt/imovel/34615376/,0,4.787077238792482,51.6,890100.0,0.8,0
34603366,560000.0,128.0,4375.0,3,3,Afurada - Arrábida - Cavaco,Santa Marinha e São Pedro da Afurada,,41.1435362,-8.6404878,,good,False,True,20,False,https://www.idealista.pt/imovel/34603366/,2,2.567589035403594,32.0,560000.0,0.75,1
34633306,340000.0,140.0,2429.0,4,3,Quinta Seca - Azenha de Cima,São Mamede de Infesta e Senhora da Hora,,41.180862,-8.6673256,1,good,False,True,27,False,https://www.idealista.pt/imovel/34633306/,0,5.864616593250556,28.0,340060.0,0.6,0
34212265,1550000.0,199.0,7789.0,3,4,Foz,Aldoar - Foz do Douro - Nevogilde,,41.159304,-8.6729966,2,newdevelopment,True,True,22,True,https://www.idealista.pt/empreendimento/34212265/,0,5.309705029948767,49.75,1550011.0,1.0,0
34212261,1850000.0,529.0,3497.0,3,4,Foz,Aldoar - Foz do Douro - Nevogilde,,41.1604544,-8.6725566,bj,newdevelopment,True,True,22,True,https://www.idealista.pt/empreendimento/34212261/,0,5.301249092624328,132.25,1849913.0,1.0,0
33488255,545000.0,77.0,7078.0,1,1,Baixa,Cedofeita - Santo Ildefonso - Sé - Miragaia - São Nicolau - Vitória,Batalha - Poveiros,41.1487562,-8.6045734,,good,False,False,16,False,https://www.idealista.pt/imovel/33488255/,6,0.537969258509935,38.5,545006.0,0.5,1
34393246,209000.0,49.0,4265.0,1,1,Campo Alegre,Lordelo do Ouro e Massarelos,,41.1551906,-8.6472764,4,good,False,True,24,False,https://www.idealista.pt/imovel/34393246/,0,3.108428904481898,24.5,208985.0,0.5,0
33958221,335000.0,130.0,2577.0,4,4,Igreja do Bonfim - Lomba,Bonfim,,41.147671,-8.5919433,,good,False,,31,False,https://www.idealista.pt/imovel/33958221/,6,1.6016785264438111,26.0,335010.0,0.8,1
34617052,240000.0,55.0,4364.0,0,1,Candal - Regadas,Santa Marinha e São Pedro da Afurada,,41.1324443,-8.6236444,1,good,False,True,8,False,https://www.idealista.pt/imovel/34617052/,7,2.1858618411232014,55.0,240020.0,1.0,1
34667883,1200000.0,260.0,4615.0,4,4,Centro,Madalena,,41.0987867,-8.6461087,,good,False,,23,False,https://www.idealista.pt/imovel/34667883/,2,6.373534720194747,52.0,1199900.0,0.8,0
34380831,387500.0,166.0,2334.0,3,3,Afurada - Arrábida - Cavaco,Santa Marinha e São Pedro da Afurada,,41.1396648,-8.6406547,5,good,False,True,19,True,https://www.idealista.pt/imovel/34380831/,2,2.7254629111955007,41.5,387444.0,0.75,1
34611762,280000.0,88.0,3182.0,2,1,Parque Oriental - Azevedo,Campanhã,,41.1508901,-8.5681145,,good,False,True,7,False,https://www.idealista.pt/imovel/34611762/,4,3.5852278845852186,29.333333333333332,280016.0,0.3333333333333333,0
34421730,810000.0,445.0,1820.0,5,3,Padrão da Légua - Av. Xanana Gusmão,Custóias - Leça do Balio - Guifões,,41.1888583,-8.627662,,good,False,,52,True,https://www.idealista.pt/imovel/34421730/,5,4.585258217117926,74.16666666666667,809900.0,0.5,0
34552691,850000.0,112.0,7589.0,2,3,Aviz - Cristo Rei,Aldoar - Foz do Douro - Nevogilde,,41.1659091,-8.6710053,2,newdevelopment,True,True,9,False,https://www.idealista.pt/empreendimento/34552691/,0,5.348751081471549,37.333333333333336,849968.0,1.0,0
34552690,800000.0,234.0,3419.0,2,3,Aviz - Cristo Rei,Aldoar - Foz do Douro - Nevogilde,,41.1659091,-8.6710053,bj,newdevelopment,True,True,9,False,https://www.idealista.pt/empreendimento/34552690/,0,5.348751081471549,78.0,800046.0,1.0,0
34552665,900000.0,174.0,5172.0,3,3,Aviz - Cristo Rei,Aldoar - Foz do Douro - Nevogilde,,41.1659091,-8.6710053,bj,newdevelopment,True,True,9,False,https://www.idealista.pt/empreendimento/34552665/,0,5.348751081471549,43.5,899928.0,0.75,0
34606650,520000.0,141.0,3688.0,3,3,Matosinhos Sul - Marginal,Matosinhos e Leça da Palmeira,,41.1795848,-8.682312,1,good,False,True,24,False,https://www.idealista.pt/imovel/34606650/,0,6.844840771620331,35.25,520008.0,0.75,0
34687626,1450000.0,465.0,3118.0,4,4,Praia,Madalena,,41.1085478,-8.6592443,,good,False,,35,False,https://www.idealista.pt/imovel/34687626/,2,6.101845056293841,93.0,1449870.0,0.8,0
34302613,380000.0,157.0,2420.0,4,2,Cooperativa dos Arquitectos - Fonte da Moura - Pedra Verde,Aldoar - Foz do Douro - Nevogilde,,41.176141,-8.6634552,,good,False,,28,False,https://www.idealista.pt/imovel/34302613/,0,5.297679673773154,31.4,379940.0,0.4,0
32835464,390000.0,167.0,2335.0,3,3,Coimbrões,Santa Marinha e São Pedro da Afurada,,41.1188863,-8.6303714,1,newdevelopment,True,True,12,False,https://www.idealista.pt/empreendimento/32835464/,7,3.7845529948788204,41.75,389945.0,0.75,0
32835414,380000.0,209.0,1818.0,3,3,Coimbrões,Santa Marinha e São Pedro da Afurada,,41.1188863,-8.6303714,bj,newdevelopment,True,True,12,False,https://www.idealista.pt/empreendimento/32835414/,7,3.7845529948788204,52.25,379962.0,0.75,0
33036342,897000.0,207.0,4333.0,3,3,Afurada - Arrábida - Cavaco,Santa Marinha e São Pedro da Afurada,,41.1400759,-8.641417,10,newdevelopment,True,True,14,True,https://www.idealista.pt/empreendimento/33036342/,2,2.7661066792704445,51.75,896931.0,0.75,1
34447341,350000.0,60.0,5833.0,0,1,Batalha - Guindais,Cedofeita - Santo Ildefonso - Sé - Miragaia - São Nicolau - Vitória,,41.1449803,-8.6014531,2,good,False,False,25,False,https://www.idealista.pt/imovel/34447341/,6,0.9431696093002269,60.0,349980.0,1.0,1
34212315,1920000.0,243.0,7901.0,4,5,Foz,Aldoar - Foz do Douro - Nevogilde,,41.160884,-8.6717736,1,newdevelopment,True,True,22,False,https://www.idealista.pt/empreendimento/34212315/,0,5.248635461162103,48.6,1919943.0,1.0,0
32965288,1100000.0,432.0,2546.0,5,2,Baixa,Cedofeita - Santo Ildefonso - Sé - Miragaia - São Nicolau - Vitória,Cedofeita,41.152986,-8.6210309,,renew,False,,30,True,https://www.idealista.pt/imovel/32965288/,1,0.9280355029782078,72.0,1099872.0,0.3333333333333333,1
34654267,560000.0,214.0,2617.0,4,3,Constituição,Cedofeita - Santo Ildefonso - Sé - Miragaia - São Nicolau - Vitória,,41.1632346,-8.6153075,2,good,False,True,43,True,https://www.idealista.pt/imovel/34654267/,1,1.5603568506032977,42.8,560038.0,0.6,1
34553257,305000.0,132.0,2311.0,3,2,Forno,Rio Tinto,,41.1946665,-8.5755568,,good,False,True,33,False,https://www.idealista.pt/imovel/34553257/,3,5.819188480688494,33.0,305052.0,0.5,0
33823218,2150000.0,379.0,5673.0,4,5,Foz,Aldoar - Foz do Douro - Nevogilde,,41.1620356,-8.6853008,,good,False,,46,False,https://www.idealista.pt/imovel/33823218/,0,6.380559533188905,75.8,2150067.0,1.0,0
33986154,225000.0,39.0,5769.0,0,1,Areosa - Fernão de Magalhães,Paranhos,,41.1795007,-8.5848209,4,,True,True,6,False,https://www.idealista.pt/empreendimento/33986154/,3,3.9774593080913947,39.0,224991.0,1.0,0
34681149,1400000.0,352.0,3977.0,4,5,Praia,Madalena,,41.101874,-8.6571506,,good,False,,42,False,https://www.idealista.pt/imovel/34681149/,2,6.570419280312485,70.4,1399904.0,1.0,0
33809098,750000.0,303.0,2475.0,3,5,Centro,Madalena,,41.1077644,-8.6463948,,good,False,,31,True,https://www.idealista.pt/imovel/33809098/,2,5.520719541261683,75.75,749925.0,1.25,0
32677082,350000.0,57.0,6140.0,1,1,Batalha - Guindais,Cedofeita - Santo Ildefonso - Sé - Miragaia - São Nicolau - Vitória,,41.14377,-8.6064295,3,good,False,False,13,False,https://www.idealista.pt/imovel/32677082/,6,0.7485790185321519,28.5,349980.0,0.5,1
34300041,279000.0,121.0,2306.0,3,2,Miragaia - Virtudes,Cedofeita - Santo Ildefonso - Sé - Miragaia - São Nicolau - Vitória,,41.1432962,-8.622216,,renew,False,,7,False,https://www.idealista.pt/imovel/34300041/,1,1.1786152318957073,30.25,279026.0,0.5,1
33282004,1700000.0,580.0,2931.0,5,7,Foz Velha,Aldoar - Foz do Douro - Nevogilde,,41.1541816,-8.6764109,,renew,False,,13,False,https://www.idealista.pt/imovel/33282004/,0,5.508586319031391,96.66666666666667,1699980.0,1.1666666666666667,0
34661969,349000.0,143.0,2441.0,3,2,Amial,Paranhos,,41.1773752,-8.6142473,,good,False,True,30,False,https://www.idealista.pt/imovel/34661969/,5,3.1011464618467017,35.75,349063.0,0.5,0
33975970,275000.0,67.0,4104.0,1,1,Agramonte - Bom Sucesso - Guerra Junqueiro,Lordelo do Ouro e Massarelos,,41.158122,-8.6379603,2,newdevelopment,True,False,18,True,https://www.idealista.pt/empreendimento/33975970/,1,2.455776764156187,33.5,274968.0,0.5,1
34211888,579900.0,286.0,2028.0,5,5,Pedra Verde,São Mamede de Infesta e Senhora da Hora,,41.1945793,-8.6252352,,good,False,,24,False,https://www.idealista.pt/imovel/34211888/,5,5.14338117812735,47.666666666666664,580008.0,0.8333333333333334,0
33814874,637000.0,131.0,4863.0,2,3,Sete Bicas,São Mamede de Infesta e Senhora da Hora,,41.1827119,-8.6483805,,good,False,,26,False,https://www.idealista.pt/imovel/33814874/,5,4.837311992183107,43.666666666666664,637053.0,1.0,0
33511872,795000.0,302.0,2632.0,4,2,Igreja do Bonfim - Lomba,Bonfim,,41.1491183,-8.591437,1,good,False,True,33,False,https://www.idealista.pt/imovel/33511872/,6,1.6305057799653166,60.4,794864.0,0.4,1
32446777,890000.0,195.0,4564.0,3,3,Foz Velha,Aldoar - Foz do Douro - Nevogilde,,41.1527318,-8.6776439,,good,False,,22,True,https://www.idealista.pt/imovel/32446777/,0,5.599114138967308,48.75,889980.0,0.75,0
32048750,560000.0,115.0,4870.0,3,2,Afurada - Arrábida - Cavaco,Santa Marinha e São Pedro da Afurada,,41.1428907,-8.641321,8,newdevelopment,True,True,22,False,https://www.idealista.pt/empreendimento/32048750/,2,2.6542564856224837,28.75,560050.0,0.5,1
34565681,220000.0,55.0,4000.0,0,1,Igreja do Bonfim - Lomba,Bonfim,,41.1506588,-8.5920678,,renew,False,True,8,False,https://www.idealista.pt/imovel/34565681/,6,1.5811799684425314,55.0,220000.0,1.0,1
34640674,265000.0,70.0,3786.0,2,1,Parque Oriental - Azevedo,Campanhã,,41.1518676,-8.5721708,2,good,False,True,8,False,https://www.idealista.pt/imovel/34640674/,4,3.2524939466371463,23.333333333333332,265020.0,0.3333333333333333,0
34640673,290000.0,81.0,3580.0,2,1,Parque Oriental - Azevedo,Campanhã,,41.1503319,-8.573817,3,good,False,True,8,False,https://www.idealista.pt/imovel/34640673/,4,3.105975856818472,27.0,289980.0,0.3333333333333333,0
34640672,285000.0,80.0,3563.0,2,1,Parque Oriental - Azevedo,Campanhã,,41.1503108,-8.5748265,2,good,False,True,8,False,https://www.idealista.pt/imovel/34640672/,4,3.021419820728293,26.666666666666668,285040.0,0.3333333333333333,0
34640671,280000.0,90.0,3111.0,2,1,Parque Oriental - Azevedo,Campanhã,,41.1535044,-8.5738657,1,good,False,True,8,False,https://www.idealista.pt/imovel/34640671/,4,3.1310028413207838,30.0,279990.0,0.3333333333333333,0
34640670,280000.0,88.0,3182.0,2,1,Parque Oriental - Azevedo,Campanhã,,41.1521955,-8.5752686,1,good,False,True,8,False,https://www.idealista.pt/imovel/34640670/,4,2.997253908306964,29.333333333333332,280016.0,0.3333333333333333,1
33974668,215950.0,56.0,3856.0,1,1,Vilar do Paraíso - Junqueira - São Caetano,Mafamude e Vilar do Paraíso,,41.1042657,-8.6216516,2,,True,True,15,False,https://www.idealista.pt/empreendimento/33974668/,7,5.1207497316982105,28.0,215936.0,0.5,0
34646600,740000.0,210.0,3524.0,4,4,Boavista,Cedofeita - Santo Ildefonso - Sé - Miragaia - São Nicolau - Vitória,Casa da Música,41.1638402,-8.6312985,6,good,False,True,41,False,https://www.idealista.pt/imovel/34646600/,1,2.328890269243164,42.0,740040.0,0.8,1
34306472,1395000.0,384.0,3633.0,5,5,Igreja do Bonfim - Lomba,Bonfim,,41.15094,-8.5953764,,good,False,,25,True,https://www.idealista.pt/imovel/34306472/,6,1.3082766797894774,64.0,1395072.0,0.8333333333333334,1
33172399,1600000.0,355.0,4507.0,4,5,Antas - Praça Velásquez,Bonfim,,41.163315,-8.5921902,,good,False,,36,False,https://www.idealista.pt/imovel/33172399/,6,2.186166367512046,71.0,1599985.0,1.0,1
34241361,690000.0,126.0,5476.0,3,2,Parque da Cidade - Vilarinha - António Aroso,Aldoar - Foz do Douro - Nevogilde,,41.1692652,-8.6674596,,good,False,,4,False,https://www.idealista.pt/imovel/34241361/,0,5.215507155938036,31.5,689976.0,0.5,0
34095229,650000.0,140.0,4643.0,4,3,Monte de Burgos - Padrão da Légua,São Mamede de Infesta e Senhora da Hora,,41.1802862,-8.6329149,,good,False,,40,True,https://www.idealista.pt/imovel/34095229/,5,3.878000320220831,28.0,650020.0,0.6,0
34495179,420000.0,121.0,3471.0,3,3,Baixa,Cedofeita - Santo Ildefonso - Sé - Miragaia - São Nicolau - Vitória,Bairro das Artes,41.1504361,-8.621859,2,good,False,False,20,False,https://www.idealista.pt/imovel/34495179/,1,0.9222794059600624,30.25,419991.0,0.75,1
34219180,700000.0,213.0,3286.0,3,3,Boavista,Cedofeita - Santo Ildefonso - Sé - Miragaia - São Nicolau - Vitória,Júlio Dinis - Hospital Militar,41.1574312,-8.6257701,3,newdevelopment,True,True,15,False,https://www.idealista.pt/empreendimento/34219180/,1,1.519297459603404,53.25,699918.0,0.75,1
34219181,1100000.0,345.0,3188.0,4,4,Boavista,Cedofeita - Santo Ildefonso - Sé - Miragaia - São Nicolau - Vitória,Júlio Dinis - Hospital Militar,41.1588605,-8.6250049,7,newdevelopment,True,True,15,False,https://www.idealista.pt/empreendimento/34219181/,1,1.5668014653556774,69.0,1099860.0,0.8,1
34612175,975000.0,258.0,3779.0,3,3,Baixa,Cedofeita - Santo Ildefonso - Sé - Miragaia - São Nicolau - Vitória,Cedofeita,41.155916,-8.6183837,2,good,False,True,10,False,https://www.idealista.pt/imovel/34612175/,1,0.9411851949683454,64.5,974982.0,0.75,1
32914122,1150000.0,274.0,4197.0,3,3,Praia,Madalena,,41.1074744,-8.6580343,,good,False,,32,False,https://www.idealista.pt/imovel/32914122/,2,6.125868115682345,68.5,1149978.0,0.75,0
34616114,750000.0,135.0,5556.0,2,2,Baixa,Cedofeita - Santo Ildefonso - Sé - Miragaia - São Nicolau - Vitória,Cedofeita,41.152681,-8.6183032,3,good,False,True,8,False,https://www.idealista.pt/imovel/34616114/,1,0.7082242241694119,45.0,750060.0,0.6666666666666666,1
33931080,595000.0,101.0,5891.0,4,3,Boavista,Cedofeita - Santo Ildefonso - Sé - Miragaia - São Nicolau - Vitória,Casa da Música,41.1600403,-8.6271974,4,good,False,True,27,False,https://www.idealista.pt/imovel/33931080/,1,1.7914950680823287,20.2,594991.0,0.6,1
34509076,1170000.0,436.0,2683.0,5,5,Amial,Paranhos,,41.1769494,-8.6183094,3,good,False,True,57,True,https://www.idealista.pt/imovel/34509076/,5,3.1037221931809067,72.66666666666667,1169788.0,0.8333333333333334,0
34619027,700000.0,114.0,6140.0,2,2,Baixa,Cedofeita - Santo Ildefonso - Sé - Miragaia - São Nicolau - Vitória,Cedofeita,41.1505713,-8.6156887,4,good,False,True,8,False,https://www.idealista.pt/imovel/34619027/,1,0.4152423470491237,38.0,699960.0,0.6666666666666666,1
34619026,850000.0,150.0,5667.0,3,3,Baixa,Cedofeita - Santo Ildefonso - Sé - Miragaia - São Nicolau - Vitória,Cedofeita,41.1498769,-8.6172336,5,good,False,True,8,False,https://www.idealista.pt/imovel/34619026/,1,0.531198697250593,37.5,850050.0,0.75,1
34619024,700000.0,117.0,5983.0,2,2,Baixa,Cedofeita - Santo Ildefonso - Sé - Miragaia - São Nicolau - Vitória,Cedofeita,41.150481,-8.6185169,3,good,False,True,8,False,https://www.idealista.pt/imovel/34619024/,1,0.6452320004782622,39.0,700011.0,0.6666666666666666,1
34579531,289000.0,89.0,3247.0,2,1,Liceu - Paço do Rei,Mafamude e Vilar do Paraíso,,41.1221191,-8.5992561,2,good,False,True,16,False,https://www.idealista.pt/imovel/34579531/,7,3.2075567168140893,29.666666666666668,288983.0,0.3333333333333333,0
32998944,350000.0,66.0,5303.0,1,1,Centro Histórico,Cedofeita - Santo Ildefonso - Sé - Miragaia - São Nicolau - Vitória,Rua das Flores - Mouzinho,41.1456518,-8.6132567,2,good,False,True,10,True,https://www.idealista.pt/imovel/32998944/,1,0.48132905543571547,33.0,349998.0,0.5,1
32510915,850000.0,440.0,1932.0,4,3,Valbom,São Cosme - Valbom - Jovim,,41.12781,-8.5625502,,good,False,,23,False,https://www.idealista.pt/imovel/32510915/,4,4.718547551880878,88.0,850080.0,0.6,0
34140903,1100000.0,425.0,2588.0,4,3,Parque da Cidade - Vilarinha - António Aroso,Aldoar - Foz do Douro - Nevogilde,,41.1697282,-8.6704809,,good,False,,41,False,https://www.idealista.pt/imovel/34140903/,0,5.46702657209648,85.0,1099900.0,0.6,0
33668890,447150.0,164.0,2727.0,2,2,Lapa - Bouça,Cedofeita - Santo Ildefonso - Sé - Miragaia - São Nicolau - Vitória,,41.1614563,-8.6144704,,good,False,,10,False,https://www.idealista.pt/imovel/33668890/,1,1.3518235745954756,54.666666666666664,447228.0,0.6666666666666666,1
34695871,1095000.0,250.0,4380.0,4,4,Pinhais da Foz,Aldoar - Foz do Douro - Nevogilde,,41.1531374,-8.6606823,5,good,False,True,17,True,https://www.idealista.pt/imovel/34695871/,0,4.186633929737601,50.0,1095000.0,0.8,0
29026855,890000.0,318.0,2799.0,4,4,Câmara de Gaia - Aviadores - Quinta das Pedras,Mafamude e Vilar do Paraíso,,41.1277421,-8.6048651,,good,False,True,26,False,https://www.idealista.pt/imovel/29026855/,7,2.4824745552823364,63.6,890082.0,0.8,1
34386787,465000.0,249.0,1867.0,5,4,São Caetano - Soutelo - Areias,Rio Tinto,,41.1643421,-8.5569944,,good,False,,34,False,https://www.idealista.pt/imovel/34386787/,3,4.801452260671923,41.5,464883.0,0.6666666666666666,0
34686752,280000.0,82.0,3415.0,1,1,Lavadores,Canidelo,,41.1297088,-8.651937,1,good,False,True,21,False,https://www.idealista.pt/imovel/34686752/,2,4.086769118345411,41.0,280030.0,0.5,0
34649747,300000.0,51.0,5882.0,1,1,Afurada - Arrábida - Cavaco,Santa Marinha e São Pedro da Afurada,,41.1428955,-8.6381904,5,good,False,True,23,True,https://www.idealista.pt/imovel/34649747/,1,2.4036521173998016,25.5,299982.0,0.5,1
33407603,1660000.0,350.0,4743.0,5,6,Cooperativa dos Arquitectos - Fonte da Moura - Pedra Verde,Aldoar - Foz do Douro - Nevogilde,,41.1655007,-8.6646243,,good,False,,25,False,https://www.idealista.pt/imovel/33407603/,0,4.832782296375065,58.333333333333336,1660050.0,1.0,0
34326602,310000.0,79.0,3924.0,1,1,Lavadores,Canidelo,,41.1317418,-8.6674407,,good,False,True,26,False,https://www.idealista.pt/imovel/34326602/,2,5.134296522832762,39.5,309996.0,0.5,0
34215522,365000.0,99.0,3687.0,3,3,Centro de Ramalde - Pereiró,Ramalde,,41.1734333,-8.650878,,good,False,False,30,False,https://www.idealista.pt/imovel/34215522/,0,4.268928163960838,24.75,365013.0,0.75,0
34640501,470000.0,126.0,3730.0,3,3,Igreja do Bonfim - Lomba,Bonfim,,41.1516554,-8.5924073,bj,good,False,True,15,False,https://www.idealista.pt/imovel/34640501/,6,1.565130220401361,31.5,469980.0,0.75,1
34713435,325000.0,101.0,3218.0,1,1,Sete Bicas,São Mamede de Infesta e Senhora da Hora,,41.1828048,-8.651523,bj,good,False,True,17,False,https://www.idealista.pt/imovel/34713435/,5,5.019516986610134,50.5,325018.0,0.5,0
34305409,750000.0,387.0,1938.0,3,4,Lagos - Chavinha,Mafamude e Vilar do Paraíso,,41.1074885,-8.6306465,,renew,False,,9,False,https://www.idealista.pt/imovel/34305409/,7,4.966079772510056,96.75,750006.0,1.0,0
34497390,252000.0,60.0,4200.0,1,1,Hospital São João - Pólo Universitário,Paranhos,,41.1830027,-8.6034736,,good,False,True,40,False,https://www.idealista.pt/imovel/34497390/,3,3.765874035785015,30.0,252000.0,0.5,0
31105193,975000.0,231.0,4221.0,3,4,Valbom,São Cosme - Valbom - Jovim,,41.1417838,-8.5716103,,good,False,,22,False,https://www.idealista.pt/imovel/31105193/,4,3.4027540379276253,57.75,975051.0,1.0,0
34466132,650000.0,311.0,2090.0,3,3,São Roque da Lameira,Campanhã,,41.1613474,-8.5685427,,good,False,,27,False,https://www.idealista.pt/imovel/34466132/,3,3.779150603580453,77.75,649990.0,0.75,0
34553096,285000.0,104.0,2740.0,2,2,Candal - Regadas,Santa Marinha e São Pedro da Afurada,,41.1311773,-8.6305078,2,good,False,True,22,False,https://www.idealista.pt/imovel/34553096/,7,2.6253525890023255,34.666666666666664,284960.0,0.6666666666666666,1
34422078,340000.0,123.0,2764.0,3,2,Coimbrões,Santa Marinha e São Pedro da Afurada,,41.1240658,-8.6276767,4,good,False,True,20,False,https://www.idealista.pt/imovel/34422078/,7,3.167873025908998,30.75,339972.0,0.5,0
34679041,225000.0,65.0,3462.0,2,1,Santegãos - Estrada Nova - Campainha,Rio Tinto,,41.1903571,-8.569459,2,good,False,True,24,False,https://www.idealista.pt/imovel/34679041/,3,5.707102605401976,21.666666666666668,225030.0,0.3333333333333333,0
34552032,650000.0,184.0,3533.0,3,3,Quinta Seca - Azenha de Cima,São Mamede de Infesta e Senhora da Hora,,41.1788517,-8.6582112,,good,False,True,16,False,https://www.idealista.pt/imovel/34552032/,0,5.124915973448555,46.0,650072.0,0.75,0
34682944,700000.0,250.0,2800.0,4,3,Paniceiro-Viso-Meiral,Canidelo,,41.1271094,-8.6415883,,newdevelopment,True,,7,False,https://www.idealista.pt/empreendimento/34682944/,2,3.585919712505875,50.0,700000.0,0.6,0
34296945,430000.0,62.0,6935.0,1,1,Campo 24 de Agosto,Bonfim,,41.1498178,-8.5983081,,good,False,,17,False,https://www.idealista.pt/imovel/34296945/,6,1.0545850239740806,31.0,429970.0,0.5,1
34159905,625916.0,141.0,4439.0,3,3,Centro de Senhora da Hora,São Mamede de Infesta e Senhora da Hora,,41.1848945,-8.6528692,3,newdevelopment,True,True,26,False,https://www.idealista.pt/empreendimento/34159905/,5,5.267266906204974,35.25,625899.0,0.75,0
34682864,700000.0,250.0,2800.0,4,3,Paniceiro-Viso-Meiral,Canidelo,,41.1271094,-8.6415883,,newdevelopment,True,,7,False,https://www.idealista.pt/empreendimento/34682864/,2,3.585919712505875,50.0,700000.0,0.6,0
32570850,395000.0,61.0,6475.0,1,1,Centro Histórico,Cedofeita - Santo Ildefonso - Sé - Miragaia - São Nicolau - Vitória,Rua das Flores - Mouzinho,41.1409956,-8.6150275,,good,False,,24,False,https://www.idealista.pt/imovel/32570850/,1,1.0172757332057865,30.5,394975.0,0.5,1
34159840,470485.0,101.0,4658.0,2,2,Centro de Senhora da Hora,São Mamede de Infesta e Senhora da Hora,,41.1848945,-8.6528692,2,newdevelopment,True,True,26,False,https://www.idealista.pt/empreendimento/34159840/,5,5.267266906204974,33.666666666666664,470458.0,0.6666666666666666,0
34159842,907902.0,199.0,4562.0,4,4,Centro de Senhora da Hora,São Mamede de Infesta e Senhora da Hora,,41.1848945,-8.6528692,6,newdevelopment,True,True,26,False,https://www.idealista.pt/empreendimento/34159842/,5,5.267266906204974,39.8,907838.0,0.8,0
34131802,360000.0,52.0,6923.0,1,1,Campo 24 de Agosto,Bonfim,,41.1528677,-8.597109,17,,True,True,28,False,https://www.idealista.pt/empreendimento/34131802/,6,1.2104995214290233,26.0,359996.0,0.5,1
34131785,495000.0,112.0,4420.0,2,2,Campo 24 de Agosto,Bonfim,,41.1528677,-8.597109,18,newdevelopment,True,True,28,False,https://www.idealista.pt/empreendimento/34131785/,6,1.2104995214290233,37.333333333333336,495040.0,0.6666666666666666,1
33794779,335000.0,82.0,4085.0,1,1,Camões - Gonçalo Cristóvão - Faria Guimarães,Cedofeita - Santo Ildefonso - Sé - Miragaia - São Nicolau - Vitória,,41.1581616,-8.608812,,good,False,,19,False,https://www.idealista.pt/imovel/33794779/,6,0.9679238721497656,41.0,334970.0,0.5,1
34714758,950000.0,404.0,2351.0,5,4,General Torres,Santa Marinha e São Pedro da Afurada,,41.1287816,-8.6082976,,good,False,True,26,False,https://www.idealista.pt/imovel/34714758/,7,2.325136161197545,67.33333333333333,949804.0,0.6666666666666666,1
34607743,305000.0,120.0,2542.0,3,2,Custóias,Custóias - Leça do Balio - Guifões,,41.191874,-8.6403929,,good,False,,20,False,https://www.idealista.pt/imovel/34607743/,5,5.309446851683201,30.0,305040.0,0.5,0
31775711,760000.0,222.0,3423.0,5,2,Miragaia - Virtudes,Cedofeita - Santo Ildefonso - Sé - Miragaia - São Nicolau - Vitória,,41.1447437,-8.6229392,,good,False,,19,False,https://www.idealista.pt/imovel/31775711/,1,1.1435901843940097,37.0,759906.0,0.3333333333333333,1
33847701,595000.0,77.0,7727.0,2,1,Foz,Aldoar - Foz do Douro - Nevogilde,,41.1603862,-8.683145,,good,False,,16,False,https://www.idealista.pt/imovel/33847701/,0,6.166278444890439,25.666666666666668,594979.0,0.3333333333333333,0
33280608,449000.0,99.0,4535.0,3,2,Afurada - Arrábida - Cavaco,Santa Marinha e São Pedro da Afurada,,41.1417635,-8.6409,4,newdevelopment,True,True,11,False,https://www.idealista.pt/empreendimento/33280608/,2,2.6588651443597633,24.75,448965.0,0.5,1
34229581,895000.0,178.0,5028.0,4,4,Pinhais da Foz,Aldoar - Foz do Douro - Nevogilde,,41.1536408,-8.6673123,,good,False,,25,False,https://www.idealista.pt/imovel/34229581/,0,4.744529874491203,35.6,894984.0,0.8,0
34542573,550000.0,263.0,2091.0,2,3,Coimbrões,Santa Marinha e São Pedro da Afurada,,41.1213927,-8.6332322,,good,False,,19,False,https://www.idealista.pt/imovel/34542573/,2,3.6517871696254356,87.66666666666667,549933.0,1.0,0
34498512,450000.0,102.0,4412.0,2,1,Matosinhos Sul - Marginal,Matosinhos e Leça da Palmeira,,41.1780521,-8.6767944,,good,False,True,13,False,https://www.idealista.pt/imovel/34498512/,0,6.3589579100773745,34.0,450024.0,0.3333333333333333,0
34512474,680000.0,145.0,4690.0,3,3,Boavista,Cedofeita - Santo Ildefonso - Sé - Miragaia - São Nicolau - Vitória,Júlio Dinis - Hospital Militar,41.157601,-8.6244574,5,good,False,True,20,False,https://www.idealista.pt/imovel/34512474/,1,1.4421927937246684,36.25,680050.0,0.75,1
34512472,600000.0,145.0,4138.0,3,3,Boavista,Cedofeita - Santo Ildefonso - Sé - Miragaia - São Nicolau - Vitória,Júlio Dinis - Hospital Militar,41.157652,-8.6234192,1,good,False,True,20,False,https://www.idealista.pt/imovel/34512472/,1,1.3785027960630098,36.25,600010.0,0.75,1
34512471,660000.0,145.0,4552.0,3,3,Boavista,Cedofeita - Santo Ildefonso - Sé - Miragaia - São Nicolau - Vitória,Júlio Dinis - Hospital Militar,41.1546697,-8.6245813,1,good,False,True,20,False,https://www.idealista.pt/imovel/34512471/,1,1.2766783514861,36.25,660040.0,0.75,1
34512470,660000.0,145.0,4552.0,3,3,Boavista,Cedofeita - Santo Ildefonso - Sé - Miragaia - São Nicolau - Vitória,Júlio Dinis - Hospital Militar,41.156314,-8.6262771,2,good,False,True,20,False,https://www.idealista.pt/imovel/34512470/,1,1.4882441698007993,36.25,660040.0,0.75,1
34512469,680000.0,145.0,4690.0,3,3,Boavista,Cedofeita - Santo Ildefonso - Sé - Miragaia - São Nicolau - Vitória,Júlio Dinis - Hospital Militar,41.1576868,-8.6250359,6,good,False,True,20,False,https://www.idealista.pt/imovel/34512469/,1,1.4863662597125467,36.25,680050.0,0.75,1
34195451,730000.0,225.0,3244.0,3,3,Monte dos Burgos - Carvalhido,Paranhos,,41.1650969,-8.6192563,,good,False,,47,False,https://www.idealista.pt/imovel/34195451/,1,1.8597725797345768,56.25,729900.0,0.75,1
32716261,650000.0,225.0,2889.0,3,4,Boavista,Cedofeita - Santo Ildefonso - Sé - Miragaia - São Nicolau - Vitória,Avenida de França,41.1652217,-8.6284372,,good,False,,10,False,https://www.idealista.pt/imovel/32716261/,1,2.2744153133956626,56.25,650025.0,1.0,1
34604190,215000.0,65.0,3308.0,1,1,Soares dos Reis - Rasa de Cima,Mafamude e Vilar do Paraíso,,41.1209411,-8.6072261,bj,good,False,True,22,False,https://www.idealista.pt/imovel/34604190/,7,3.2015431278085646,32.5,215020.0,0.5,0
34384135,299000.0,125.0,2392.0,3,1,Carreira - Cidade Jovem - Venda Nova,Rio Tinto,,41.1752911,-8.5430593,5,good,False,True,28,False,https://www.idealista.pt/imovel/34384135/,3,6.357149500817247,31.25,299000.0,0.25,0
34632126,480000.0,220.0,2182.0,3,2,Miragaia - Virtudes,Cedofeita - Santo Ildefonso - Sé - Miragaia - São Nicolau - Vitória,,41.1421466,-8.6211736,,good,False,,20,False,https://www.idealista.pt/imovel/34632126/,1,1.1945308408608843,55.0,480040.0,0.5,1
34612129,550000.0,170.0,3235.0,3,3,Serralves,Lordelo do Ouro e Massarelos,,41.1586313,-8.6485114,6,good,False,True,33,True,https://www.idealista.pt/imovel/34612129/,0,3.3052062326869747,42.5,549950.0,0.75,0
33678118,550000.0,98.0,5612.0,2,2,Centro Histórico,Cedofeita - Santo Ildefonso - Sé - Miragaia - São Nicolau - Vitória,Rua das Flores - Mouzinho,41.1435792,-8.612538,,good,False,,18,False,https://www.idealista.pt/imovel/33678118/,1,0.6833872140754557,32.666666666666664,549976.0,0.6666666666666666,1
34546026,240000.0,66.0,3636.0,3,0,São Caetano - Soutelo - Areias,Rio Tinto,,41.1676264,-8.5631788,,renew,False,,27,False,https://www.idealista.pt/imovel/34546026/,3,4.469749016515928,16.5,239976.0,0.0,0
33799795,665000.0,139.0,4784.0,3,3,Parque de Real - Água Viva,Matosinhos e Leça da Palmeira,,41.1811652,-8.6715235,4,newdevelopment,True,True,17,False,https://www.idealista.pt/empreendimento/33799795/,0,6.170268221097397,34.75,664976.0,0.75,0
33799721,400000.0,114.0,3509.0,2,2,Parque de Real - Água Viva,Matosinhos e Leça da Palmeira,,41.1845116,-8.6720633,1,newdevelopment,True,True,16,False,https://www.idealista.pt/empreendimento/33799721/,0,6.425112180564822,38.0,400026.0,0.6666666666666666,0
34682701,325000.0,86.0,3779.0,1,1,Sete Bicas,São Mamede de Infesta e Senhora da Hora,,41.1834045,-8.6484273,2,good,False,True,21,True,https://www.idealista.pt/imovel/34682701/,5,4.898685564722004,43.0,324994.0,0.5,0
34668413,250000.0,94.0,2660.0,2,1,Santegãos - Estrada Nova - Campainha,Rio Tinto,,41.1917905,-8.5665054,,good,False,,25,True,https://www.idealista.pt/imovel/34668413/,3,5.984733913123965,31.333333333333332,250040.0,0.3333333333333333,0
34338406,250000.0,65.0,3846.0,1,1,Hospital São João - Pólo Universitário,Paranhos,,41.174192,-8.605265,bj,renew,False,True,8,False,https://www.idealista.pt/imovel/34338406/,6,2.77489560307359,32.5,249990.0,0.5,1
33847353,540000.0,226.0,2389.0,4,4,Cooperativa dos Arquitectos - Fonte da Moura - Pedra Verde,Aldoar - Foz do Douro - Nevogilde,,41.1728084,-8.6630509,,renew,False,,15,False,https://www.idealista.pt/imovel/33847353/,0,5.071467675679604,45.2,539914.0,0.8,0
33535255,480000.0,188.0,2553.0,5,3,Fonte da Moura - Vilarinha,Ramalde,,41.1638904,-8.6623747,4,renew,False,False,14,False,https://www.idealista.pt/imovel/33535255/,0,4.5930862422939684,31.333333333333332,479964.0,0.5,0
34562052,547750.0,124.0,4417.0,3,3,Monte dos Burgos - Carvalhido,Paranhos,,41.1683248,-8.6200003,4,newdevelopment,True,True,21,False,https://www.idealista.pt/empreendimento/34562052/,1,2.2171083053570184,31.0,547708.0,0.75,1
34286020,570000.0,170.0,3353.0,3,3,Prelada - Monte dos Burgos,Ramalde,Requesende,41.1747537,-8.6355987,1,good,False,True,31,True,https://www.idealista.pt/imovel/34286020/,5,3.4782166332593363,42.5,570010.0,0.75,0
34612919,2000000.0,415.0,4819.0,6,5,Foz,Aldoar - Foz do Douro - Nevogilde,,41.1552324,-8.6809841,4,good,False,True,27,False,https://www.idealista.pt/imovel/34612919/,0,5.901156187027282,59.285714285714285,1999885.0,0.7142857142857143,0
34615859,275000.0,91.0,3022.0,2,1,Antas - Estádio do Dragão,Campanhã,,41.1580257,-8.5892425,bj,good,False,False,11,False,https://www.idealista.pt/imovel/34615859/,6,2.0409890665648613,30.333333333333332,275002.0,0.3333333333333333,1
34369832,2200000.0,450.0,4889.0,6,4,Baixa,Cedofeita - Santo Ildefonso - Sé - Miragaia - São Nicolau - Vitória,Cedofeita,41.1538405,-8.6237725,,good,False,,47,True,https://www.idealista.pt/imovel/34369832/,1,1.1764001652615406,64.28571428571429,2200050.0,0.5714285714285714,1
33786782,298000.0,113.0,2637.0,3,2,São Lourenço - Balteiro - Lijó,Vilar de Andorinho,,41.0955088,-8.5718675,,good,False,True,8,True,https://www.idealista.pt/imovel/33786782/,4,6.845865619299613,28.25,297981.0,0.5,0
34661769,285000.0,69.0,4130.0,0,1,Baixa,Cedofeita - Santo Ildefonso - Sé - Miragaia - São Nicolau - Vitória,Santa Catarina,41.1525588,-8.6033463,1,good,False,True,9,False,https://www.idealista.pt/imovel/34661769/,6,0.7129072755847529,69.0,284970.0,1.0,1
34611725,449000.0,185.0,2427.0,3,3,Pedra Verde,São Mamede de Infesta e Senhora da Hora,,41.1932852,-8.6147154,,good,False,,35,False,https://www.idealista.pt/imovel/34611725/,5,4.868058994517564,46.25,448995.0,0.75,0
34571711,260000.0,112.0,2321.0,3,2,,Pedrouços,,41.1860894,-8.5861647,2,good,False,False,22,True,https://www.idealista.pt/imovel/34571711/,3,4.55518493651554,28.0,259952.0,0.5,0
34471697,1250000.0,630.0,1984.0,4,4,Valbom,São Cosme - Valbom - Jovim,,41.1447213,-8.570203,,good,False,,55,False,https://www.idealista.pt/imovel/34471697/,4,3.4505614413541643,126.0,1249920.0,0.8,0
33435666,484000.0,110.0,4400.0,3,2,Afurada - Arrábida - Cavaco,Santa Marinha e São Pedro da Afurada,,41.1410549,-8.6387259,1,newdevelopment,True,True,11,False,https://www.idealista.pt/empreendimento/33435666/,2,2.5162827568236357,27.5,484000.0,0.5,1
34664653,410000.0,146.0,2808.0,2,3,Pedra Verde,São Mamede de Infesta e Senhora da Hora,,41.1922096,-8.6180148,3,,True,True,21,False,https://www.idealista.pt/empreendimento/34664653/,5,4.775250698623879,48.666666666666664,409968.0,1.0,0
34334573,425000.0,180.0,2361.0,4,3,Parque de Real - Água Viva,Matosinhos e Leça da Palmeira,,41.1731186,-8.6724457,3,good,False,True,45,False,https://www.idealista.pt/imovel/34334573/,0,5.7779414065424985,36.0,424980.0,0.6,0
33132513,599000.0,241.0,2485.0,2,3,Sete Bicas,São Mamede de Infesta e Senhora da Hora,,41.1828327,-8.6536603,7,good,False,True,20,True,https://www.idealista.pt/imovel/33132513/,5,5.144630177758693,80.33333333333333,598885.0,1.0,0
33527439,350000.0,60.0,5833.0,1,1,Salgueiros,Canidelo,,41.1165043,-8.6628632,,good,False,True,7,False,https://www.idealista.pt/imovel/33527439/,2,5.699319513670041,30.0,349980.0,0.5,0
30649413,530000.0,216.0,2454.0,2,2,Campo 24 de Agosto,Bonfim,,41.1515696,-8.6023628,bj,good,False,False,21,False,https://www.idealista.pt/imovel/30649413/,6,0.7476003733512713,72.0,530064.0,0.6666666666666666,1
32844194,340000.0,54.0,6296.0,2,2,Campo 24 de Agosto,Bonfim,,41.1480846,-8.5987359,4,good,False,False,13,True,https://www.idealista.pt/imovel/32844194/,6,1.0323460542794842,18.0,339984.0,0.6666666666666666,1
34428184,1550000.0,334.0,4641.0,4,6,Cooperativa dos Arquitectos - Fonte da Moura - Pedra Verde,Aldoar - Foz do Douro - Nevogilde,,41.1745297,-8.6654094,,good,False,,35,True,https://www.idealista.pt/imovel/34428184/,0,5.3391653867622,66.8,1550094.0,1.2,0
34438159,895000.0,225.0,3978.0,3,4,Valbom,São Cosme - Valbom - Jovim,,41.1386988,-8.5694405,,good,False,True,15,False,https://www.idealista.pt/imovel/34438159/,4,3.677189332622284,56.25,895050.0,1.0,0
34219053,465000.0,130.0,3577.0,2,3,Prelada - Monte dos Burgos,Ramalde,Parque da Prelada,41.1768295,-8.6348492,1,newdevelopment,True,True,10,False,https://www.idealista.pt/empreendimento/34219053/,5,3.631363931336416,43.333333333333336,465010.0,1.0,0
34686916,225000.0,65.0,3462.0,2,1,Santegãos - Estrada Nova - Campainha,Rio Tinto,,41.1911686,-8.5713315,,good,False,True,15,True,https://www.idealista.pt/imovel/34686916/,3,5.686311391656592,21.666666666666668,225030.0,0.3333333333333333,0
34397879,354000.0,57.0,6211.0,1,1,Baixa,Cedofeita - Santo Ildefonso - Sé - Miragaia - São Nicolau - Vitória,Cedofeita,41.1571626,-8.6243889,3,good,False,False,15,False,https://www.idealista.pt/imovel/34397879/,1,1.40804090128606,28.5,354027.0,0.5,1
33364848,1850000.0,425.0,4353.0,5,5,Lavadores,Canidelo,,41.1308957,-8.6660787,,good,False,True,37,True,https://www.idealista.pt/imovel/33364848/,2,5.067222310614951,70.83333333333333,1850025.0,0.8333333333333334,0
34677759,380000.0,91.0,4176.0,0,1,Santo Ovídio - Cedro - Monte da Virgem,Mafamude e Vilar do Paraíso,,41.1165327,-8.6003305,3,good,False,True,12,False,https://www.idealista.pt/imovel/34677759/,7,3.781968630365546,91.0,380016.0,1.0,0
34418760,299000.0,125.0,2392.0,4,2,Antas - Estádio do Dragão,Campanhã,,41.157597,-8.5911564,1,good,False,False,15,False,https://www.idealista.pt/imovel/34418760/,6,1.8770124406295396,25.0,299000.0,0.4,1
33869746,475000.0,110.0,4318.0,2,3,Baixa,Cedofeita - Santo Ildefonso - Sé - Miragaia - São Nicolau - Vitória,Aliados - Clérigos - Carlos Alberto,41.1489098,-8.6108949,3,good,False,False,22,False,https://www.idealista.pt/imovel/33869746/,1,0.07674792633794889,36.666666666666664,474980.0,1.0,1
34565568,249000.0,142.0,1754.0,3,2,Santegãos - Estrada Nova - Campainha,Rio Tinto,,41.1897548,-8.5567334,2,good,False,False,14,False,https://www.idealista.pt/imovel/34565568/,3,6.363399611361828,35.5,249068.0,0.5,0
34262529,250000.0,90.0,2778.0,2,2,Parque Oriental - Azevedo,Campanhã,,41.1572677,-8.5704931,,good,False,,26,False,https://www.idealista.pt/imovel/34262529/,4,3.488821609105779,30.0,250020.0,0.6666666666666666,0
34669455,1890000.0,233.0,8112.0,4,5,Parque da Cidade - Vilarinha - António Aroso,Aldoar - Foz do Douro - Nevogilde,,41.1685126,-8.669401,,good,False,,23,False,https://www.idealista.pt/imovel/34669455/,0,5.329948393329798,46.6,1890096.0,1.0,0
34586413,795000.0,206.0,3859.0,3,3,Afurada - Arrábida - Cavaco,Santa Marinha e São Pedro da Afurada,,41.1430942,-8.6367944,,good,False,True,41,True,https://www.idealista.pt/imovel/34586413/,1,2.2857197684544053,51.5,794954.0,0.75,1
34456354,1990000.0,533.0,3734.0,4,6,Centro Histórico,Cedofeita - Santo Ildefonso - Sé - Miragaia - São Nicolau - Vitória,Ferreira Borges - Comércio do Porto,41.1400927,-8.6181099,,good,False,,34,False,https://www.idealista.pt/imovel/34456354/,1,1.2174051741923488,106.6,1990222.0,1.2,1
33789335,375000.0,61.0,6148.0,1,1,Centro Histórico,Cedofeita - Santo Ildefonso - Sé - Miragaia - São Nicolau - Vitória,Rua das Flores - Mouzinho,41.1422228,-8.6149618,2,good,False,True,25,False,https://www.idealista.pt/imovel/33789335/,1,0.8880195792555202,30.5,375028.0,0.5,1
34594073,299000.0,60.0,4983.0,2,1,Combatentes - Costa Cabral,Paranhos,,41.1647711,-8.5999583,3,newdevelopment,True,False,24,False,https://www.idealista.pt/empreendimento/34594073/,6,1.9196130633364907,20.0,298980.0,0.3333333333333333,1
34594043,320000.0,85.0,3765.0,2,1,Combatentes - Costa Cabral,Paranhos,,41.1639053,-8.5982513,1,newdevelopment,True,False,24,False,https://www.idealista.pt/empreendimento/34594043/,6,1.9109226665571168,28.333333333333332,320025.0,0.3333333333333333,1
34594042,299000.0,60.0,4983.0,2,1,Combatentes - Costa Cabral,Paranhos,,41.1672377,-8.5989247,2,newdevelopment,True,False,24,False,https://www.idealista.pt/empreendimento/34594042/,6,2.202610717277751,20.0,298980.0,0.3333333333333333,1
34683674,695000.0,202.0,3441.0,3,3,Boavista,Cedofeita - Santo Ildefonso - Sé - Miragaia - São Nicolau - Vitória,Casa da Música,41.1594057,-8.6328837,3,good,False,True,32,True,https://www.idealista.pt/imovel/34683674/,1,2.139259395294537,50.5,695082.0,0.75,1
33316649,740000.0,170.0,4353.0,3,3,Pinheiro Manso,Ramalde,,41.162231,-8.6506039,,good,False,True,7,False,https://www.idealista.pt/imovel/33316649/,0,3.60859415560888,42.5,740010.0,0.75,0
34693609,1500000.0,310.0,4839.0,4,3,Foz,Aldoar - Foz do Douro - Nevogilde,,41.16483,-8.6737077,,good,False,,22,False,https://www.idealista.pt/imovel/34693609/,0,5.524204804562765,62.0,1500090.0,0.6,0
34517589,260000.0,91.0,2857.0,1,1,Hospital São João - Pólo Universitário,Paranhos,,41.1855066,-8.6119283,,good,False,,21,True,https://www.idealista.pt/imovel/34517589/,5,3.993559468988586,45.5,259987.0,0.5,0
33147576,620000.0,168.0,3690.0,6,4,Baixa,Cedofeita - Santo Ildefonso - Sé - Miragaia - São Nicolau - Vitória,Santa Catarina,41.1526752,-8.6066473,,good,False,False,23,False,https://www.idealista.pt/imovel/33147576/,6,0.4936707690487245,24.0,619920.0,0.5714285714285714,1
34702536,749000.0,176.0,4256.0,3,3,Foz,Aldoar - Foz do Douro - Nevogilde,,41.16348,-8.671842,,good,False,True,14,False,https://www.idealista.pt/imovel/34702536/,0,5.330408451687547,44.0,749056.0,0.75,0
34310530,1750000.0,481.0,3638.0,3,4,Foz,Aldoar - Foz do Douro - Nevogilde,,41.1557382,-8.6816738,,renew,False,True,26,False,https://www.idealista.pt/imovel/34310530/,0,5.964729738888887,120.25,1749878.0,1.0,0
33922438,520000.0,177.0,2938.0,3,3,Bessa - Foco,Ramalde,,41.1599433,-8.6422722,,good,False,True,14,False,https://www.idealista.pt/imovel/33922438/,1,2.8673325080362404,44.25,520026.0,0.75,1
34590419,525000.0,130.0,4038.0,3,3,Centro de Matosinhos,Matosinhos e Leça da Palmeira,,41.1791533,-8.6815585,3,good,False,True,17,True,https://www.idealista.pt/imovel/34590419/,0,6.766408905633436,32.5,524940.0,0.75,0
34586405,490000.0,127.0,3858.0,2,2,Bessa - Foco,Ramalde,,41.1651196,-8.6422421,,good,False,True,14,False,https://www.idealista.pt/imovel/34586405/,5,3.1405543500162088,42.333333333333336,489966.0,0.6666666666666666,0
34645390,375000.0,110.0,3409.0,2,2,Maninho - Baviera,Madalena,,41.1116378,-8.629661,1,good,False,True,18,False,https://www.idealista.pt/imovel/34645390/,7,4.504168774635033,36.666666666666664,374990.0,0.6666666666666666,0
34651352,616453.0,259.0,2380.0,3,3,Santo Ovídio - Cedro - Monte da Virgem,Mafamude e Vilar do Paraíso,,41.1187011,-8.6063698,8,good,False,True,17,False,https://www.idealista.pt/imovel/34651352/,7,3.456685052090784,64.75,616420.0,0.75,0
34119349,299000.0,146.0,2048.0,3,1,Amial,Paranhos,,41.175395,-8.6136429,,good,False,,21,False,https://www.idealista.pt/imovel/34119349/,1,2.8774492171922206,36.5,299008.0,0.25,1
34644316,415000.0,78.0,5321.0,2,2,Boavista,Cedofeita - Santo Ildefonso - Sé - Miragaia - São Nicolau - Vitória,Casa da Música,41.1607013,-8.627575,2,good,False,True,13,True,https://www.idealista.pt/imovel/34644316/,1,1.863534440946525,26.0,415038.0,0.6666666666666666,1
33453105,498000.0,142.0,3507.0,2,2,Cais das Pedras,Lordelo do Ouro e Massarelos,,41.1475309,-8.6316093,,good,False,,24,False,https://www.idealista.pt/imovel/33453105/,1,1.7491956457553635,47.333333333333336,497994.0,0.6666666666666666,1
34676092,365000.0,64.0,5703.0,1,1,Baixa,Cedofeita - Santo Ildefonso - Sé - Miragaia - São Nicolau - Vitória,Cedofeita,41.1507424,-8.6189197,,good,False,,6,False,https://www.idealista.pt/imovel/34676092/,1,0.6833865191053212,32.0,364992.0,0.5,1
34704082,225000.0,64.0,3516.0,2,1,Santegãos - Estrada Nova - Campainha,Rio Tinto,,41.1898399,-8.5725662,2,good,False,True,30,False,https://www.idealista.pt/imovel/34704082/,3,5.506039235460169,21.333333333333332,225024.0,0.3333333333333333,0
34358969,1830000.0,576.0,3177.0,11,11,Areosa,Rio Tinto,,41.1809611,-8.5815374,,good,False,,58,False,https://www.idealista.pt/imovel/34358969/,3,4.266366520790728,48.0,1829952.0,0.9166666666666666,0
34602836,450000.0,122.0,3689.0,2,2,Centro de Matosinhos,Matosinhos e Leça da Palmeira,,41.1809958,-8.6787865,1,good,False,True,8,False,https://www.idealista.pt/imovel/34602836/,0,6.6693858065975435,40.666666666666664,450058.0,0.6666666666666666,0
32707817,498000.0,127.0,3921.0,3,3,Lavadores,Canidelo,,41.130775,-8.6686896,,newdevelopment,True,True,13,False,https://www.idealista.pt/empreendimento/32707817/,2,5.272678734774241,31.75,497967.0,0.75,0
33188684,255000.0,66.0,3864.0,2,1,Lapa - Bouça,Cedofeita - Santo Ildefonso - Sé - Miragaia - São Nicolau - Vitória,,41.1633071,-8.6092307,,good,False,True,16,True,https://www.idealista.pt/imovel/33188684/,6,1.530553799856108,22.0,255024.0,0.3333333333333333,1
34706663,490000.0,174.0,2816.0,3,3,Centro Histórico,Santa Marinha e São Pedro da Afurada,,41.1338529,-8.6094927,,good,False,,36,False,https://www.idealista.pt/imovel/34706663/,7,1.7549588055245753,43.5,489984.0,0.75,1
34599657,325000.0,53.0,6132.0,1,1,Centro de Matosinhos,Matosinhos e Leça da Palmeira,,41.1786029,-8.6803499,5,good,False,True,5,False,https://www.idealista.pt/imovel/34599657/,0,6.648269036435642,26.5,324996.0,0.5,0
34013628,1500000.0,411.0,3650.0,4,4,Liceu - Paço do Rei,Mafamude e Vilar do Paraíso,,41.1265672,-8.5990928,,good,False,True,33,False,https://www.idealista.pt/imovel/34013628/,7,2.745373455118999,82.2,1500150.0,0.8,1
33357571,270000.0,50.0,5400.0,1,1,Baixa,Cedofeita - Santo Ildefonso - Sé - Miragaia - São Nicolau - Vitória,Bairro das Artes,41.1487862,-8.6175667,,good,False,True,51,False,https://www.idealista.pt/imovel/33357571/,1,0.5654875440184824,25.0,270000.0,0.5,1
34263456,410000.0,169.0,2426.0,3,3,Parque da Lavandeira - Sardão,Oliveira do Douro,,41.1246999,-8.5919223,1,good,False,True,19,False,https://www.idealista.pt/imovel/34263456/,7,3.192474566688191,42.25,409994.0,0.75,0
34564269,465000.0,220.0,2114.0,2,1,Baixa,Cedofeita - Santo Ildefonso - Sé - Miragaia - São Nicolau - Vitória,Santa Catarina,41.1507753,-8.6048525,,good,False,True,24,False,https://www.idealista.pt/imovel/34564269/,6,0.5229405078834463,73.33333333333333,465080.0,0.3333333333333333,1
34564261,250000.0,65.0,3846.0,1,1,Hospital São João - Pólo Universitário,Paranhos,,41.1744225,-8.6067106,bj,good,False,True,10,False,https://www.idealista.pt/imovel/34564261/,6,2.782327702945248,32.5,249990.0,0.5,1
34592250,895000.0,242.0,3698.0,4,2,Baixa,Cedofeita - Santo Ildefonso - Sé - Miragaia - São Nicolau - Vitória,Cedofeita,41.1545917,-8.6255636,9,good,False,True,20,False,https://www.idealista.pt/imovel/34592250/,1,1.347363150921783,48.4,894916.0,0.4,1
34390237,600000.0,138.0,4348.0,3,2,Boavista,Cedofeita - Santo Ildefonso - Sé - Miragaia - São Nicolau - Vitória,Júlio Dinis - Hospital Militar,41.1587017,-8.625197,,newdevelopment,True,True,12,False,https://www.idealista.pt/empreendimento/34390237/,1,1.5675015999463089,34.5,600024.0,0.5,1
34372221,350000.0,54.0,6481.0,1,1,Baixa,Cedofeita - Santo Ildefonso - Sé - Miragaia - São Nicolau - Vitória,Trindade,41.1517615,-8.6132361,,good,False,,6,False,https://www.idealista.pt/imovel/34372221/,1,0.30987903897430935,27.0,349974.0,0.5,1
34390216,1200000.0,200.0,6000.0,4,3,Boavista,Cedofeita - Santo Ildefonso - Sé - Miragaia - São Nicolau - Vitória,Júlio Dinis - Hospital Militar,41.1587017,-8.625197,,newdevelopment,True,True,12,False,https://www.idealista.pt/empreendimento/34390216/,1,1.5675015999463089,40.0,1200000.0,0.6,1
34527212,245100.0,55.0,4456.0,1,1,Arca d'Água - Campo Lindo - Vale Formoso,Paranhos,,41.1734436,-8.6169535,3,newdevelopment,True,True,11,False,https://www.idealista.pt/empreendimento/34527212/,1,2.699283677417009,27.5,245080.0,0.5,1
34527191,337000.0,90.0,3744.0,2,2,Arca d'Água - Campo Lindo - Vale Formoso,Paranhos,,41.1734436,-8.6169535,1,newdevelopment,True,True,10,False,https://www.idealista.pt/empreendimento/34527191/,1,2.699283677417009,30.0,336960.0,0.6666666666666666,1
34527183,230900.0,61.0,3785.0,1,1,Arca d'Água - Campo Lindo - Vale Formoso,Paranhos,,41.1734436,-8.6169535,bj,newdevelopment,True,True,11,False,https://www.idealista.pt/empreendimento/34527183/,1,2.699283677417009,30.5,230885.0,0.5,1
33497515,1630000.0,250.0,6520.0,4,4,Praia,Madalena,,41.0994955,-8.6478166,,good,False,,57,False,https://www.idealista.pt/imovel/33497515/,2,6.37194364396555,50.0,1630000.0,0.8,0
34413936,415000.0,188.0,2207.0,2,2,Valbom,São Cosme - Valbom - Jovim,,41.1416245,-8.5712281,bj,newdevelopment,True,True,11,False,https://www.idealista.pt/empreendimento/34413936/,4,3.438235542790855,62.666666666666664,414916.0,0.6666666666666666,0
33587887,380000.0,95.0,4000.0,1,2,Santo Ovídio - Cedro - Monte da Virgem,Mafamude e Vilar do Paraíso,,41.1150696,-8.6025214,3,good,False,True,20,True,https://www.idealista.pt/imovel/33587887/,7,3.9032007617997797,47.5,380000.0,1.0,0
34661763,285000.0,50.0,5700.0,0,1,Baixa,Cedofeita - Santo Ildefonso - Sé - Miragaia - São Nicolau - Vitória,Santa Catarina,41.1492445,-8.6036602,1,good,False,True,7,False,https://www.idealista.pt/imovel/34661763/,6,0.6074712175739299,50.0,285000.0,1.0,1
34675698,439000.0,200.0,2195.0,3,2,Santo Ovídio - Cedro - Monte da Virgem,Mafamude e Vilar do Paraíso,,41.1121246,-8.6117416,,good,False,,34,True,https://www.idealista.pt/imovel/34675698/,7,4.167670455537138,50.0,439000.0,0.5,0
34619582,220000.0,72.0,3056.0,2,1,,Pedrouços,,41.1823061,-8.5874013,3,good,False,False,18,False,https://www.idealista.pt/imovel/34619582/,3,4.134633302852478,24.0,220032.0,0.3333333333333333,0
31760503,398500.0,73.0,5459.0,0,1,Baixa,Cedofeita - Santo Ildefonso - Sé - Miragaia - São Nicolau - Vitória,Cedofeita,41.1527784,-8.6171,,good,False,False,8,True,https://www.idealista.pt/imovel/31760503/,1,0.6279969169547314,73.0,398507.0,1.0,1
34622462,250000.0,87.0,2874.0,1,1,Monte de Burgos - Padrão da Légua,São Mamede de Infesta e Senhora da Hora,,41.1843869,-8.6331904,bj,good,False,False,19,False,https://www.idealista.pt/imovel/34622462/,5,4.2946291013500355,43.5,250038.0,0.5,0
34641347,780000.0,303.0,2574.0,6,5,Monte de Burgos - Padrão da Légua,São Mamede de Infesta e Senhora da Hora,,41.1796047,-8.6345593,,good,False,,40,False,https://www.idealista.pt/imovel/34641347/,5,3.879925572715006,43.285714285714285,779922.0,0.7142857142857143,0
34333322,305000.0,140.0,2179.0,3,2,Monte de Burgos - Padrão da Légua,São Mamede de Infesta e Senhora da Hora,,41.1856333,-8.626843,bj,good,False,False,19,True,https://www.idealista.pt/imovel/34333322/,5,4.223122886325188,35.0,305060.0,0.5,0
34712213,491000.0,97.0,5062.0,2,2,Santos Pousada,Bonfim,,41.1542561,-8.5982994,,renew,False,True,8,False,https://www.idealista.pt/imovel/34712213/,6,1.1751908133835856,32.333333333333336,491014.0,0.6666666666666666,1
34635164,280000.0,95.0,2947.0,3,2,,Pedrouços,,41.1854081,-8.5864767,2,good,False,False,35,True,https://www.idealista.pt/imovel/34635164/,3,4.475853955866652,23.75,279965.0,0.5,0
34608047,245000.0,95.0,2579.0,3,1,Laborim - Rechousa - Alto das Torres,Mafamude e Vilar do Paraíso,,41.1051315,-8.5992499,bj,good,False,False,24,False,https://www.idealista.pt/imovel/34608047/,7,5.040032744929148,23.75,245005.0,0.25,0
34147013,370000.0,120.0,3083.0,2,1,Camões - Gonçalo Cristóvão - Faria Guimarães,Cedofeita - Santo Ildefonso - Sé - Miragaia - São Nicolau - Vitória,,41.1568925,-8.6076267,,good,False,True,45,False,https://www.idealista.pt/imovel/34147013/,6,0.8559481683393458,40.0,369960.0,0.3333333333333333,1
34642903,240000.0,86.0,2791.0,1,1,Gueifães,Cidade da Maia,,41.209406,-8.6074254,bj,good,False,True,2,False,https://www.idealista.pt/imovel/34642903/,5,6.656478540333394,43.0,240026.0,0.5,0
34642902,320000.0,116.0,2759.0,2,1,Gueifães,Cidade da Maia,,41.2093519,-8.6076249,1,good,False,True,2,False,https://www.idealista.pt/imovel/34642902/,5,6.649759519357291,38.666666666666664,320044.0,0.3333333333333333,0
34660811,319000.0,100.0,3190.0,2,3,Igreja do Bonfim - Lomba,Bonfim,,41.1548199,-8.5969427,,good,False,False,26,False,https://www.idealista.pt/imovel/34660811/,6,1.3047941345636838,33.333333333333336,319000.0,1.0,1
34581768,385000.0,96.0,4010.0,3,2,Bessa - Foco,Ramalde,,41.1600576,-8.6469575,8,good,False,True,15,False,https://www.idealista.pt/imovel/34581768/,0,3.2350368426452594,24.0,384960.0,0.5,0
34379588,245000.0,63.0,3889.0,1,1,Barranha - Vasco da Gama,São Mamede de Infesta e Senhora da Hora,,41.191783,-8.6585285,3,good,False,True,11,False,https://www.idealista.pt/imovel/34379588/,5,6.155824335124266,31.5,245007.0,0.5,0
34497526,398000.0,144.0,2764.0,2,2,Constituição,Cedofeita - Santo Ildefonso - Sé - Miragaia - São Nicolau - Vitória,,41.1643347,-8.6214898,,good,False,,35,False,https://www.idealista.pt/imovel/34497526/,1,1.862913835950056,48.0,398016.0,0.6666666666666666,1
34335498,242000.0,86.0,2814.0,2,1,Padrão da Légua - Av. Xanana Gusmão,Custóias - Leça do Balio - Guifões,,41.1944965,-8.6363092,2,good,False,False,13,False,https://www.idealista.pt/imovel/34335498/,5,5.426398698317809,28.666666666666668,242004.0,0.3333333333333333,0
34423437,420000.0,90.0,4667.0,3,3,Centro,Rio Tinto,,41.1751179,-8.5583089,2,newdevelopment,True,True,28,False,https://www.idealista.pt/empreendimento/34423437/,3,5.237711688183499,22.5,420030.0,0.75,0
34265425,690000.0,252.0,2738.0,4,4,Fluvial,Lordelo do Ouro e Massarelos,,41.150168,-8.6616236,1,good,False,True,23,False,https://www.idealista.pt/imovel/34265425/,0,4.247493334895547,50.4,689976.0,0.8,0
34671346,1300000.0,351.0,3704.0,4,4,Praia,Madalena,,41.1030906,-8.655339,,good,False,,20,True,https://www.idealista.pt/imovel/34671346/,2,6.371812722956371,70.2,1300104.0,0.8,0
34419154,255000.0,129.0,1977.0,4,2,Centro,Vilar de Andorinho,,41.1085393,-8.5769627,1,good,False,True,26,False,https://www.idealista.pt/imovel/34419154/,4,5.378234018493134,25.8,255033.0,0.4,0
34602085,700000.0,117.0,5983.0,3,2,Baixa,Cedofeita - Santo Ildefonso - Sé - Miragaia - São Nicolau - Vitória,Cedofeita,41.1493525,-8.617472,,good,False,True,10,False,https://www.idealista.pt/imovel/34602085/,1,0.5509565607202556,29.25,700011.0,0.5,1
34667892,363000.0,116.0,3129.0,2,2,Sampaio-Alumiara-Verdinho,Canidelo,,41.1294877,-8.639841,2,good,False,True,13,False,https://www.idealista.pt/imovel/34667892/,2,3.2977479224631514,38.666666666666664,362964.0,0.6666666666666666,0
34644863,280000.0,90.0,3111.0,2,1,Parque Oriental - Azevedo,Campanhã,,41.1538413,-8.5712585,bj,good,False,True,10,False,https://www.idealista.pt/imovel/34644863/,4,3.3523791435581445,30.0,279990.0,0.3333333333333333,0
34690788,515000.0,285.0,1807.0,5,4,Centro,Rio Tinto,,41.1753286,-8.553728,,good,False,,23,False,https://www.idealista.pt/imovel/34690788/,3,5.575902767538241,47.5,514995.0,0.6666666666666666,0
33391777,290000.0,80.0,3625.0,1,2,Covelo - Monte de São João,Paranhos,,41.1645579,-8.6044976,bj,good,False,True,9,False,https://www.idealista.pt/imovel/33391777/,6,1.7474777536955495,40.0,290000.0,1.0,1
34262766,280000.0,66.0,4242.0,1,1,Matosinhos Sul - Marginal,Matosinhos e Leça da Palmeira,,41.1775696,-8.6810623,,good,False,True,14,True,https://www.idealista.pt/imovel/34262766/,0,6.645983936328161,33.0,279972.0,0.5,0
33716670,560000.0,182.0,3077.0,3,2,Afurada - Arrábida - Cavaco,Santa Marinha e São Pedro da Afurada,,41.1424953,-8.6397653,10,newdevelopment,True,True,17,False,https://www.idealista.pt/empreendimento/33716670/,2,2.5428300821404664,45.5,560014.0,0.5,1
34231575,420000.0,113.0,3717.0,2,1,Prelada - Monte dos Burgos,Ramalde,Parque da Prelada,41.1761546,-8.6328093,,good,False,,10,False,https://www.idealista.pt/imovel/34231575/,5,3.4759868681710526,37.666666666666664,420021.0,0.3333333333333333,0
34579546,485000.0,159.0,3050.0,2,3,Lavadores,Canidelo,,41.1304312,-8.6668147,,good,False,True,25,False,https://www.idealista.pt/imovel/34579546/,2,5.144685737557343,53.0,484950.0,1.0,0
34182443,495000.0,131.0,3779.0,2,2,Lavadores,Canidelo,,41.1365365,-8.6664434,bj,good,False,True,21,False,https://www.idealista.pt/imovel/34182443/,2,4.87261927246017,43.666666666666664,495049.0,0.6666666666666666,0
34679405,600000.0,162.0,3704.0,3,3,Parque de Real - Água Viva,Matosinhos e Leça da Palmeira,,41.1814123,-8.6733633,2,good,False,True,17,True,https://www.idealista.pt/imovel/34679405/,0,6.312887818447228,40.5,600048.0,0.75,0
34275333,330000.0,119.0,2773.0,3,2,Santo Ovídio - Cedro - Monte da Virgem,Mafamude e Vilar do Paraíso,,41.1172903,-8.6091093,1,good,False,True,17,False,https://www.idealista.pt/imovel/34275333/,7,3.5958035057956232,29.75,329987.0,0.5,0
34602320,1000000.0,303.0,3300.0,3,3,Praça do Marquês - Lima,Bonfim,,41.1619992,-8.5977018,,good,False,True,32,False,https://www.idealista.pt/imovel/34602320/,6,1.7668752102656027,75.75,999900.0,0.75,1
34564141,575000.0,197.0,2919.0,4,3,Pinheiro Manso,Ramalde,,41.1673661,-8.6485985,,good,False,True,11,False,https://www.idealista.pt/imovel/34564141/,0,3.7233256155623713,39.4,575043.0,0.6,0
34465098,799000.0,156.0,5122.0,3,4,Baixa,Cedofeita - Santo Ildefonso - Sé - Miragaia - São Nicolau - Vitória,Bolhão,41.151314,-8.6062654,,good,False,True,21,True,https://www.idealista.pt/imovel/34465098/,6,0.4323233019629695,39.0,799032.0,1.0,1
34456964,1345000.0,241.0,5581.0,3,5,Praia,Madalena,,41.1031671,-8.6537839,,good,False,,30,True,https://www.idealista.pt/imovel/34456964/,2,6.28962561630498,60.25,1345021.0,1.25,0
34337940,660000.0,205.0,3220.0,3,2,Sampaio-Alumiara-Verdinho,Canidelo,,41.1396086,-8.650191,,newdevelopment,True,True,10,False,https://www.idealista.pt/empreendimento/34337940/,2,3.4725700937044333,51.25,660100.0,0.5,0
34121919,1650000.0,341.0,4839.0,5,3,Foz Velha,Aldoar - Foz do Douro - Nevogilde,,41.1464164,-8.6641346,,good,False,,15,False,https://www.idealista.pt/imovel/34121919/,0,4.471429153900204,56.833333333333336,1650099.0,0.5,0
34337903,300000.0,104.0,2885.0,1,1,Sampaio-Alumiara-Verdinho,Canidelo,,41.1397828,-8.6472516,,newdevelopment,True,True,7,False,https://www.idealista.pt/empreendimento/34337903/,2,3.233737762118786,52.0,300040.0,0.5,0
34092871,340000.0,105.0,3238.0,2,1,Baixa,Cedofeita - Santo Ildefonso - Sé - Miragaia - São Nicolau - Vitória,Trindade,41.1508496,-8.6096821,7,good,False,True,17,False,https://www.idealista.pt/imovel/34092871/,6,0.17235228478805073,35.0,339990.0,0.3333333333333333,1
34694868,249900.0,108.0,2314.0,2,1,Centro,Rio Tinto,,41.1800621,-8.5599858,3,good,False,False,25,False,https://www.idealista.pt/imovel/34694868/,3,5.444085339373428,36.0,249912.0,0.3333333333333333,0
34518856,310000.0,80.0,3875.0,1,1,Lavadores,Canidelo,,41.132276,-8.6671404,bj,good,False,True,23,False,https://www.idealista.pt/imovel/34518856/,2,5.088314217645274,40.0,310000.0,0.5,0
34350851,320000.0,90.0,3556.0,3,3,Campo 24 de Agosto,Bonfim,,41.1508728,-8.5977745,,good,False,,11,False,https://www.idealista.pt/imovel/34350851/,6,1.1080515949551777,22.5,320040.0,0.75,1
34575807,399500.0,93.0,4296.0,2,2,Bessa - Foco,Ramalde,,41.1622729,-8.6382189,1,good,False,True,12,False,https://www.idealista.pt/imovel/34575807/,1,2.686422809180688,31.0,399528.0,0.6666666666666666,1
34182658,695000.0,195.0,3564.0,3,3,Campo 24 de Agosto,Bonfim,,41.1502516,-8.6021922,,good,False,,51,True,https://www.idealista.pt/imovel/34182658/,6,0.7326840680687338,48.75,694980.0,0.75,1
34497647,1200000.0,439.0,2733.0,4,4,Aviz - Cristo Rei,Aldoar - Foz do Douro - Nevogilde,,41.1604591,-8.6718692,,good,False,,20,False,https://www.idealista.pt/imovel/34497647/,0,5.245346357740456,87.8,1199787.0,0.8,0
34485471,1900000.0,700.0,2714.0,10,1,Combatentes - Costa Cabral,Paranhos,,41.1658016,-8.5977013,,good,False,,26,False,https://www.idealista.pt/imovel/34485471/,6,2.113411785005916,63.63636363636363,1899800.0,0.09090909090909091,1
34681418,285000.0,102.0,2794.0,3,2,Areosa - Fernão de Magalhães,Paranhos,,41.1768733,-8.5827251,,good,False,True,16,False,https://www.idealista.pt/imovel/34681418/,3,3.8418521450453103,25.5,284988.0,0.5,0
33890340,1300000.0,213.0,6103.0,4,5,Salgueiros,Paranhos,,41.1716632,-8.5932506,,good,False,,14,False,https://www.idealista.pt/imovel/33890340/,6,2.8638827073745734,42.6,1299939.0,1.0,1
34437336,500000.0,240.0,2083.0,5,3,Soares dos Reis - Rasa de Cima,Mafamude e Vilar do Paraíso,,41.1225591,-8.6111479,,good,False,,26,False,https://www.idealista.pt/imovel/34437336/,7,3.0068825629630784,40.0,499920.0,0.5,0
34451323,510000.0,126.0,4048.0,3,3,Igreja do Bonfim - Lomba,Bonfim,,41.1488788,-8.5941166,4,good,False,True,7,False,https://www.idealista.pt/imovel/34451323/,6,1.4075533056940706,31.5,510048.0,0.75,1
34396286,215000.0,99.0,2172.0,2,1,Baixa,Cedofeita - Santo Ildefonso - Sé - Miragaia - São Nicolau - Vitória,Santa Catarina,41.150584,-8.6041437,3,good,False,False,10,True,https://www.idealista.pt/imovel/34396286/,6,0.5761791431566905,33.0,215028.0,0.3333333333333333,1
34385235,1200000.0,371.0,3235.0,4,2,Foz Velha,Aldoar - Foz do Douro - Nevogilde,,41.1511508,-8.6678168,,good,False,,18,False,https://www.idealista.pt/imovel/34385235/,0,4.768655779758748,74.2,1200185.0,0.4,0
34248108,982000.0,127.0,7732.0,3,4,Baixa,Cedofeita - Santo Ildefonso - Sé - Miragaia - São Nicolau - Vitória,Aliados - Clérigos - Carlos Alberto,41.1477305,-8.6095573,,good,False,,13,False,https://www.idealista.pt/imovel/34248108/,6,0.2363322950423987,31.75,981964.0,1.0,1
34248109,715000.0,94.0,7606.0,2,3,Baixa,Cedofeita - Santo Ildefonso - Sé - Miragaia - São Nicolau - Vitória,Aliados - Clérigos - Carlos Alberto,41.1467427,-8.6088808,,good,False,,13,False,https://www.idealista.pt/imovel/34248109/,6,0.35990104289416885,31.333333333333332,714964.0,1.0,1
34441097,450000.0,204.0,2206.0,3,2,Constituição,Cedofeita - Santo Ildefonso - Sé - Miragaia - São Nicolau - Vitória,,41.1622971,-8.6264089,,renew,False,,6,False,https://www.idealista.pt/imovel/34441097/,1,1.9181307528089078,51.0,450024.0,0.5,1
32939910,350000.0,57.0,6140.0,1,1,Batalha - Guindais,Cedofeita - Santo Ildefonso - Sé - Miragaia - São Nicolau - Vitória,,41.1426194,-8.605437,,good,False,False,14,False,https://www.idealista.pt/imovel/32939910/,6,0.900969444689682,28.5,349980.0,0.5,1
34337906,450000.0,144.0,3125.0,2,2,Sampaio-Alumiara-Verdinho,Canidelo,,41.1373991,-8.6492155,,newdevelopment,True,True,9,False,https://www.idealista.pt/empreendimento/34337906/,2,3.4834671588226116,48.0,450000.0,0.6666666666666666,0
34647880,220000.0,43.0,5116.0,0,1,Batalha - Guindais,Cedofeita - Santo Ildefonso - Sé - Miragaia - São Nicolau - Vitória,,41.1442177,-8.6057378,6,good,False,True,8,True,https://www.idealista.pt/imovel/34647880/,6,0.7382538011926802,43.0,219988.0,1.0,1
34698815,325000.0,70.0,4643.0,1,2,Areinho - Quebrantões,Oliveira do Douro,,41.1312148,-8.5978223,5,good,False,True,11,True,https://www.idealista.pt/imovel/34698815/,7,2.3191931105343153,35.0,325010.0,1.0,1
34362608,549000.0,119.0,4613.0,2,2,Pinhais da Foz,Aldoar - Foz do Douro - Nevogilde,,41.154481,-8.6679877,,good,False,True,12,False,https://www.idealista.pt/imovel/34362608/,0,4.810440418452217,39.666666666666664,548947.0,0.6666666666666666,0
34618592,1650000.0,223.0,7399.0,3,4,Cais das Pedras,Lordelo do Ouro e Massarelos,,41.1489042,-8.6313659,8,good,False,True,82,True,https://www.idealista.pt/imovel/34618592/,1,1.7153465387987246,55.75,1649977.0,1.0,1
34695501,260000.0,51.0,5098.0,0,1,Areinho - Quebrantões,Oliveira do Douro,,41.1332888,-8.5974581,4,good,False,True,11,True,https://www.idealista.pt/imovel/34695501/,7,2.134620978360046,51.0,259998.0,1.0,1
34221497,980000.0,214.0,4579.0,4,4,Foz Velha,Aldoar - Foz do Douro - Nevogilde,,41.1497306,-8.6700938,,good,False,True,17,False,https://www.idealista.pt/imovel/34221497/,0,4.956260794113261,42.8,979906.0,0.8,0
34351473,599000.0,164.0,3652.0,3,2,Matosinhos Sul - Marginal,Matosinhos e Leça da Palmeira,,41.1761253,-8.6838094,,good,False,True,14,False,https://www.idealista.pt/imovel/34351473/,0,6.778714352578501,41.0,598928.0,0.5,0
34551433,265000.0,74.0,3581.0,1,1,,Pedrouços,,41.1825368,-8.5886125,,renew,False,True,6,False,https://www.idealista.pt/imovel/34551433/,3,4.110211374426451,37.0,264994.0,0.5,0
34644356,255000.0,52.0,4904.0,1,1,Boavista,Cedofeita - Santo Ildefonso - Sé - Miragaia - São Nicolau - Vitória,Casa da Música,41.1592535,-8.6286305,,good,False,,6,False,https://www.idealista.pt/imovel/34644356/,1,1.831890322134165,26.0,255008.0,0.5,1
34077343,515000.0,193.0,2668.0,2,2,Sampaio-Alumiara-Verdinho,Canidelo,,41.1392866,-8.6500809,,newdevelopment,True,True,39,False,https://www.idealista.pt/empreendimento/34077343/,2,3.4754937455146524,64.33333333333333,514924.0,0.6666666666666666,0
31888343,600000.0,322.0,1863.0,4,1,Salgueiros,Paranhos,,41.1638558,-8.5993643,,renew,False,,5,True,https://www.idealista.pt/imovel/31888343/,6,1.8562009410729727,64.4,599886.0,0.2,1
34077331,695000.0,158.0,4399.0,3,2,Sampaio-Alumiara-Verdinho,Canidelo,,41.1392866,-8.6500809,,newdevelopment,True,True,39,False,https://www.idealista.pt/empreendimento/34077331/,2,3.4754937455146524,39.5,695042.0,0.5,0
34077316,525000.0,148.0,3547.0,2,2,Sampaio-Alumiara-Verdinho,Canidelo,,41.1392866,-8.6500809,,newdevelopment,True,True,39,False,https://www.idealista.pt/empreendimento/34077316/,2,3.4754937455146524,49.333333333333336,524956.0,0.6666666666666666,0
34668275,242000.0,50.0,4840.0,1,1,Soares dos Reis - Rasa de Cima,Mafamude e Vilar do Paraíso,,41.1238625,-8.6086271,bj,good,False,True,26,False,https://www.idealista.pt/imovel/34668275/,7,2.868202425717516,25.0,242000.0,0.5,1
34699183,875000.0,200.0,4375.0,3,4,Areinho - Quebrantões,Oliveira do Douro,,41.1322794,-8.5980746,5,good,False,True,14,True,https://www.idealista.pt/imovel/34699183/,7,2.2051783400064964,50.0,875000.0,1.0,1
33904067,455000.0,67.0,6791.0,1,1,Parque da Cidade - Vilarinha - António Aroso,Aldoar - Foz do Douro - Nevogilde,,41.1698161,-8.6716649,,good,False,False,10,False,https://www.idealista.pt/imovel/33904067/,0,5.561548033034678,33.5,454997.0,0.5,0
33481997,1180000.0,278.0,4245.0,4,4,Pinhais da Foz,Aldoar - Foz do Douro - Nevogilde,,41.1537555,-8.6679342,,good,False,True,13,False,https://www.idealista.pt/imovel/33481997/,0,4.797575348228226,55.6,1180110.0,0.8,0
34159990,360000.0,107.0,3364.0,2,1,Baixa,Cedofeita - Santo Ildefonso - Sé - Miragaia - São Nicolau - Vitória,Batalha - Poveiros,41.1484891,-8.6046249,,good,False,False,13,False,https://www.idealista.pt/imovel/34159990/,6,0.5397384843907851,35.666666666666664,359948.0,0.3333333333333333,1
34057866,310000.0,94.0,3298.0,2,2,Baixa,Cedofeita - Santo Ildefonso - Sé - Miragaia - São Nicolau - Vitória,Santa Catarina,41.1519597,-8.6028678,,good,False,,30,True,https://www.idealista.pt/imovel/34057866/,6,0.7218903995076771,31.333333333333332,310012.0,0.6666666666666666,1
34643639,535000.0,165.0,3242.0,3,2,Bessa - Foco,Ramalde,,41.1609169,-8.6423727,10,good,False,True,30,False,https://www.idealista.pt/imovel/34643639/,1,2.9200183040422316,41.25,534930.0,0.5,1
34706624,450000.0,149.0,3020.0,2,3,Lapa - Bouça,Cedofeita - Santo Ildefonso - Sé - Miragaia - São Nicolau - Vitória,,41.1553162,-8.6179333,bj,good,False,False,39,False,https://www.idealista.pt/imovel/34706624/,1,0.8664679541252144,49.666666666666664,449980.0,1.0,1
34076574,560000.0,138.0,4058.0,3,2,Afurada - Arrábida - Cavaco,Santa Marinha e São Pedro da Afurada,,41.1387562,-8.6416326,,newdevelopment,True,True,17,False,https://www.idealista.pt/empreendimento/34076574/,2,2.841903765130229,34.5,560004.0,0.5,1
34076569,560000.0,153.6,3646.0,3,2,Afurada - Arrábida - Cavaco,Santa Marinha e São Pedro da Afurada,,41.1387562,-8.6416326,,newdevelopment,True,True,17,False,https://www.idealista.pt/empreendimento/34076569/,2,2.841903765130229,38.4,560025.6,0.5,1
34567559,395000.0,91.0,4341.0,2,2,Monte dos Burgos - Carvalhido,Paranhos,,41.168558,-8.620633,3,newdevelopment,True,True,11,False,https://www.idealista.pt/empreendimento/34567559/,1,2.260029355929139,30.333333333333332,395031.0,0.6666666666666666,1
34567552,395000.0,91.0,4341.0,2,2,Monte dos Burgos - Carvalhido,Paranhos,,41.1686431,-8.6203753,3,newdevelopment,True,True,11,False,https://www.idealista.pt/empreendimento/34567552/,1,2.2611998205128847,30.333333333333332,395031.0,0.6666666666666666,1
34567496,390000.0,91.0,4286.0,2,2,Monte dos Burgos - Carvalhido,Paranhos,,41.1674968,-8.6195794,2,newdevelopment,True,True,11,False,https://www.idealista.pt/empreendimento/34567496/,1,2.118539207804554,30.333333333333332,390026.0,0.6666666666666666,1
34405355,425000.0,117.0,3632.0,2,2,Serralves,Lordelo do Ouro e Massarelos,,41.1611693,-8.656666,1,good,False,True,6,False,https://www.idealista.pt/imovel/34405355/,0,4.041802964314764,39.0,424944.0,0.6666666666666666,0
34542187,1150000.0,144.0,7986.0,3,4,Campo Alegre,Lordelo do Ouro e Massarelos,,41.1481751,-8.6388397,4,good,False,True,46,False,https://www.idealista.pt/imovel/34542187/,1,2.34475110050315,36.0,1149984.0,1.0,1
34638992,215000.0,46.0,4674.0,1,1,Soares dos Reis - Rasa de Cima,Mafamude e Vilar do Paraíso,,41.1233192,-8.6064245,7,good,False,True,23,False,https://www.idealista.pt/imovel/34638992/,7,2.9462292772240373,23.0,215004.0,0.5,1
33236865,390000.0,126.0,3095.0,3,2,Centro Histórico,Cedofeita - Santo Ildefonso - Sé - Miragaia - São Nicolau - Vitória,Rua das Flores - Mouzinho,41.1403989,-8.6125766,,good,False,False,13,False,https://www.idealista.pt/imovel/33236865/,1,1.0327027587492106,31.5,389970.0,0.5,1
33236835,347000.0,68.0,5103.0,1,1,Baixa,Cedofeita - Santo Ildefonso - Sé - Miragaia - São Nicolau - Vitória,Aliados - Clérigos - Carlos Alberto,41.1513647,-8.6135943,,good,False,False,11,False,https://www.idealista.pt/imovel/33236835/,1,0.298989315890044,34.0,347004.0,0.5,1
34301792,850000.0,420.0,2024.0,3,3,Centro,Madalena,,41.1033839,-8.6470821,,good,False,,6,False,https://www.idealista.pt/imovel/34301792/,2,5.96603612822485,105.0,850080.0,0.75,0
34693749,500000.0,98.0,5102.0,2,2,Amial,Paranhos,,41.1807034,-8.6195458,,good,False,,4,False,https://www.idealista.pt/imovel/34693749/,5,3.5334531202130814,32.666666666666664,499996.0,0.6666666666666666,0
34709686,250000.0,48.0,5208.0,1,1,Matosinhos Sul - Marginal,Matosinhos e Leça da Palmeira,,41.1724653,-8.6794872,,good,False,,6,False,https://www.idealista.pt/imovel/34709686/,0,6.279486931588689,24.0,249984.0,0.5,0
34445647,650000.0,356.0,1826.0,3,1,Centro de São Mamede de Infesta - Laranjeiras,São Mamede de Infesta e Senhora da Hora,,41.1926308,-8.6046005,,renew,False,,4,False,https://www.idealista.pt/imovel/34445647/,3,4.813771617612906,89.0,650056.0,0.25,0
33729565,750000.0,220.0,3409.0,5,3,Ouro - Condominhas,Lordelo do Ouro e Massarelos,,41.1482687,-8.6524052,,good,False,,10,False,https://www.idealista.pt/imovel/33729565/,2,3.478380414868624,36.666666666666664,749980.0,0.5,0
34099537,547750.0,109.0,5025.0,3,3,Monte dos Burgos - Carvalhido,Paranhos,,41.1661663,-8.617487,4,good,False,True,19,False,https://www.idealista.pt/imovel/34099537/,1,1.9228602661079972,27.25,547725.0,0.75,1
34648439,285000.0,58.0,4914.0,0,1,Campo 24 de Agosto,Bonfim,,41.1508938,-8.6053477,3,good,False,True,16,True,https://www.idealista.pt/imovel/34648439/,6,0.48663592749637413,58.0,285012.0,1.0,1
33003422,1200000.0,225.0,5333.0,4,4,Boavista,Cedofeita - Santo Ildefonso - Sé - Miragaia - São Nicolau - Vitória,Júlio Dinis - Hospital Militar,41.156373,-8.6235707,,,True,True,26,False,https://www.idealista.pt/empreendimento/33003422/,1,1.3009999847396327,45.0,1199925.0,0.8,1
34537414,247000.0,69.0,3580.0,1,1,Antas - Praça Velásquez,Bonfim,,41.160136,-8.5940703,1,newdevelopment,True,True,10,False,https://www.idealista.pt/empreendimento/34537414/,6,1.8324501877651571,34.5,247020.0,0.5,1
33876352,550000.0,89.0,6180.0,0,1,Baixa,Cedofeita - Santo Ildefonso - Sé - Miragaia - São Nicolau - Vitória,Cedofeita,41.1521314,-8.6171437,bj,good,False,False,14,False,https://www.idealista.pt/imovel/33876352/,1,0.5937324064895745,89.0,550020.0,1.0,1
33740336,360000.0,97.0,3711.0,3,2,Foz Velha,Aldoar - Foz do Douro - Nevogilde,,41.1499879,-8.6689999,,good,False,,15,False,https://www.idealista.pt/imovel/33740336/,0,4.864830004201178,24.25,359967.0,0.5,0
34719286,215000.0,36.0,5972.0,0,1,Centro de São Mamede de Infesta - Laranjeiras,São Mamede de Infesta e Senhora da Hora,,41.1957209,-8.5997784,,good,False,,13,False,https://www.idealista.pt/imovel/34719286/,3,5.212208417003045,36.0,214992.0,1.0,0
34322142,430000.0,84.0,5119.0,2,2,Baixa,Cedofeita - Santo Ildefonso - Sé - Miragaia - São Nicolau - Vitória,Aliados - Clérigos - Carlos Alberto,41.1494753,-8.6114008,1,good,False,True,21,False,https://www.idealista.pt/imovel/34322142/,1,0.044164733237813295,28.0,429996.0,0.6666666666666666,1
34466140,285000.0,85.0,3353.0,2,2,Fontaínhas - Duques,Bonfim,,41.1441047,-8.5998283,2,good,False,False,12,False,https://www.idealista.pt/imovel/34466140/,6,1.1103271354274395,28.333333333333332,285005.0,0.6666666666666666,1
34437079,800000.0,121.0,6612.0,2,2,Miragaia - Virtudes,Cedofeita - Santo Ildefonso - Sé - Miragaia - São Nicolau - Vitória,,41.1412656,-8.6185994,,renew,False,True,12,False,https://www.idealista.pt/imovel/34437079/,1,1.128936235529606,40.333333333333336,800052.0,0.6666666666666666,1
34437036,800000.0,157.0,5096.0,2,2,Miragaia - Virtudes,Cedofeita - Santo Ildefonso - Sé - Miragaia - São Nicolau - Vitória,,41.1424737,-8.6173881,,good,False,True,12,False,https://www.idealista.pt/imovel/34437036/,1,0.960758023862222,52.333333333333336,800072.0,0.6666666666666666,1
34193994,460000.0,72.0,6389.0,0,1,Baixa,Cedofeita - Santo Ildefonso - Sé - Miragaia - São Nicolau - Vitória,Cedofeita,41.1535385,-8.6181295,3,good,False,False,20,False,https://www.idealista.pt/imovel/34193994/,1,0.7471160363573638,72.0,460008.0,1.0,1
34594970,300000.0,168.0,1786.0,2,1,Centro,Madalena,,41.1059642,-8.6410081,,renew,False,,7,False,https://www.idealista.pt/imovel/34594970/,2,5.468268951745342,56.0,300048.0,0.3333333333333333,0
34622873,1480000.0,480.0,3083.0,10,7,Estação,Campanhã,,41.1512365,-8.5870087,,good,False,,15,False,https://www.idealista.pt/imovel/34622873/,6,2.0086321804819316,43.63636363636363,1479840.0,0.6363636363636364,1
33539813,460000.0,110.0,4182.0,1,2,Foz Velha,Aldoar - Foz do Douro - Nevogilde,,41.1481461,-8.6641172,,renew,False,,10,False,https://www.idealista.pt/imovel/33539813/,0,4.458810239367029,55.0,460020.0,1.0,0
34687804,425000.0,158.0,2690.0,3,2,Maninho - Baviera,Madalena,,41.1098081,-8.6351534,,good,False,,44,False,https://www.idealista.pt/imovel/34687804/,2,4.8686652835271795,39.5,425020.0,0.5,0
34615682,260000.0,115.0,2261.0,3,2,São Cosme,São Cosme - Valbom - Jovim,Cimo da Serra - Bouça das Almas - Taralhão,41.1500346,-8.5317211,,good,False,False,30,True,https://www.idealista.pt/imovel/34615682/,4,6.629733235591209,28.75,260015.0,0.5,0
34667606,250000.0,102.0,2451.0,3,2,Vila d'Este - Monte da Virgem,Vilar de Andorinho,,41.0962583,-8.5913397,,good,False,,20,False,https://www.idealista.pt/imovel/34667606/,7,6.15346195726299,25.5,250002.0,0.5,0
33309591,445000.0,188.0,2367.0,1,2,Batalha - Guindais,Cedofeita - Santo Ildefonso - Sé - Miragaia - São Nicolau - Vitória,,41.1456663,-8.6051628,bj,good,False,False,10,False,https://www.idealista.pt/imovel/33309591/,6,0.649688498526911,94.0,444996.0,1.0,1
32577590,950000.0,291.0,3265.0,10,5,Salgueiros,Paranhos,,41.16823,-8.5932116,,good,False,,10,False,https://www.idealista.pt/imovel/32577590/,6,2.546410341047005,26.454545454545453,950115.0,0.45454545454545453,1
34416507,998000.0,300.0,3327.0,4,4,Foz,Aldoar - Foz do Douro - Nevogilde,,41.1611607,-8.6793126,,renew,False,,17,False,https://www.idealista.pt/imovel/34416507/,0,5.870105065656953,60.0,998100.0,0.8,0
34347489,1100000.0,192.0,5729.0,5,1,Foz,Aldoar - Foz do Douro - Nevogilde,,41.1622248,-8.6833683,bj,good,False,False,12,False,https://www.idealista.pt/imovel/34347489/,0,6.227412426451617,32.0,1099968.0,0.16666666666666666,0
33264357,799000.0,249.0,3209.0,3,3,Sampaio-Alumiara-Verdinho,Canidelo,,41.1389087,-8.6546172,3,good,False,True,63,True,https://www.idealista.pt/imovel/33264357/,2,3.848898536899992,62.25,799041.0,0.75,0
34119357,1200000.0,275.0,4364.0,3,2,Foz Velha,Aldoar - Foz do Douro - Nevogilde,,41.1486704,-8.6683988,,renew,False,,9,False,https://www.idealista.pt/imovel/34119357/,0,4.815467282766825,68.75,1200100.0,0.5,0
33171157,1995000.0,285.0,7000.0,3,4,Foz,Aldoar - Foz do Douro - Nevogilde,,41.1616516,-8.6820691,,good,False,,8,False,https://www.idealista.pt/imovel/33171157/,0,6.1072148657046705,71.25,1995000.0,1.0,0
34610870,285000.0,92.0,3098.0,3,3,Centro,Rio Tinto,,41.1801646,-8.557935,,good,False,,36,False,https://www.idealista.pt/imovel/34610870/,3,5.586428280453204,23.0,285016.0,0.75,0
33868633,365000.0,137.0,2664.0,4,2,Covelo - Monte de São João,Paranhos,,41.1639017,-8.6017634,,good,False,,20,False,https://www.idealista.pt/imovel/33868633/,6,1.764674408567362,27.4,364968.0,0.4,1
34479617,299900.0,148.0,2026.0,2,2,Centro de Valadares - Penedo - Valadarinho,Gulpilhares e Valadares,,41.0901715,-8.629259,1,good,False,True,26,False,https://www.idealista.pt/imovel/34479617/,7,6.784739347736628,49.333333333333336,299848.0,0.6666666666666666,0
34228513,365000.0,99.0,3687.0,3,3,Centro de Ramalde - Pereiró,Ramalde,,41.1717453,-8.6511093,1,good,False,False,30,False,https://www.idealista.pt/imovel/34228513/,0,4.1706596679829495,24.75,365013.0,0.75,0
33046491,690000.0,105.0,6571.0,2,3,Foz,Aldoar - Foz do Douro - Nevogilde,,41.1597373,-8.6812541,,good,False,True,9,False,https://www.idealista.pt/imovel/33046491/,0,5.997119133665606,35.0,689955.0,1.0,0
34574395,580000.0,140.0,4143.0,2,2,Candal - Regadas,Santa Marinha e São Pedro da Afurada,,41.1371817,-8.6255921,4,good,False,True,25,True,https://www.idealista.pt/imovel/34574395/,1,1.849411758786573,46.666666666666664,580020.0,0.6666666666666666,1
33599307,265000.0,79.0,3354.0,1,1,Batalha - Guindais,Cedofeita - Santo Ildefonso - Sé - Miragaia - São Nicolau - Vitória,,41.1435718,-8.6027868,,good,False,False,7,False,https://www.idealista.pt/imovel/33599307/,6,0.9543663268308786,39.5,264966.0,0.5,1
34250296,1890000.0,244.0,7746.0,4,5,Foz,Aldoar - Foz do Douro - Nevogilde,,41.1649024,-8.6762392,2,good,False,True,9,False,https://www.idealista.pt/imovel/34250296/,0,5.728687757873065,48.8,1890024.0,1.0,0
34574282,2050000.0,387.0,5297.0,4,5,Foz,Aldoar - Foz do Douro - Nevogilde,,41.1606687,-8.6732712,bj,good,False,True,10,False,https://www.idealista.pt/imovel/34574282/,0,5.3649312312933946,77.4,2049939.0,1.0,0
34617247,355000.0,115.0,3087.0,2,2,Parque de Real - Água Viva,Matosinhos e Leça da Palmeira,,41.1824389,-8.6694834,,good,False,True,13,False,https://www.idealista.pt/imovel/34617247/,0,6.114073862716124,38.333333333333336,355005.0,0.6666666666666666,0
34662240,350000.0,89.0,3933.0,1,2,Sete Bicas,São Mamede de Infesta e Senhora da Hora,,41.1830042,-8.6552009,5,good,False,True,32,True,https://www.idealista.pt/imovel/34662240/,5,5.248648540991561,44.5,350037.0,1.0,0
33110178,1020000.0,184.0,5543.0,4,4,Foz Velha,Aldoar - Foz do Douro - Nevogilde,,41.1523145,-8.6749889,,good,False,True,8,False,https://www.idealista.pt/imovel/33110178/,0,5.374478284354622,36.8,1019912.0,0.8,0
34365135,210000.0,42.0,5000.0,0,1,Boavista,Cedofeita - Santo Ildefonso - Sé - Miragaia - São Nicolau - Vitória,Casa da Música,41.156916,-8.6298328,,good,False,False,13,False,https://www.idealista.pt/imovel/34365135/,1,1.7816982380786714,42.0,210000.0,1.0,1
33983903,890000.0,125.0,7120.0,3,3,Foz,Aldoar - Foz do Douro - Nevogilde,,41.1616203,-8.681068,bj,good,False,False,8,False,https://www.idealista.pt/imovel/33983903/,0,6.024700291929133,31.25,890000.0,0.75,0
33799692,340000.0,83.0,4096.0,1,1,Parque de Real - Água Viva,Matosinhos e Leça da Palmeira,,41.1844226,-8.6703234,1,newdevelopment,True,True,13,False,https://www.idealista.pt/empreendimento/33799692/,0,6.303591697546582,41.5,339968.0,0.5,0
34213683,1300000.0,353.0,3683.0,3,3,Foz,Aldoar - Foz do Douro - Nevogilde,,41.1627681,-8.6762026,,good,False,True,13,False,https://www.idealista.pt/imovel/34213683/,0,5.65985966069637,88.25,1300099.0,0.75,0
34643610,319000.0,122.0,2615.0,3,2,Formigosa - Corredoura,Oliveira do Douro,,41.1296183,-8.5798524,,good,False,True,17,False,https://www.idealista.pt/imovel/34643610/,4,3.4200286049938646,30.5,319030.0,0.5,0
34340401,300000.0,92.0,3261.0,3,0,Constituição,Cedofeita - Santo Ildefonso - Sé - Miragaia - São Nicolau - Vitória,,41.1643491,-8.6214375,,renew,False,,2,False,https://www.idealista.pt/imovel/34340401/,1,1.862243976293281,23.0,300012.0,0.0,1
34452308,360000.0,97.0,3711.0,2,2,Centro de Ramalde - Pereiró,Ramalde,,41.1743707,-8.6598073,,good,False,False,35,False,https://www.idealista.pt/imovel/34452308/,0,4.934469537369788,32.333333333333336,359967.0,0.6666666666666666,0
33595182,350000.0,81.0,4321.0,1,1,Centro Histórico,Santa Marinha e São Pedro da Afurada,,41.1364121,-8.6076398,1,good,False,True,40,True,https://www.idealista.pt/imovel/33595182/,7,1.491623087535561,40.5,350001.0,0.5,1
34666143,360000.0,48.0,7500.0,2,1,São João - Asprela - Telheiro,São Mamede de Infesta e Senhora da Hora,,41.1865377,-8.6036995,,renew,False,,10,True,https://www.idealista.pt/imovel/34666143/,3,4.151272348048898,16.0,360000.0,0.3333333333333333,0
34525134,280000.0,90.0,3111.0,1,1,,Pedrouços,,41.1837677,-8.5947109,,good,False,True,15,False,https://www.idealista.pt/imovel/34525134/,3,4.033721559848387,45.0,279990.0,0.5,0
34654129,260000.0,122.0,2131.0,2,2,São Cosme,São Cosme - Valbom - Jovim,Cimo da Serra - Bouça das Almas - Taralhão,41.1507314,-8.5310885,bj,good,False,False,14,True,https://www.idealista.pt/imovel/34654129/,4,6.683672574236918,40.666666666666664,259982.0,0.6666666666666666,0
34452041,1350000.0,233.0,5794.0,3,3,Foz,Aldoar - Foz do Douro - Nevogilde,,41.1658628,-8.6776212,,good,False,True,41,False,https://www.idealista.pt/imovel/34452041/,0,5.871236214436619,58.25,1350002.0,0.75,0
34375985,695000.0,160.0,4344.0,3,2,Serralves,Lordelo do Ouro e Massarelos,,41.1551572,-8.6516966,10,good,False,True,37,False,https://www.idealista.pt/imovel/34375985/,0,3.4711630712443875,40.0,695040.0,0.5,0
34042820,420000.0,210.0,2000.0,4,3,Baixa,Cedofeita - Santo Ildefonso - Sé - Miragaia - São Nicolau - Vitória,Aliados - Clérigos - Carlos Alberto,41.1503416,-8.6108711,,renew,False,,26,True,https://www.idealista.pt/imovel/34042820/,1,0.08249765247328812,42.0,420000.0,0.6,1
34259786,290000.0,54.0,5370.0,1,1,Lavadores,Canidelo,,41.1310502,-8.6678997,1,newdevelopment,True,True,14,False,https://www.idealista.pt/empreendimento/34259786/,2,5.199810277024501,27.0,289980.0,0.5,0
34259771,400000.0,88.0,4545.0,2,2,Lavadores,Canidelo,,41.1310502,-8.6678997,1,newdevelopment,True,True,14,False,https://www.idealista.pt/empreendimento/34259771/,2,5.199810277024501,29.333333333333332,399960.0,0.6666666666666666,0
33794586,220000.0,54.0,4074.0,1,1,ESMAE - Doze Casas,Bonfim,,41.1563561,-8.6031493,,good,False,True,23,True,https://www.idealista.pt/imovel/33794586/,6,0.9927095925682552,27.0,219996.0,0.5,1
32916572,450000.0,204.0,2206.0,3,2,Boavista,Cedofeita - Santo Ildefonso - Sé - Miragaia - São Nicolau - Vitória,Avenida de França,41.1602822,-8.6264838,,renew,False,,8,False,https://www.idealista.pt/imovel/32916572/,1,1.7644138478014832,51.0,450024.0,0.5,1
34594532,460000.0,99.0,4646.0,2,2,Aviz - Cristo Rei,Aldoar - Foz do Douro - Nevogilde,,41.1565543,-8.6702203,5,good,False,,26,True,https://www.idealista.pt/imovel/34594532/,0,5.026411381025141,33.0,459954.0,0.6666666666666666,0
33853516,239000.0,47.0,5085.0,1,2,Camões - Gonçalo Cristóvão - Faria Guimarães,Cedofeita - Santo Ildefonso - Sé - Miragaia - São Nicolau - Vitória,,41.1569491,-8.6070681,,good,False,,29,True,https://www.idealista.pt/imovel/33853516/,6,0.8779038972632217,23.5,238995.0,1.0,1
33939427,778000.0,315.0,2470.0,6,5,Valbom,São Cosme - Valbom - Jovim,,41.1370083,-8.5569752,,good,False,,27,True,https://www.idealista.pt/imovel/33939427/,4,4.727599477102433,45.0,778050.0,0.7142857142857143,0
34356116,865000.0,284.0,3046.0,4,4,Antas - Estádio do Dragão,Campanhã,,41.1598619,-8.5933476,,good,False,,44,True,https://www.idealista.pt/imovel/34356116/,6,1.8605288389219745,56.8,865064.0,0.8,1
34421095,369500.0,98.0,3770.0,2,2,Parque da Lavandeira - Sardão,Oliveira do Douro,,41.119675,-8.5976705,3,good,False,True,27,False,https://www.idealista.pt/imovel/34421095/,7,3.5071152456689365,32.666666666666664,369460.0,0.6666666666666666,0
34671036,245000.0,141.0,1738.0,3,2,São Roque da Lameira,Campanhã,,41.1601539,-8.5782332,2,good,False,False,22,False,https://www.idealista.pt/imovel/34671036/,3,2.9760888421208618,35.25,245058.0,0.5,1
34464914,710000.0,261.0,2720.0,3,2,Bessa Leite,Lordelo do Ouro e Massarelos,,41.1607806,-8.6361686,,good,False,,27,False,https://www.idealista.pt/imovel/34464914/,1,2.45379464975635,65.25,709920.0,0.5,1
34644885,250000.0,117.0,2137.0,3,2,Valbom,São Cosme - Valbom - Jovim,,41.129802,-8.5609031,2,good,False,True,20,False,https://www.idealista.pt/imovel/34644885/,4,4.730312358143765,29.25,250029.0,0.5,0
34523847,240000.0,65.0,3692.0,1,1,Hospital São João - Pólo Universitário,Paranhos,,41.17434,-8.6069417,bj,good,False,True,5,False,https://www.idealista.pt/imovel/34523847/,6,2.7708474596419728,32.5,239980.0,0.5,1
33949682,298000.0,61.0,4885.0,1,1,Baixa,Cedofeita - Santo Ildefonso - Sé - Miragaia - São Nicolau - Vitória,Bolhão,41.1512911,-8.6095007,1,good,False,False,26,False,https://www.idealista.pt/imovel/33949682/,6,0.22155430931675815,30.5,297985.0,0.5,1
34414341,430000.0,73.0,5890.0,0,1,Baixa,Cedofeita - Santo Ildefonso - Sé - Miragaia - São Nicolau - Vitória,Bolhão,41.1494047,-8.6091709,,newdevelopment,True,True,15,False,https://www.idealista.pt/empreendimento/34414341/,6,0.14639589312785484,73.0,429970.0,1.0,1
34285340,410000.0,115.0,3565.0,3,3,Afurada - Arrábida - Cavaco,Santa Marinha e São Pedro da Afurada,,41.1435995,-8.6348461,,good,False,True,23,True,https://www.idealista.pt/imovel/34285340/,1,2.113178951737762,28.75,409975.0,0.75,1
34414325,450000.0,61.0,7377.0,0,1,Baixa,Cedofeita - Santo Ildefonso - Sé - Miragaia - São Nicolau - Vitória,Bolhão,41.1502769,-8.6092029,,newdevelopment,True,True,15,False,https://www.idealista.pt/empreendimento/34414325/,6,0.16079958781521733,61.0,449997.0,1.0,1
34414323,480000.0,64.0,7500.0,0,1,Baixa,Cedofeita - Santo Ildefonso - Sé - Miragaia - São Nicolau - Vitória,Bolhão,41.1511653,-8.609649,,newdevelopment,True,True,15,False,https://www.idealista.pt/empreendimento/34414323/,6,0.20314002967885506,64.0,480000.0,1.0,1
33254175,235000.0,71.0,3310.0,2,1,Bessa - Foco,Ramalde,,41.1632689,-8.640287,7,good,False,True,24,False,https://www.idealista.pt/imovel/33254175/,1,2.8919137776309314,23.666666666666668,235010.0,0.3333333333333333,1
33772118,400000.0,168.0,2381.0,3,3,Coimbrões,Santa Marinha e São Pedro da Afurada,,41.1188863,-8.6303714,2,newdevelopment,True,True,11,False,https://www.idealista.pt/empreendimento/33772118/,7,3.7845529948788204,42.0,400008.0,0.75,0
34638922,340000.0,157.0,2166.0,3,3,Monte da Virgem - São Tiago,Oliveira do Douro,,41.1125864,-8.5896391,,good,False,,21,True,https://www.idealista.pt/imovel/34638922/,7,4.484410069795756,39.25,340062.0,0.75,0
34334903,420000.0,128.0,3281.0,3,2,Valbom,São Cosme - Valbom - Jovim,,41.1413936,-8.5705994,4,good,False,True,44,True,https://www.idealista.pt/imovel/34334903/,4,3.4957440969177234,32.0,419968.0,0.5,0
34624883,310000.0,88.0,3523.0,1,1,Amial,Paranhos,,41.1780582,-8.6204885,4,good,False,True,15,False,https://www.idealista.pt/imovel/34624883/,5,3.264619643699086,44.0,310024.0,0.5,0
34488872,380000.0,192.0,1979.0,3,1,,Águas Santas,,41.2016897,-8.5773773,,good,False,,28,False,https://www.idealista.pt/imovel/34488872/,3,6.435880171272425,48.0,379968.0,0.25,0
34514804,475000.0,235.0,2021.0,3,2,Hospital São João - Pólo Universitário,Paranhos,,41.176093,-8.588218,,good,False,True,25,False,https://www.idealista.pt/imovel/34514804/,3,3.504788280164398,58.75,474935.0,0.5,0
34661754,224000.0,66.0,3394.0,1,1,Paniceiro-Viso-Meiral,Canidelo,,41.1312209,-8.6508847,,good,False,True,26,False,https://www.idealista.pt/imovel/34661754/,2,3.9227570640421043,33.0,224004.0,0.5,0
34020619,1000000.0,150.0,6667.0,3,4,Centro,Madalena,,41.1019079,-8.6462173,,good,False,,21,False,https://www.idealista.pt/imovel/34020619/,2,6.072379688301683,37.5,1000050.0,1.0,0
34644443,258000.0,122.0,2115.0,2,2,São Cosme,São Cosme - Valbom - Jovim,Cimo da Serra - Bouça das Almas - Taralhão,41.149644,-8.5297934,,good,False,,24,False,https://www.idealista.pt/imovel/34644443/,4,6.790983163395242,40.666666666666664,258030.0,0.6666666666666666,0
33598894,550000.0,129.0,4264.0,1,2,Serralves,Lordelo do Ouro e Massarelos,,41.1611085,-8.6572275,,good,False,,1,False,https://www.idealista.pt/imovel/33598894/,0,4.0842737719048365,64.5,550056.0,1.0,0
34483882,260000.0,64.0,4063.0,1,1,Montes Caulinos,São Mamede de Infesta e Senhora da Hora,,41.1842785,-8.6391235,,good,False,True,17,False,https://www.idealista.pt/imovel/34483882/,5,4.522247658145639,32.0,260032.0,0.5,0
34691755,235000.0,45.0,5222.0,0,1,Centro de Matosinhos,Matosinhos e Leça da Palmeira,,41.1794349,-8.6790862,6,newdevelopment,True,True,2,True,https://www.idealista.pt/empreendimento/34691755/,0,6.601933432709175,45.0,234990.0,1.0,0
34691753,225000.0,44.0,5114.0,0,1,Centro de Matosinhos,Matosinhos e Leça da Palmeira,,41.1794349,-8.6790862,4,newdevelopment,True,True,2,True,https://www.idealista.pt/empreendimento/34691753/,0,6.601933432709175,44.0,225016.0,1.0,0
34582722,265000.0,96.0,2760.0,4,2,Leça do Balio,Custóias - Leça do Balio - Guifões,,41.2037403,-8.6143597,2,good,False,,22,False,https://www.idealista.pt/imovel/34582722/,5,6.027086289107029,19.2,264960.0,0.4,0
34584480,490000.0,113.0,4336.0,4,2,,Pedrouços,,41.1808332,-8.5953917,,good,False,,26,False,https://www.idealista.pt/imovel/34584480/,3,3.707672214805113,22.6,489968.0,0.4,0
34475387,780000.0,286.0,2727.0,5,3,,Pedrouços,,41.1824565,-8.597618,,good,False,,28,False,https://www.idealista.pt/imovel/34475387/,3,3.81890196156304,47.666666666666664,779922.0,0.5,0
34388995,249000.0,94.0,2649.0,1,2,Paniceiro-Viso-Meiral,Canidelo,,41.1219117,-8.6428112,,good,False,False,33,True,https://www.idealista.pt/imovel/34388995/,2,4.076891660495459,47.0,249006.0,1.0,0
34537962,259000.0,98.0,2643.0,2,1,Centro de São Mamede de Infesta - Laranjeiras,São Mamede de Infesta e Senhora da Hora,,41.1936927,-8.6111944,,good,False,False,6,False,https://www.idealista.pt/imovel/34537962/,5,4.9029464650578785,32.666666666666664,259014.0,0.3333333333333333,0
34676916,295000.0,104.0,2837.0,2,1,Candal - Regadas,Santa Marinha e São Pedro da Afurada,,41.130848,-8.6300865,2,good,False,True,14,False,https://www.idealista.pt/imovel/34676916/,7,2.6323440798847684,34.666666666666664,295048.0,0.3333333333333333,1
34462859,350000.0,126.0,2778.0,3,2,Prelada - Monte dos Burgos,Ramalde,Requesende,41.1723937,-8.6364107,,good,False,True,21,False,https://www.idealista.pt/imovel/34462859/,5,3.3143283081622408,31.5,350028.0,0.5,0
34500583,729500.0,213.0,3425.0,3,3,Bessa Leite,Lordelo do Ouro e Massarelos,,41.1560973,-8.6451518,,good,False,True,32,False,https://www.idealista.pt/imovel/34500583/,1,2.957336347339155,53.25,729525.0,0.75,1
34461551,340000.0,122.0,2787.0,3,3,Francos - Casa da Música - Pedro Hispano,Ramalde,,41.1654278,-8.6301318,,good,False,True,23,False,https://www.idealista.pt/imovel/34461551/,1,2.385333219261915,30.5,340014.0,0.75,1
34513386,278000.0,112.0,2482.0,2,2,Centro de Valadares - Penedo - Valadarinho,Gulpilhares e Valadares,,41.0958993,-8.6243196,,good,False,False,15,False,https://www.idealista.pt/imovel/34513386/,7,6.076126027742476,37.333333333333336,277984.0,0.6666666666666666,0
34392111,590000.0,172.0,3430.0,4,3,Agramonte - Bom Sucesso - Guerra Junqueiro,Lordelo do Ouro e Massarelos,,41.1567048,-8.6415861,,good,False,,67,False,https://www.idealista.pt/imovel/34392111/,1,2.6879021461873025,34.4,589960.0,0.6,1
33939032,1490000.0,225.0,6622.0,3,4,Aviz - Cristo Rei,Aldoar - Foz do Douro - Nevogilde,,41.1604873,-8.667884,,good,False,,5,False,https://www.idealista.pt/imovel/33939032/,0,4.92202613373448,56.25,1489950.0,1.0,0
34590826,235000.0,50.0,4700.0,2,2,Cooperativa dos Arquitectos - Fonte da Moura - Pedra Verde,Aldoar - Foz do Douro - Nevogilde,,41.1697701,-8.6601767,1,good,False,False,11,False,https://www.idealista.pt/imovel/34590826/,0,4.6955273248654175,16.666666666666668,235000.0,0.6666666666666666,0
34287332,275000.0,66.0,4167.0,2,2,Arca d'Água - Campo Lindo - Vale Formoso,Paranhos,,41.1665169,-8.6146536,,good,False,,19,False,https://www.idealista.pt/imovel/34287332/,1,1.9071411319981593,22.0,275022.0,0.6666666666666666,1
34028221,1700000.0,614.0,2769.0,6,3,Palácio de Cristal - Galiza - Vilar,Lordelo do Ouro e Massarelos,,41.1472021,-8.6235963,,good,False,,35,False,https://www.idealista.pt/imovel/34028221/,1,1.0959974623480806,87.71428571428571,1700166.0,0.42857142857142855,1
34673997,245000.0,65.0,3769.0,1,1,São Roque da Lameira,Campanhã,,41.1594133,-8.578814,1,good,False,False,12,False,https://www.idealista.pt/imovel/34673997/,6,2.8994947546391767,32.5,244985.0,0.5,1
33716731,630000.0,188.0,3351.0,4,2,Afurada - Arrábida - Cavaco,Santa Marinha e São Pedro da Afurada,,41.1424953,-8.6397653,1,newdevelopment,True,True,17,False,https://www.idealista.pt/empreendimento/33716731/,2,2.5428300821404664,37.6,629988.0,0.4,1
33716639,790000.0,247.0,3198.0,4,2,Afurada - Arrábida - Cavaco,Santa Marinha e São Pedro da Afurada,,41.1424953,-8.6397653,10,newdevelopment,True,True,17,False,https://www.idealista.pt/empreendimento/33716639/,2,2.5428300821404664,49.4,789906.0,0.4,1
34581558,1250000.0,388.0,3222.0,4,5,Salgueiros,Canidelo,,41.1177332,-8.6599596,,good,False,,46,False,https://www.idealista.pt/imovel/34581558/,2,5.425625182308674,77.6,1250136.0,1.0,0
33884439,225000.0,58.0,3879.0,0,1,Covelo - Monte de São João,Paranhos,,41.1637367,-8.6045142,2,newdevelopment,True,True,9,False,https://www.idealista.pt/empreendimento/33884439/,6,1.660355398835338,58.0,224982.0,1.0,1
34650214,295000.0,166.0,1777.0,1,1,Antas - Estádio do Dragão,Campanhã,,41.1584507,-8.5936957,,good,False,,19,True,https://www.idealista.pt/imovel/34650214/,6,1.7445112532115226,83.0,294982.0,0.5,1
34549036,249000.0,143.0,1741.0,3,2,Santegãos - Estrada Nova - Campainha,Rio Tinto,,41.191447,-8.5561258,,good,False,False,13,False,https://www.idealista.pt/imovel/34549036/,3,6.532364654195259,35.75,248963.0,0.5,0
34699586,1250000.0,452.0,2765.0,3,4,Centro,Madalena,,41.1057488,-8.646927,,renew,False,,20,False,https://www.idealista.pt/imovel/34699586/,2,5.734203314876265,113.0,1249780.0,1.0,0
34558961,285000.0,130.0,2192.0,3,2,Contumil - Nicolau Nasoni,Campanhã,,41.1718218,-8.581681,1,good,False,False,14,False,https://www.idealista.pt/imovel/34558961/,3,3.4769011311913003,32.5,284960.0,0.5,0
34273947,270000.0,65.0,4154.0,2,1,Centro Histórico,Cedofeita - Santo Ildefonso - Sé - Miragaia - São Nicolau - Vitória,Sé,41.1429081,-8.6097211,3,good,False,False,12,False,https://www.idealista.pt/imovel/34273947/,6,0.7506244437549766,21.666666666666668,270010.0,0.3333333333333333,1
34076564,790000.0,198.0,3990.0,4,2,Afurada - Arrábida - Cavaco,Santa Marinha e São Pedro da Afurada,,41.1387562,-8.6416326,10,newdevelopment,True,True,17,False,https://www.idealista.pt/empreendimento/34076564/,2,2.841903765130229,39.6,790020.0,0.4,1
34668433,260000.0,116.0,2241.0,2,2,Santegãos - Estrada Nova - Campainha,Rio Tinto,,41.1906018,-8.5715353,,good,False,True,14,False,https://www.idealista.pt/imovel/34668433/,3,5.625199172188781,38.666666666666664,259956.0,0.6666666666666666,0
34578580,375000.0,102.0,3676.0,3,2,Salgueiros,Canidelo,,41.1213486,-8.6581864,,good,False,,19,False,https://www.idealista.pt/imovel/34578580/,2,5.054787128220781,25.5,374952.0,0.5,0
34410540,495000.0,160.0,3094.0,2,2,Lavadores,Canidelo,,41.1322118,-8.6664832,bj,newdevelopment,True,True,12,False,https://www.idealista.pt/empreendimento/34410540/,2,5.040155865462347,53.333333333333336,495040.0,0.6666666666666666,0
34410492,460000.0,105.0,4381.0,2,2,Lavadores,Canidelo,,41.1306227,-8.6672475,bj,newdevelopment,True,True,12,False,https://www.idealista.pt/empreendimento/34410492/,2,5.168958090578196,35.0,460005.0,0.6666666666666666,0
34077773,800000.0,102.0,7843.0,2,3,Cooperativa dos Arquitectos - Fonte da Moura - Pedra Verde,Aldoar - Foz do Douro - Nevogilde,,41.1736936,-8.6682226,bj,good,False,True,6,False,https://www.idealista.pt/imovel/34077773/,0,5.495899662216036,34.0,799986.0,1.0,0
34122693,375000.0,58.0,6466.0,1,1,Baixa,Cedofeita - Santo Ildefonso - Sé - Miragaia - São Nicolau - Vitória,Batalha - Poveiros,41.1480941,-8.607359,5,good,False,True,10,False,https://www.idealista.pt/imovel/34122693/,6,0.3405058525749991,29.0,375028.0,0.5,1
34122619,430000.0,73.0,5890.0,0,1,Campo 24 de Agosto,Bonfim,,41.152239,-8.5930871,1,good,False,True,13,False,https://www.idealista.pt/imovel/34122619/,6,1.5200222254376148,73.0,429970.0,1.0,1
34676452,288000.0,121.0,2380.0,2,1,Centro,Rio Tinto,,41.1809215,-8.5499701,2,good,False,False,24,False,https://www.idealista.pt/imovel/34676452/,3,6.176066145845924,40.333333333333336,287980.0,0.3333333333333333,0
34549304,1780000.0,400.0,4450.0,4,6,Aviz - Cristo Rei,Aldoar - Foz do Douro - Nevogilde,,41.1614951,-8.6715687,,good,False,,20,False,https://www.idealista.pt/imovel/34549304/,0,5.248667436331767,80.0,1780000.0,1.2,0
34122134,270000.0,48.0,5625.0,0,1,Baixa,Cedofeita - Santo Ildefonso - Sé - Miragaia - São Nicolau - Vitória,Cedofeita,41.1516003,-8.6183369,4,good,False,True,9,False,https://www.idealista.pt/imovel/34122134/,1,0.6612086988165607,48.0,270000.0,1.0,1
34567518,315000.0,65.0,4846.0,2,2,Candal - Regadas,Santa Marinha e São Pedro da Afurada,,41.132877,-8.6251577,,newdevelopment,True,True,15,False,https://www.idealista.pt/empreendimento/34567518/,7,2.2098128567706667,21.666666666666668,314990.0,0.6666666666666666,1
34699505,269000.0,114.0,2360.0,2,2,Santegãos - Estrada Nova - Campainha,Rio Tinto,,41.1881525,-8.5647966,4,good,False,True,28,True,https://www.idealista.pt/imovel/34699505/,3,5.767960958847332,38.0,269040.0,0.6666666666666666,0
34567498,315000.0,65.0,4846.0,2,2,Candal - Regadas,Santa Marinha e São Pedro da Afurada,,41.130495,-8.6254844,,newdevelopment,True,True,15,False,https://www.idealista.pt/empreendimento/34567498/,7,2.450428772556709,21.666666666666668,314990.0,0.6666666666666666,1
34567469,315000.0,65.0,4846.0,2,2,Candal - Regadas,Santa Marinha e São Pedro da Afurada,,41.1329285,-8.6252015,,newdevelopment,True,True,15,False,https://www.idealista.pt/empreendimento/34567469/,7,2.2069841613000363,21.666666666666668,314990.0,0.6666666666666666,1
34100937,840000.0,174.0,4828.0,3,3,Foz,Aldoar - Foz do Douro - Nevogilde,,41.1552236,-8.6763246,1,good,False,True,22,False,https://www.idealista.pt/imovel/34100937/,0,5.513285242825503,43.5,840072.0,0.75,0
34649705,749500.0,253.0,2962.0,4,3,Afurada - Arrábida - Cavaco,Santa Marinha e São Pedro da Afurada,,41.140647,-8.6398699,5,good,False,True,46,False,https://www.idealista.pt/imovel/34649705/,2,2.6221235756261696,50.6,749386.0,0.6,1
34670324,305000.0,134.0,2276.0,3,2,Valbom,São Cosme - Valbom - Jovim,,41.1269484,-8.5616177,,good,False,True,17,True,https://www.idealista.pt/imovel/34670324/,4,4.834958379342205,33.5,304984.0,0.5,0
33818273,290000.0,51.0,5686.0,1,1,Baixa,Cedofeita - Santo Ildefonso - Sé - Miragaia - São Nicolau - Vitória,Cedofeita,41.1533029,-8.6203095,bj,good,False,True,13,False,https://www.idealista.pt/imovel/33818273/,1,0.8889342183120175,25.5,289986.0,0.5,1
34555925,575000.0,148.0,3885.0,2,2,Lavadores,Canidelo,,41.1337024,-8.6665562,,good,False,True,13,True,https://www.idealista.pt/imovel/34555925/,2,4.98459189728791,49.333333333333336,574980.0,0.6666666666666666,0
34491821,550000.0,219.0,2511.0,4,4,Soares dos Reis - Rasa de Cima,Mafamude e Vilar do Paraíso,,41.1244911,-8.6143316,12,good,False,True,31,True,https://www.idealista.pt/imovel/34491821/,7,2.806733385811143,43.8,549909.0,0.8,1
33248814,910000.0,250.0,3640.0,4,1,Lavadores,Canidelo,,41.1298439,-8.6539132,,good,False,False,14,False,https://www.idealista.pt/imovel/33248814/,2,4.219032539531551,50.0,910000.0,0.2,0
34471748,741000.0,139.0,5331.0,4,3,Serralves,Lordelo do Ouro e Massarelos,,41.1577743,-8.6575518,4,good,False,True,10,False,https://www.idealista.pt/imovel/34471748/,0,4.010236507578066,27.8,741009.0,0.6,0
34122604,445000.0,118.0,3771.0,0,1,Campo 24 de Agosto,Bonfim,,41.1491806,-8.5945928,bj,good,False,False,7,False,https://www.idealista.pt/imovel/34122604/,6,1.3661879895258497,118.0,444978.0,1.0,1
34073193,255000.0,51.0,5000.0,1,1,Hospital São João - Pólo Universitário,Paranhos,,41.1747905,-8.6085701,,good,False,True,11,False,https://www.idealista.pt/imovel/34073193/,6,2.807838200017312,25.5,255000.0,0.5,1
34606937,265000.0,136.0,1949.0,2,1,Contumil - Nicolau Nasoni,Campanhã,,41.1715961,-8.5796116,bj,good,False,True,26,False,https://www.idealista.pt/imovel/34606937/,3,3.5837121688702935,45.333333333333336,265064.0,0.3333333333333333,0
34580860,498000.0,136.0,3662.0,3,3,Lavadores,Canidelo,,41.1317808,-8.6643963,,good,False,True,16,False,https://www.idealista.pt/imovel/34580860/,2,4.898431358792568,34.0,498032.0,0.75,0
34654641,277000.0,137.0,2022.0,2,1,Carreira - Cidade Jovem - Venda Nova,Rio Tinto,,41.1776723,-8.5416118,4,good,False,True,30,False,https://www.idealista.pt/imovel/34654641/,3,6.586807551065741,45.666666666666664,277014.0,0.3333333333333333,0
34405509,630000.0,118.0,5339.0,3,2,Serralves,Lordelo do Ouro e Massarelos,,41.1595693,-8.6551589,3,good,False,True,5,False,https://www.idealista.pt/imovel/34405509/,0,3.8677395506981775,29.5,630002.0,0.5,0
34648478,299000.0,156.0,1917.0,3,2,São Cosme,São Cosme - Valbom - Jovim,Carregais - São Miguel,41.1457417,-8.554829,5,good,False,True,21,True,https://www.idealista.pt/imovel/34648478/,4,4.714474745258717,39.0,299052.0,0.5,0
32270370,380000.0,125.0,3040.0,4,2,Centro Histórico,Cedofeita - Santo Ildefonso - Sé - Miragaia - São Nicolau - Vitória,Rua das Flores - Mouzinho,41.1407745,-8.6140757,,renew,False,False,7,False,https://www.idealista.pt/imovel/32270370/,1,1.0167403795188836,25.0,380000.0,0.4,1
34607193,259000.0,60.0,4317.0,1,1,Parque da Cidade - Vilarinha - António Aroso,Aldoar - Foz do Douro - Nevogilde,,41.1654579,-8.6656066,1,good,False,True,21,False,https://www.idealista.pt/imovel/34607193/,0,4.90769985281079,30.0,259020.0,0.5,0
31958070,450000.0,183.0,2459.0,3,0,Boavista,Cedofeita - Santo Ildefonso - Sé - Miragaia - São Nicolau - Vitória,Avenida de França,41.1606658,-8.6266007,,renew,False,,8,False,https://www.idealista.pt/imovel/31958070/,1,1.8005361301152203,45.75,449997.0,0.0,1
34603865,314000.0,116.0,2707.0,2,2,Centro,Rio Tinto,,41.1806643,-8.56187,bj,good,False,False,21,False,https://www.idealista.pt/imovel/34603865/,3,5.364367894578519,38.666666666666664,314012.0,0.6666666666666666,0
34191447,315000.0,130.0,2423.0,4,1,Centro de São Mamede de Infesta - Laranjeiras,São Mamede de Infesta e Senhora da Hora,,41.1951763,-8.6074103,,renew,False,,21,True,https://www.idealista.pt/imovel/34191447/,5,5.076263661814435,26.0,314990.0,0.2,0
34595369,360000.0,64.0,5625.0,1,1,Baixa,Cedofeita - Santo Ildefonso - Sé - Miragaia - São Nicolau - Vitória,Cedofeita,41.1532179,-8.6200717,bj,newdevelopment,True,True,7,False,https://www.idealista.pt/empreendimento/34595369/,1,0.8669115846194383,32.0,360000.0,0.5,1
34595362,420000.0,102.0,4118.0,2,2,Baixa,Cedofeita - Santo Ildefonso - Sé - Miragaia - São Nicolau - Vitória,Cedofeita,41.1532179,-8.6200717,1,newdevelopment,True,True,7,False,https://www.idealista.pt/empreendimento/34595362/,1,0.8669115846194383,34.0,420036.0,0.6666666666666666,1
31711972,900000.0,425.0,2118.0,7,0,Amial,Paranhos,,41.177005,-8.6185233,,renew,False,,3,False,https://www.idealista.pt/imovel/31711972/,5,3.1134009316061952,53.125,900150.0,0.0,0
34411875,700000.0,102.0,6863.0,2,2,Baixa,Cedofeita - Santo Ildefonso - Sé - Miragaia - São Nicolau - Vitória,Cedofeita,41.1543164,-8.6181034,,newdevelopment,True,True,6,False,https://www.idealista.pt/empreendimento/34411875/,1,0.7992383162343485,34.0,700026.0,0.6666666666666666,1
34411852,750000.0,100.0,7500.0,2,2,Baixa,Cedofeita - Santo Ildefonso - Sé - Miragaia - São Nicolau - Vitória,Cedofeita,41.1543164,-8.6181034,,newdevelopment,True,True,6,False,https://www.idealista.pt/empreendimento/34411852/,1,0.7992383162343485,33.333333333333336,750000.0,0.6666666666666666,1
34411838,975000.0,138.0,7065.0,3,3,Baixa,Cedofeita - Santo Ildefonso - Sé - Miragaia - São Nicolau - Vitória,Cedofeita,41.1543164,-8.6181034,,newdevelopment,True,True,6,False,https://www.idealista.pt/empreendimento/34411838/,1,0.7992383162343485,34.5,974970.0,0.75,1
34275471,297000.0,114.0,2605.0,2,1,Paniceiro-Viso-Meiral,Canidelo,,41.1286382,-8.6456319,2,good,False,True,31,True,https://www.idealista.pt/imovel/34275471/,2,3.7272542285597177,38.0,296970.0,0.3333333333333333,0
34719398,310000.0,75.0,4133.0,2,1,Campo 24 de Agosto,Bonfim,,41.1495232,-8.5991451,2,good,False,,7,False,https://www.idealista.pt/imovel/34719398/,6,0.9842650096132848,25.0,309975.0,0.3333333333333333,1
34681317,525000.0,148.0,3547.0,3,4,Campo Alegre,Lordelo do Ouro e Massarelos,,41.1563485,-8.6478333,,good,False,,25,False,https://www.idealista.pt/imovel/34681317/,0,3.1819814389995154,37.0,524956.0,1.0,0
34448756,348000.0,136.0,2559.0,3,3,Camões - Gonçalo Cristóvão - Faria Guimarães,Cedofeita - Santo Ildefonso - Sé - Miragaia - São Nicolau - Vitória,,41.1595962,-8.6067292,,good,False,,16,False,https://www.idealista.pt/imovel/34448756/,6,1.165086201965733,34.0,348024.0,0.75,1
34593207,599000.0,268.0,2235.0,3,2,,Águas Santas,,41.1971971,-8.5614754,,good,False,,31,False,https://www.idealista.pt/imovel/34593207/,3,6.717444321069869,67.0,598980.0,0.5,0
33006027,251000.0,91.0,2758.0,1,1,Campo Alegre,Lordelo do Ouro e Massarelos,,41.1536056,-8.6493303,bj,good,False,True,7,False,https://www.idealista.pt/imovel/33006027/,0,3.2483179344969533,45.5,250978.0,0.5,0
34606923,375000.0,141.0,2660.0,4,2,Coimbrões,Santa Marinha e São Pedro da Afurada,,41.1252613,-8.6257123,2,good,False,False,25,False,https://www.idealista.pt/imovel/34606923/,7,2.9770781770679364,28.2,375060.0,0.4,1
34647878,272500.0,141.0,1933.0,2,2,São Lourenço - Balteiro - Lijó,Vilar de Andorinho,,41.0949931,-8.5705823,1,good,False,False,23,False,https://www.idealista.pt/imovel/34647878/,4,6.947991640252549,47.0,272553.0,0.6666666666666666,0
34335879,429000.0,140.0,3064.0,5,4,São João - Asprela - Telheiro,São Mamede de Infesta e Senhora da Hora,,41.1846612,-8.5969113,5,good,False,True,25,False,https://www.idealista.pt/imovel/34335879/,3,4.070677652870334,23.333333333333332,428960.0,0.6666666666666666,0
33943746,450000.0,125.0,3600.0,3,2,Valbom,São Cosme - Valbom - Jovim,,41.1422075,-8.5631703,2,good,False,,25,True,https://www.idealista.pt/imovel/33943746/,4,4.08024952150762,31.25,450000.0,0.5,0
34202680,600000.0,173.0,3468.0,3,2,Câmara de Gaia - Aviadores - Quinta das Pedras,Mafamude e Vilar do Paraíso,,41.1293484,-8.6037928,10,good,False,True,25,True,https://www.idealista.pt/imovel/34202680/,7,2.329199621043652,43.25,599964.0,0.5,1
34661652,288000.0,101.0,2851.0,2,2,Santegãos - Estrada Nova - Campainha,Rio Tinto,,41.1837646,-8.5546299,1,good,False,True,24,False,https://www.idealista.pt/imovel/34661652/,3,6.051282612932816,33.666666666666664,287951.0,0.6666666666666666,0
34007547,795000.0,314.0,2532.0,7,8,Amial,Paranhos,,41.1822285,-8.613938,,good,False,,28,True,https://www.idealista.pt/imovel/34007547/,5,3.637025258423672,39.25,795048.0,1.0,0
34664533,260000.0,60.0,4333.0,0,1,Camões - Gonçalo Cristóvão - Faria Guimarães,Cedofeita - Santo Ildefonso - Sé - Miragaia - São Nicolau - Vitória,,41.1558217,-8.608754,2,good,False,True,17,False,https://www.idealista.pt/imovel/34664533/,6,0.714772520561342,60.0,259980.0,1.0,1
34481326,359000.0,176.0,2040.0,4,3,Sampaio-Alumiara-Verdinho,Canidelo,,41.1292088,-8.6354194,,good,False,,24,False,https://www.idealista.pt/imovel/34481326/,2,3.0589479738547265,35.2,359040.0,0.6,0
34543247,390000.0,127.0,3071.0,2,2,Lapa - Bouça,Cedofeita - Santo Ildefonso - Sé - Miragaia - São Nicolau - Vitória,,41.161334,-8.6209049,,good,False,,30,True,https://www.idealista.pt/imovel/34543247/,1,1.5504902646428114,42.333333333333336,390017.0,0.6666666666666666,1
34654009,440000.0,207.0,2126.0,4,3,Covelo - Monte de São João,Paranhos,,41.1653907,-8.6058824,bj,good,False,True,14,False,https://www.idealista.pt/imovel/34654009/,6,1.80539520908895,41.4,440082.0,0.6,1
34601902,350000.0,60.0,5833.0,2,2, Viso - Zona Industrial,Ramalde,,41.1811741,-8.6381114,,good,False,,26,False,https://www.idealista.pt/imovel/34601902/,5,4.185071203349594,20.0,349980.0,0.6666666666666666,0
34607802,225000.0,37.0,6081.0,1,1,Baixa,Cedofeita - Santo Ildefonso - Sé - Miragaia - São Nicolau - Vitória,Batalha - Poveiros,41.1481753,-8.6049617,3,good,False,,15,False,https://www.idealista.pt/imovel/34607802/,6,0.5218414353777787,18.5,224997.0,0.5,1
34427653,265000.0,71.0,3732.0,2,1,Covelo - Monte de São João,Paranhos,,41.1613594,-8.6032696,2,good,False,,21,False,https://www.idealista.pt/imovel/34427653/,6,1.4552948457203359,23.666666666666668,264972.0,0.3333333333333333,1
34659502,395000.0,121.0,3264.0,3,2,Parque da Lavandeira - Sardão,Oliveira do Douro,,41.1221146,-8.5890994,1,good,False,,29,True,https://www.idealista.pt/imovel/34659502/,7,3.5600372979983606,30.25,394944.0,0.5,0
33495356,1650000.0,420.0,3929.0,4,5,Praia de Valadares,Gulpilhares e Valadares,,41.0962382,-8.6458374,,good,False,,35,False,https://www.idealista.pt/imovel/33495356/,2,6.615992930558245,84.0,1650180.0,1.0,0
34604343,875000.0,208.0,4207.0,5,5,Praia,Madalena,,41.1011541,-8.6551197,,good,False,,29,False,https://www.idealista.pt/imovel/34604343/,2,6.5373971280714285,34.666666666666664,875056.0,0.8333333333333334,0
33632165,325000.0,116.0,2802.0,3,1,Soares dos Reis - Rasa de Cima,Mafamude e Vilar do Paraíso,,41.1236469,-8.6086228,1,good,False,,24,False,https://www.idealista.pt/imovel/33632165/,7,2.8921473826069146,29.0,325032.0,0.25,1
34366162,340000.0,117.0,2906.0,3,2,Boavista,Cedofeita - Santo Ildefonso - Sé - Miragaia - São Nicolau - Vitória,Carolina Michaelis,41.1597997,-8.6206362,,good,False,True,6,False,https://www.idealista.pt/imovel/34366162/,1,1.3966962973388533,29.25,340002.0,0.5,1
33898600,658000.0,105.0,6267.0,2,2,Centro Histórico,Cedofeita - Santo Ildefonso - Sé - Miragaia - São Nicolau - Vitória,São Bento - Cimo de Vila,41.1453963,-8.6091185,,good,False,True,22,False,https://www.idealista.pt/imovel/33898600/,6,0.49065472903038304,35.0,658035.0,0.6666666666666666,1
34332571,218000.0,54.0,4037.0,2,1,ESMAE - Doze Casas,Bonfim,,41.1606755,-8.6025893,4,good,False,,23,False,https://www.idealista.pt/imovel/34332571/,6,1.414500389431923,18.0,217998.0,0.3333333333333333,1
34667348,265000.0,95.0,2789.0,2,1,,Baguim do Monte,,41.1872197,-8.5490859,,good,False,True,12,False,https://www.idealista.pt/imovel/34667348/,3,6.653597905327324,31.666666666666668,264955.0,0.3333333333333333,0
34495066,695000.0,139.0,5000.0,3,3,Matosinhos Sul - Marginal,Matosinhos e Leça da Palmeira,,41.1779718,-8.6819951,,good,False,,19,False,https://www.idealista.pt/imovel/34495066/,0,6.735905195975388,34.75,695000.0,0.75,0
34593813,319000.0,95.0,3358.0,2,2,São Caetano - Soutelo - Areias,Rio Tinto,,41.1655329,-8.5481499,6,good,False,True,11,False,https://www.idealista.pt/imovel/34593813/,3,5.544067644882492,31.666666666666668,319010.0,0.6666666666666666,0
34659503,360000.0,120.0,3000.0,3,2,Parque da Lavandeira - Sardão,Oliveira do Douro,,41.1230038,-8.5895467,,good,False,,28,False,https://www.idealista.pt/imovel/34659503/,7,3.4559876418754367,30.0,360000.0,0.5,0
34257028,1100000.0,244.0,4508.0,4,5,Serralves,Lordelo do Ouro e Massarelos,,41.1644967,-8.6600208,,good,False,True,41,False,https://www.idealista.pt/imovel/34257028/,0,4.433441483853251,48.8,1099952.0,1.0,0
34366951,220000.0,53.0,4151.0,1,1,Camões - Gonçalo Cristóvão - Faria Guimarães,Cedofeita - Santo Ildefonso - Sé - Miragaia - São Nicolau - Vitória,,41.1583211,-8.6088077,,good,False,,13,False,https://www.idealista.pt/imovel/34366951/,6,0.9854369052082926,26.5,220003.0,0.5,1
34573066,400000.0,143.0,2797.0,8,2,ESMAE - Doze Casas,Bonfim,,41.1594073,-8.6029903,,good,False,,14,False,https://www.idealista.pt/imovel/34573066/,6,1.2758436747001742,15.88888888888889,399971.0,0.2222222222222222,1
34542852,290000.0,76.0,3816.0,2,1,Hospital São João - Pólo Universitário,Paranhos,,41.1783878,-8.5896386,,good,False,True,13,False,https://www.idealista.pt/imovel/34542852/,3,3.662578582539081,25.333333333333332,290016.0,0.3333333333333333,0
34671822,320000.0,98.0,3265.0,2,1,Campo Alegre,Lordelo do Ouro e Massarelos,,41.1513441,-8.6406174,,good,False,,14,False,https://www.idealista.pt/imovel/34671822/,1,2.495724983103806,32.666666666666664,319970.0,0.3333333333333333,1
34553468,329000.0,130.0,2531.0,2,2,Forno,Rio Tinto,,41.1927573,-8.5783447,bj,good,False,True,11,False,https://www.idealista.pt/imovel/34553468/,3,5.518552164495367,43.333333333333336,329030.0,0.6666666666666666,0
33141729,285000.0,110.0,2591.0,1,1,Campo 24 de Agosto,Bonfim,,41.1509245,-8.5958846,bj,good,False,False,13,False,https://www.idealista.pt/imovel/33141729/,6,1.2658105787237168,55.0,285010.0,0.5,1
34659930,320000.0,102.0,3137.0,3,2,Câmara de Gaia - Aviadores - Quinta das Pedras,Mafamude e Vilar do Paraíso,,41.129274,-8.6033405,bj,good,False,True,29,False,https://www.idealista.pt/imovel/34659930/,7,2.347130065481255,25.5,319974.0,0.5,1
34267559,215000.0,38.0,5658.0,1,1,Camões - Gonçalo Cristóvão - Faria Guimarães,Cedofeita - Santo Ildefonso - Sé - Miragaia - São Nicolau - Vitória,,41.1576688,-8.6105672,3,good,False,True,5,False,https://www.idealista.pt/imovel/34267559/,1,0.8976421753885596,19.0,215004.0,0.5,1
34589569,470000.0,77.0,6104.0,2,2,Lapa - Bouça,Cedofeita - Santo Ildefonso - Sé - Miragaia - São Nicolau - Vitória,,41.1552233,-8.616491,4,good,False,,13,False,https://www.idealista.pt/imovel/34589569/,1,0.7810918894369948,25.666666666666668,470008.0,0.6666666666666666,1
34336432,330000.0,130.0,2538.0,2,1,Centro Histórico,Santa Marinha e São Pedro da Afurada,,41.1341594,-8.6198842,,renew,False,,17,False,https://www.idealista.pt/imovel/34336432/,7,1.874512955143719,43.333333333333336,329940.0,0.3333333333333333,1
34603672,250000.0,88.0,2841.0,2,1,Salgueiros,Canidelo,,41.1211689,-8.6569039,,good,False,,15,False,https://www.idealista.pt/imovel/34603672/,2,4.983745128952024,29.333333333333332,250008.0,0.3333333333333333,0
34386369,220000.0,80.0,2750.0,1,1,Crastro - Vila Chã,Gulpilhares e Valadares,,41.0919226,-8.6402952,,good,False,True,11,False,https://www.idealista.pt/imovel/34386369/,2,6.869871849803577,40.0,220000.0,0.5,0
34637614,225000.0,64.0,3516.0,2,1,Santegãos - Estrada Nova - Campainha,Rio Tinto,,41.1918247,-8.5717316,,good,False,,7,False,https://www.idealista.pt/imovel/34637614/,3,5.726523243775996,21.333333333333332,225024.0,0.3333333333333333,0
34120437,295000.0,120.0,2458.0,3,2,São João - Asprela - Telheiro,São Mamede de Infesta e Senhora da Hora,,41.1874803,-8.6048928,,good,False,,2,False,https://www.idealista.pt/imovel/34120437/,3,4.242004580705303,30.0,294960.0,0.5,0
34667297,249000.0,59.0,4220.0,0,2,Baixa,Cedofeita - Santo Ildefonso - Sé - Miragaia - São Nicolau - Vitória,Cedofeita,41.1539869,-8.6226895,1,good,False,True,1,False,https://www.idealista.pt/imovel/34667297/,1,1.1010446159107914,59.0,248980.0,2.0,1
34538291,1150000.0,200.0,5750.0,3,6,Fonte da Moura - Vilarinha,Ramalde,,41.1617733,-8.6616859,1,good,False,True,0,False,https://www.idealista.pt/imovel/34538291/,0,4.462129801486852,50.0,1150000.0,1.5,0
34538289,1700000.0,236.0,7203.0,3,3,Fonte da Moura - Vilarinha,Ramalde,,41.1624852,-8.6618916,1,good,False,True,0,False,https://www.idealista.pt/imovel/34538289/,0,4.503078559728222,59.0,1699908.0,0.75,0
33155362,680000.0,267.0,2547.0,6,3,Amial,Paranhos,,41.175395,-8.6136429,,good,False,,67,True,https://www.idealista.pt/imovel/33155362/,1,2.8774492171922206,38.142857142857146,680049.0,0.42857142857142855,1
34327238,360000.0,167.0,2156.0,3,2,Pedra Verde,São Mamede de Infesta e Senhora da Hora,,41.1927929,-8.6190443,,good,False,,34,True,https://www.idealista.pt/imovel/34327238/,5,4.85096801086234,41.75,360052.0,0.5,0
34067435,850000.0,477.0,1782.0,8,3,Fontaínhas - Duques,Bonfim,,41.1460059,-8.5986399,,good,False,,65,True,https://www.idealista.pt/imovel/34067435/,6,1.101604650914852,53.0,850014.0,0.3333333333333333,1
34652110,255000.0,54.0,4722.0,1,1,Montes Caulinos,São Mamede de Infesta e Senhora da Hora,,41.1844988,-8.6368336,5,good,False,True,32,True,https://www.idealista.pt/imovel/34652110/,5,4.446490310074372,27.0,254988.0,0.5,0
34691170,1690000.0,436.0,3876.0,4,6,Parque da Cidade - Vilarinha - António Aroso,Aldoar - Foz do Douro - Nevogilde,,41.1710052,-8.6674891,,good,False,,37,True,https://www.idealista.pt/imovel/34691170/,0,5.301688123666807,87.2,1689936.0,1.2,0
34206711,295000.0,60.0,4917.0,1,1,Prelada - Monte dos Burgos,Ramalde,Hospital da Prelada,41.170567,-8.6331098,bj,good,False,True,26,True,https://www.idealista.pt/imovel/34206711/,5,2.982041221010233,30.0,295020.0,0.5,1
34360222,575000.0,105.0,5476.0,2,2,Lavadores,Canidelo,,41.1325073,-8.6670735,4,good,False,True,37,True,https://www.idealista.pt/imovel/34360222/,2,5.073430754490414,35.0,574980.0,0.6666666666666666,0
34340469,700000.0,250.0,2800.0,3,3,Palácio de Cristal - Galiza - Vilar,Lordelo do Ouro e Massarelos,,41.1490079,-8.6267193,bj,good,False,False,33,True,https://www.idealista.pt/imovel/34340469/,1,1.3261772805680596,62.5,700000.0,0.75,1
34340745,650000.0,171.0,3801.0,3,3,Palácio de Cristal - Galiza - Vilar,Lordelo do Ouro e Massarelos,,41.1490079,-8.6267193,2,good,False,False,50,True,https://www.idealista.pt/imovel/34340745/,1,1.3261772805680596,42.75,649971.0,0.75,1
33256727,475000.0,104.0,4567.0,2,2,Baixa,Cedofeita - Santo Ildefonso - Sé - Miragaia - São Nicolau - Vitória,Aliados - Clérigos - Carlos Alberto,41.1511882,-8.6124893,3,good,False,False,35,True,https://www.idealista.pt/imovel/33256727/,1,0.22112182437245867,34.666666666666664,474968.0,0.6666666666666666,1
32098512,320000.0,97.0,3299.0,1,1,Igreja do Bonfim - Lomba,Bonfim,,41.1534453,-8.5952621,2,good,False,False,24,True,https://www.idealista.pt/imovel/32098512/,6,1.3773573450675625,48.5,320003.0,0.5,1
34483240,389000.0,146.0,2664.0,3,2,Prelada - Monte dos Burgos,Ramalde,Hospital da Prelada,41.1689766,-8.6298506,,good,False,,49,True,https://www.idealista.pt/imovel/34483240/,1,2.6756569200102196,36.5,388944.0,0.5,1
34436060,490000.0,204.0,2402.0,4,3,Prelada - Monte dos Burgos,Ramalde,Requesende,41.1742271,-8.63739,7,good,False,True,37,True,https://www.idealista.pt/imovel/34436060/,5,3.5237036856685258,40.8,490008.0,0.6,0
34135991,699000.0,197.0,3548.0,3,4,Lapa - Bouça,Cedofeita - Santo Ildefonso - Sé - Miragaia - São Nicolau - Vitória,,41.1609024,-8.6185463,,good,False,,62,True,https://www.idealista.pt/imovel/34135991/,1,1.4104176764778737,49.25,698956.0,1.0,1
34706898,875000.0,317.0,2760.0,5,5,Praia,Madalena,,41.1010698,-8.6571649,,renew,False,,28,True,https://www.idealista.pt/imovel/34706898/,2,6.643567333013451,52.833333333333336,874920.0,0.8333333333333334,0
34675814,1150000.0,264.0,4356.0,4,4,Serralves,Lordelo do Ouro e Massarelos,,41.1608191,-8.6588432,2,good,False,True,22,True,https://www.idealista.pt/imovel/34675814/,0,4.203290689913514,52.8,1149984.0,0.8,0
34699971,970000.0,487.0,1992.0,4,3,Pinheiro Manso,Ramalde,,41.1655855,-8.6474067,,good,False,,48,True,https://www.idealista.pt/imovel/34699971/,0,3.5356053534299985,97.4,970104.0,0.6,0
33923012,535000.0,139.0,3849.0,3,4,Lavadores,Canidelo,,41.1343004,-8.668541,1,good,False,True,28,True,https://www.idealista.pt/imovel/33923012/,2,5.117825722781264,34.75,535011.0,1.0,0
34309622,956000.0,353.0,2708.0,6,4,Santo Ovídio - Cedro - Monte da Virgem,Mafamude e Vilar do Paraíso,,41.113013,-8.6028299,,good,False,,45,True,https://www.idealista.pt/imovel/34309622/,7,4.124051645811838,50.42857142857143,955924.0,0.5714285714285714,0
34156437,510000.0,115.0,4435.0,2,3,Sampaio-Alumiara-Verdinho,Canidelo,,41.1400537,-8.6515441,bj,good,False,True,39,True,https://www.idealista.pt/imovel/34156437/,2,3.565041521061419,38.333333333333336,510025.0,1.0,0
34278399,287500.0,96.0,2995.0,1,2,Santo Ovídio - Cedro - Monte da Virgem,Mafamude e Vilar do Paraíso,,41.1122433,-8.6075474,4,good,False,True,30,True,https://www.idealista.pt/imovel/34278399/,7,4.163355008315761,48.0,287520.0,1.0,0
34228107,430000.0,97.0,4433.0,0,2,Constituição,Cedofeita - Santo Ildefonso - Sé - Miragaia - São Nicolau - Vitória,,41.1640132,-8.6231718,3,good,False,True,23,True,https://www.idealista.pt/imovel/34228107/,1,1.9037081441505492,97.0,430001.0,2.0,1
33490010,365000.0,112.0,3259.0,3,3,Fernão Magalhães - Joaquim Urbano,Bonfim,,41.1539263,-8.5960797,,good,False,,33,True,https://www.idealista.pt/imovel/33490010/,6,1.3308377634090134,28.0,365008.0,0.75,1
34456687,832000.0,215.0,3870.0,4,3,Pinhais da Foz,Aldoar - Foz do Douro - Nevogilde,,41.1478983,-8.6643068,1,good,False,True,29,True,https://www.idealista.pt/imovel/34456687/,0,4.475763708878744,43.0,832050.0,0.6,0
34223067,640000.0,174.0,3678.0,4,4,Santo Ovídio - Cedro - Monte da Virgem,Mafamude e Vilar do Paraíso,,41.1199256,-8.6079534,6,good,False,True,32,True,https://www.idealista.pt/imovel/34223067/,7,3.308857595498356,34.8,639972.0,0.8,0
33771758,250000.0,41.0,6098.0,0,1,Lapa - Bouça,Cedofeita - Santo Ildefonso - Sé - Miragaia - São Nicolau - Vitória,,41.1566038,-8.6115399,1,good,False,False,29,True,https://www.idealista.pt/imovel/33771758/,1,0.7806276687482973,41.0,250018.0,1.0,1
34551379,357500.0,90.0,3972.0,2,2,Covelo - Monte de São João,Paranhos,,41.1643124,-8.6006566,1,renew,False,True,21,True,https://www.idealista.pt/imovel/34551379/,6,1.84709169205705,30.0,357480.0,0.6666666666666666,1
34627325,1250000.0,298.0,4195.0,5,5,Aviz - Cristo Rei,Aldoar - Foz do Douro - Nevogilde,,41.1638216,-8.6675835,,good,False,True,29,True,https://www.idealista.pt/imovel/34627325/,0,5.002091817086701,49.666666666666664,1250110.0,0.8333333333333334,0
34506935,490000.0,127.0,3858.0,3,2,Sampaio-Alumiara-Verdinho,Canidelo,,41.1325266,-8.6488675,4,good,False,True,20,True,https://www.idealista.pt/imovel/34506935/,2,3.703078077711492,31.75,489966.0,0.5,0
33693843,950000.0,265.0,3585.0,4,3,Baixa,Cedofeita - Santo Ildefonso - Sé - Miragaia - São Nicolau - Vitória,Cedofeita,41.1553847,-8.6200301,,good,False,True,30,True,https://www.idealista.pt/imovel/33693843/,1,0.9990415989043505,53.0,950025.0,0.6,1
33986818,940000.0,262.0,3588.0,3,3,Pinhais da Foz,Aldoar - Foz do Douro - Nevogilde,,41.1527911,-8.6675114,5,good,False,True,24,True,https://www.idealista.pt/imovel/33986818/,0,4.753170104027971,65.5,940056.0,0.75,0
33549705,840000.0,135.0,6222.0,4,4,Baixa,Cedofeita - Santo Ildefonso - Sé - Miragaia - São Nicolau - Vitória,Praça da República,41.1559058,-8.61675,,good,False,,39,True,https://www.idealista.pt/imovel/33549705/,1,0.8553008315733902,27.0,839970.0,0.8,1
34316141,335000.0,119.0,2815.0,2,2,Marquês,Cedofeita - Santo Ildefonso - Sé - Miragaia - São Nicolau - Vitória,,41.1627544,-8.6093758,2,good,False,False,40,True,https://www.idealista.pt/imovel/34316141/,6,1.468258255604741,39.666666666666664,334985.0,0.6666666666666666,1
34511802,290000.0,117.0,2479.0,1,1,Constituição,Cedofeita - Santo Ildefonso - Sé - Miragaia - São Nicolau - Vitória,,41.1661632,-8.6137308,bj,good,False,True,29,True,https://www.idealista.pt/imovel/34511802/,1,1.8569288423976225,58.5,290043.0,0.5,1
33183433,550000.0,142.0,3873.0,2,2,Centro Histórico,Santa Marinha e São Pedro da Afurada,,41.1409613,-8.631064,1,good,False,False,19,True,https://www.idealista.pt/imovel/33183433/,1,1.9425479493141267,47.333333333333336,549966.0,0.6666666666666666,1
34447765,700000.0,251.0,2789.0,6,3,Serralves,Lordelo do Ouro e Massarelos,,41.1583688,-8.6509033,,renew,False,,27,True,https://www.idealista.pt/imovel/34447765/,0,3.488261573072947,35.857142857142854,700039.0,0.42857142857142855,0
34669472,355000.0,146.0,2432.0,1,1,Constituição,Cedofeita - Santo Ildefonso - Sé - Miragaia - São Nicolau - Vitória,,41.1622709,-8.6113976,bj,good,False,True,18,True,https://www.idealista.pt/imovel/34669472/,1,1.4095555574576328,73.0,355072.0,0.5,1
34670175,1250000.0,388.0,3222.0,4,5,Salgueiros,Canidelo,,41.1165202,-8.6603161,,good,False,,32,True,https://www.idealista.pt/imovel/34670175/,2,5.536968941888792,77.6,1250136.0,1.0,0
34711393,525000.0,181.0,2901.0,3,2,Valbom,São Cosme - Valbom - Jovim,,41.1405072,-8.5607946,3,good,False,True,25,True,https://www.idealista.pt/imovel/34711393/,4,4.315679641345871,45.25,525081.0,0.5,0
33818222,600000.0,117.0,5128.0,3,3,Camões - Gonçalo Cristóvão - Faria Guimarães,Cedofeita - Santo Ildefonso - Sé - Miragaia - São Nicolau - Vitória,,41.157464,-8.607796,3,good,False,True,17,True,https://www.idealista.pt/imovel/33818222/,6,0.9122375229060077,29.25,599976.0,0.75,1
34113137,320000.0,80.0,4000.0,1,1,Baixa,Cedofeita - Santo Ildefonso - Sé - Miragaia - São Nicolau - Vitória,Praça da República,41.1551003,-8.6174203,3,good,False,False,28,True,https://www.idealista.pt/imovel/34113137/,1,0.8198082525670571,40.0,320000.0,0.5,1
32972862,950000.0,200.0,4750.0,4,3,Liceu - Paço do Rei,Mafamude e Vilar do Paraíso,,41.1227861,-8.5979846,5,good,False,True,65,True,https://www.idealista.pt/imovel/32972862/,7,3.1716952733855917,40.0,950000.0,0.6,0
34190888,440000.0,114.0,3860.0,2,2,Baixa,Cedofeita - Santo Ildefonso - Sé - Miragaia - São Nicolau - Vitória,Aliados - Clérigos - Carlos Alberto,41.1491044,-8.6148056,,good,False,,23,True,https://www.idealista.pt/imovel/34190888/,1,0.3316245704848851,38.0,440040.0,0.6666666666666666,1
34299176,475000.0,190.0,2500.0,3,2,Antas - Estádio do Dragão,Campanhã,,41.1624718,-8.5864306,3,good,False,True,39,True,https://www.idealista.pt/imovel/34299176/,6,2.4990641208091935,47.5,475000.0,0.5,1
33425021,790000.0,260.0,3038.0,4,4,Parque Oriental - Azevedo,Campanhã,,41.1539876,-8.5704263,,good,False,,62,True,https://www.idealista.pt/imovel/33425021/,4,3.423653942046821,52.0,789880.0,0.8,0
33009151,1800000.0,597.0,3015.0,6,4,,Avintes,,41.1159039,-8.5489123,,good,False,,93,True,https://www.idealista.pt/imovel/33009151/,4,6.40238512928154,85.28571428571429,1799955.0,0.5714285714285714,0
33891889,770000.0,220.0,3500.0,5,4,Cooperativa dos Arquitectos - Fonte da Moura - Pedra Verde,Aldoar - Foz do Douro - Nevogilde,,41.1718471,-8.6677932,,good,False,True,24,True,https://www.idealista.pt/imovel/33891889/,0,5.366922775128847,36.666666666666664,770000.0,0.6666666666666666,0
34506450,495000.0,112.0,4420.0,3,2,Constituição,Cedofeita - Santo Ildefonso - Sé - Miragaia - São Nicolau - Vitória,,41.1624331,-8.6156904,4,good,False,True,49,True,https://www.idealista.pt/imovel/34506450/,1,1.482263767347504,28.0,495040.0,0.5,1
34365254,630000.0,140.0,4500.0,2,3,Cooperativa dos Arquitectos - Fonte da Moura - Pedra Verde,Aldoar - Foz do Douro - Nevogilde,,41.1714584,-8.6645825,,good,False,True,30,True,https://www.idealista.pt/imovel/34365254/,0,5.109200008129964,46.666666666666664,630000.0,1.0,0
33029910,1050000.0,200.0,5250.0,4,1,Foz Velha,Aldoar - Foz do Douro - Nevogilde,,41.1521258,-8.6783016,,good,False,True,27,True,https://www.idealista.pt/imovel/33029910/,0,5.650351970047527,40.0,1050000.0,0.2,0
33814767,395000.0,111.0,3559.0,1,2,Lavadores,Canidelo,,41.1368906,-8.6576754,,good,False,True,25,True,https://www.idealista.pt/imovel/33814767/,2,4.163994158549117,55.5,395049.0,1.0,0
34450054,440000.0,133.0,3308.0,2,2,Campo Alegre,Lordelo do Ouro e Massarelos,,41.1549802,-8.6482324,,good,False,True,45,True,https://www.idealista.pt/imovel/34450054/,0,3.1824178263241,44.333333333333336,439964.0,0.6666666666666666,0
31962302,1015886.0,256.0,3968.0,3,3,Pinhais da Foz,Aldoar - Foz do Douro - Nevogilde,,41.154457,-8.6689164,4,good,False,True,50,True,https://www.idealista.pt/imovel/31962302/,0,4.887413397938806,64.0,1015808.0,0.75,0
34153988,1350000.0,308.0,4383.0,4,5,Matosinhos Sul - Marginal,Matosinhos e Leça da Palmeira,,41.1740261,-8.6797914,6,good,False,True,24,True,https://www.idealista.pt/imovel/34153988/,0,6.374707053275221,61.6,1349964.0,1.0,0
34670446,1095000.0,250.0,4380.0,4,4,Serralves,Lordelo do Ouro e Massarelos,,41.1578554,-8.651399,6,good,False,True,14,True,https://www.idealista.pt/imovel/34670446/,0,3.512792491425476,50.0,1095000.0,0.8,0
34173711,825000.0,213.0,3873.0,3,4,Salgueiros,Canidelo,,41.1167462,-8.6602566,,good,False,True,38,True,https://www.idealista.pt/imovel/34173711/,2,5.516566322596681,53.25,824949.0,1.0,0
34465542,420000.0,133.0,3158.0,3,2,Centro,Rio Tinto,,41.1732189,-8.559187,2,good,False,True,30,True,https://www.idealista.pt/imovel/34465542/,3,5.063457282144508,33.25,420014.0,0.5,0
34550482,249000.0,119.0,2092.0,3,2,Santegãos - Estrada Nova - Campainha,Rio Tinto,,41.1935313,-8.5545,2,renew,False,False,29,True,https://www.idealista.pt/imovel/34550482/,3,6.7932315749517205,29.75,248948.0,0.5,0
33799287,320000.0,139.0,2302.0,3,2,São Cosme,São Cosme - Valbom - Jovim,Centro de Gondomar,41.1421317,-8.5331888,3,good,False,True,24,True,https://www.idealista.pt/imovel/33799287/,4,6.559836966621349,34.75,319978.0,0.5,0
32316138,1300000.0,325.0,4000.0,3,4,Praia,Madalena,,41.1049874,-8.6589817,,good,False,,25,True,https://www.idealista.pt/imovel/32316138/,2,6.389592371401932,81.25,1300000.0,1.0,0
34434606,695000.0,192.0,3620.0,3,3,Freixo,Campanhã,,41.1459127,-8.5836336,,good,False,,53,True,https://www.idealista.pt/imovel/34434606/,6,2.319579919913798,48.0,695040.0,0.75,1
33695485,1100000.0,392.0,2806.0,4,5,Parque da Cidade - Vilarinha - António Aroso,Aldoar - Foz do Douro - Nevogilde,,41.1719682,-8.6690416,,good,False,,16,True,https://www.idealista.pt/imovel/33695485/,0,5.46599132572538,78.4,1099952.0,1.0,0
33674543,1490000.0,315.0,4730.0,4,5,Foz Velha,Aldoar - Foz do Douro - Nevogilde,,41.1482332,-8.6688655,,good,False,False,10,True,https://www.idealista.pt/imovel/33674543/,0,4.855829566700479,63.0,1489950.0,1.0,0
32292229,850000.0,292.0,2911.0,4,6,Antas - Praça Velásquez,Bonfim,,41.1670241,-8.5926089,,good,False,,47,True,https://www.idealista.pt/imovel/32292229/,6,2.46954601056116,58.4,850012.0,1.2,1
33889112,540000.0,145.0,3724.0,2,3,Serralves,Lordelo do Ouro e Massarelos,,41.1562837,-8.6501848,2,good,False,True,49,True,https://www.idealista.pt/imovel/33889112/,0,3.372033031417281,48.333333333333336,539980.0,1.0,0
32096601,640000.0,370.0,1730.0,4,6,Soares dos Reis - Rasa de Cima,Mafamude e Vilar do Paraíso,,41.1157662,-8.6152006,,good,False,,25,True,https://www.idealista.pt/imovel/32096601/,7,3.779348856922104,74.0,640100.0,1.2,0
33972112,370000.0,120.0,3083.0,3,2,Seara - Freixieiro,Oliveira do Douro,,41.1137042,-8.577448,4,good,False,True,47,True,https://www.idealista.pt/imovel/33972112/,4,4.8765654689573745,30.0,369960.0,0.5,0
34456652,285000.0,52.0,5481.0,1,1,Centro Histórico,Cedofeita - Santo Ildefonso - Sé - Miragaia - São Nicolau - Vitória,Vitória - Clérigos,41.1451638,-8.6140142,2,good,False,False,22,True,https://www.idealista.pt/imovel/34456652/,1,0.5579630856424546,26.0,285012.0,0.5,1
34542808,770000.0,235.0,3277.0,6,4,Aviz - Cristo Rei,Aldoar - Foz do Douro - Nevogilde,,41.1629925,-8.665808,5,good,False,True,37,True,https://www.idealista.pt/imovel/34542808/,0,4.832122104684174,33.57142857142857,770095.0,0.5714285714285714,0
34160487,900000.0,202.0,4455.0,2,2,Matosinhos Sul - Marginal,Matosinhos e Leça da Palmeira,,41.174025,-8.6857029,1,good,False,True,33,True,https://www.idealista.pt/imovel/34160487/,0,6.825622532287189,67.33333333333333,899910.0,0.6666666666666666,0
33755262,1350000.0,448.0,3013.0,5,5,,Baguim do Monte,,41.1931988,-8.5514707,,good,False,,65,True,https://www.idealista.pt/imovel/33755262/,3,6.945970267072144,74.66666666666667,1349824.0,0.8333333333333334,0
32098641,420000.0,130.0,3231.0,2,2,Igreja do Bonfim - Lomba,Bonfim,,41.1534453,-8.5952621,2,good,False,False,27,False,https://www.idealista.pt/imovel/32098641/,6,1.3773573450675625,43.333333333333336,420030.0,0.6666666666666666,1
34627895,320000.0,127.0,2520.0,2,1,Câmara de Gaia - Aviadores - Quinta das Pedras,Mafamude e Vilar do Paraíso,,41.131792,-8.6064648,8,good,False,True,41,True,https://www.idealista.pt/imovel/34627895/,7,2.0146892903662024,42.333333333333336,320040.0,0.3333333333333333,1
32965299,450000.0,71.0,6338.0,3,2,Baixa,Cedofeita - Santo Ildefonso - Sé - Miragaia - São Nicolau - Vitória,Aliados - Clérigos - Carlos Alberto,41.1481807,-8.6136339,2,good,False,True,40,False,https://www.idealista.pt/imovel/32965299/,1,0.27804026108675983,17.75,449998.0,0.5,1
34090833,725000.0,397.0,1826.0,5,5,Arca d'Água - Campo Lindo - Vale Formoso,Paranhos,,41.1710767,-8.6181208,6,good,False,True,41,True,https://www.idealista.pt/imovel/34090833/,1,2.4634189180053165,66.16666666666667,724922.0,0.8333333333333334,1
34575675,359000.0,132.0,2720.0,3,2,Centro Histórico,Santa Marinha e São Pedro da Afurada,,41.138227,-8.6100617,bj,good,False,False,28,True,https://www.idealista.pt/imovel/34575675/,7,1.266566619055752,33.0,359040.0,0.5,1
33740354,1599000.0,330.0,4845.0,5,3,Quinta Seca - Azenha de Cima,São Mamede de Infesta e Senhora da Hora,,41.1786636,-8.6602776,,good,False,,30,True,https://www.idealista.pt/imovel/33740354/,0,5.246833063973934,55.0,1598850.0,0.5,0
34028289,678000.0,261.0,2598.0,3,4,Quinta Seca - Azenha de Cima,São Mamede de Infesta e Senhora da Hora,,41.1772795,-8.659474,,good,False,,30,True,https://www.idealista.pt/imovel/34028289/,0,5.099701208266321,65.25,678078.0,1.0,0
34498015,260000.0,91.0,2857.0,2,1,Hospital São João - Pólo Universitário,Paranhos,,41.1833433,-8.6113251,,good,False,,32,True,https://www.idealista.pt/imovel/34498015/,5,3.7522525009683574,30.333333333333332,259987.0,0.3333333333333333,0
33937437,675000.0,186.0,3629.0,3,4,Campo 24 de Agosto,Bonfim,,41.1519811,-8.5969906,5,good,False,True,36,True,https://www.idealista.pt/imovel/33937437/,6,1.1943181151809337,46.5,674994.0,1.0,1
34510005,490000.0,187.0,2620.0,2,3,Contumil - Nicolau Nasoni,Campanhã,,41.1722878,-8.5836059,,good,False,,52,False,https://www.idealista.pt/imovel/34510005/,3,3.403703555301738,62.333333333333336,489940.0,1.0,0
34708937,390000.0,53.0,7358.0,1,1,Camões - Gonçalo Cristóvão - Faria Guimarães,Cedofeita - Santo Ildefonso - Sé - Miragaia - São Nicolau - Vitória,,41.1580097,-8.6106868,1,good,False,True,27,False,https://www.idealista.pt/imovel/34708937/,1,0.935286322459923,26.5,389974.0,0.5,1
34721664,575000.0,103.0,5583.0,3,2,Parque da Cidade - Vilarinha - António Aroso,Aldoar - Foz do Douro - Nevogilde,,41.1677693,-8.6681942,,good,False,,45,False,https://www.idealista.pt/imovel/34721664/,0,5.20465449584212,25.75,575049.0,0.5,0
34187169,325000.0,140.0,2321.0,3,3,Marquês,Cedofeita - Santo Ildefonso - Sé - Miragaia - São Nicolau - Vitória,,41.16199,-8.6081181,,good,False,,42,True,https://www.idealista.pt/imovel/34187169/,6,1.397252925162709,35.0,324940.0,0.75,1
34628083,295000.0,96.0,3073.0,2,2,Lavadores,Canidelo,,41.1292268,-8.6612201,1,good,False,True,27,True,https://www.idealista.pt/imovel/34628083/,2,4.784252782052576,32.0,295008.0,0.6666666666666666,0
34404520,690000.0,246.0,2805.0,4,5,Pinheiro Manso,Ramalde,,41.1645922,-8.6492859,bj,good,False,False,20,False,https://www.idealista.pt/imovel/34404520/,0,3.620307101659327,49.2,690030.0,1.0,0
33664087,640000.0,200.0,3200.0,3,4,Camões - Gonçalo Cristóvão - Faria Guimarães,Cedofeita - Santo Ildefonso - Sé - Miragaia - São Nicolau - Vitória,,41.1535939,-8.607812,1,good,False,True,39,True,https://www.idealista.pt/imovel/33664087/,6,0.5138802862992055,50.0,640000.0,1.0,1
34428390,440395.0,138.0,3191.0,2,2,Constituição,Cedofeita - Santo Ildefonso - Sé - Miragaia - São Nicolau - Vitória,,41.1630968,-8.6142389,6,good,False,True,30,True,https://www.idealista.pt/imovel/34428390/,1,1.5265867553986472,46.0,440358.0,0.6666666666666666,1
34501023,220000.0,84.0,2619.0,1,1,Fernão Magalhães - Joaquim Urbano,Bonfim,,41.1567458,-8.5967018,4,good,False,True,35,False,https://www.idealista.pt/imovel/34501023/,6,1.4298426657705645,42.0,219996.0,0.5,1
34224615,880000.0,170.0,5176.0,4,4,Matosinhos Sul - Marginal,Matosinhos e Leça da Palmeira,,41.1724476,-8.6856897,1,good,False,True,32,True,https://www.idealista.pt/imovel/34224615/,0,6.756792812070934,34.0,879920.0,0.8,0
34456827,320000.0,96.0,3333.0,2,1,Serralves,Lordelo do Ouro e Massarelos,,41.1582119,-8.6535457,1,good,False,True,22,True,https://www.idealista.pt/imovel/34456827/,0,3.6966371087661374,32.0,319968.0,0.3333333333333333,0
34633280,389000.0,183.0,2126.0,4,2,São Caetano - Soutelo - Areias,Rio Tinto,,41.1603714,-8.5513981,4,good,False,True,35,False,https://www.idealista.pt/imovel/34633280/,4,5.1235928511401925,36.6,389058.0,0.4,0
32961228,445000.0,141.0,3156.0,2,1,Campo Alegre,Lordelo do Ouro e Massarelos,,41.1484742,-8.6313464,,good,False,,31,True,https://www.idealista.pt/imovel/32961228/,1,1.716544426899412,47.0,444996.0,0.3333333333333333,1
34721880,394200.0,98.0,4022.0,2,2,Barranha - Vasco da Gama,São Mamede de Infesta e Senhora da Hora,,41.1875287,-8.6671032,2,good,False,True,23,False,https://www.idealista.pt/imovel/34721880/,0,6.318170992876901,32.666666666666664,394156.0,0.6666666666666666,0
34114523,790000.0,258.0,3062.0,4,5,Parque Oriental - Azevedo,Campanhã,,41.1540012,-8.5727809,,good,False,,58,True,https://www.idealista.pt/imovel/34114523/,4,3.22887466719555,51.6,789996.0,1.0,0
34257780,1950000.0,849.0,2297.0,10,7,Combatentes - Costa Cabral,Paranhos,,41.1645456,-8.5929399,,good,False,,41,True,https://www.idealista.pt/imovel/34257780/,6,2.24113293516674,77.18181818181819,1950153.0,0.6363636363636364,1
34456218,825000.0,213.0,3873.0,3,4,Salgueiros,Canidelo,,41.1168135,-8.6620376,,good,False,,22,True,https://www.idealista.pt/imovel/34456218/,2,5.624343990701973,53.25,824949.0,1.0,0
34551140,1900000.0,460.0,4130.0,5,5,Barrosa - Devesas - Telheira do Meio,Santa Marinha e São Pedro da Afurada,,41.1300566,-8.6107062,5,good,False,True,93,True,https://www.idealista.pt/imovel/34551140/,7,2.173187528855589,76.66666666666667,1899800.0,0.8333333333333334,1
34525092,990000.0,211.0,4692.0,5,3,Antas - Praça Velásquez,Bonfim,,41.1613875,-8.5920069,2,good,False,True,27,True,https://www.idealista.pt/imovel/34525092/,6,2.0542460906242526,35.166666666666664,990012.0,0.5,1
32634110,649000.0,282.0,2301.0,4,2,Bessa - Foco,Ramalde,,41.1661854,-8.6426045,,good,False,,19,True,https://www.idealista.pt/imovel/32634110/,5,3.2320555496980834,56.4,648882.0,0.4,0
34074928,219000.0,75.0,2920.0,2,1,Centro Histórico,Santa Marinha e São Pedro da Afurada,,41.1338793,-8.6093635,1,good,False,False,31,False,https://www.idealista.pt/imovel/34074928/,7,1.7527908553941107,25.0,219000.0,0.3333333333333333,1
34508855,498000.0,136.0,3662.0,3,2,Sampaio-Alumiara-Verdinho,Canidelo,,41.1343094,-8.6482714,,good,False,True,52,False,https://www.idealista.pt/imovel/34508855/,2,3.561487791627382,34.0,498032.0,0.5,0
34524752,450000.0,184.0,2446.0,3,2,São Cosme,São Cosme - Valbom - Jovim,Centro de Gondomar,41.1417327,-8.5334222,,good,False,,44,False,https://www.idealista.pt/imovel/34524752/,4,6.546251889054029,46.0,450064.0,0.5,0
34634690,465000.0,85.0,5471.0,1,1,Baixa,Cedofeita - Santo Ildefonso - Sé - Miragaia - São Nicolau - Vitória,Santa Catarina,41.1488026,-8.6029714,,good,False,True,29,False,https://www.idealista.pt/imovel/34634690/,6,0.6697538275078121,42.5,465035.0,0.5,1
34666622,285000.0,56.0,5089.0,0,1,Baixa,Cedofeita - Santo Ildefonso - Sé - Miragaia - São Nicolau - Vitória,Santa Catarina,41.1516343,-8.6051874,3,good,False,True,32,False,https://www.idealista.pt/imovel/34666622/,6,0.5290958718816586,56.0,284984.0,1.0,1
33992546,1200000.0,544.0,2206.0,5,6,Carreira - Cidade Jovem - Venda Nova,Rio Tinto,,41.1735347,-8.5459861,,good,False,,47,False,https://www.idealista.pt/imovel/33992546/,3,6.050915108570359,90.66666666666667,1200064.0,1.0,0
34049004,619000.0,107.0,5785.0,2,2,Centro,Madalena,,41.1051415,-8.6420992,,good,False,True,55,False,https://www.idealista.pt/imovel/34049004/,2,5.591728007598858,35.666666666666664,618995.0,0.6666666666666666,0
33567734,240000.0,40.0,6000.0,1,1,Baixa,Cedofeita - Santo Ildefonso - Sé - Miragaia - São Nicolau - Vitória,Trindade,41.1515165,-8.6132047,1,good,False,True,18,False,https://www.idealista.pt/imovel/33567734/,1,0.28748964640067315,20.0,240000.0,0.5,1
34721403,225000.0,65.0,3462.0,2,1,Santegãos - Estrada Nova - Campainha,Rio Tinto,,41.1914144,-8.5707262,2,good,False,True,19,False,https://www.idealista.pt/imovel/34721403/,3,5.738090230902248,21.666666666666668,225030.0,0.3333333333333333,0
34721342,371500.0,103.0,3607.0,2,2,Soares dos Reis - Rasa de Cima,Mafamude e Vilar do Paraíso,,41.1171931,-8.6088205,2,newdevelopment,True,True,18,False,https://www.idealista.pt/empreendimento/34721342/,7,3.607688968128262,34.333333333333336,371521.0,0.6666666666666666,0
34721341,316000.0,85.0,3718.0,2,2,Soares dos Reis - Rasa de Cima,Mafamude e Vilar do Paraíso,,41.1178984,-8.6093768,2,newdevelopment,True,True,16,False,https://www.idealista.pt/empreendimento/34721341/,7,3.527364569449318,28.333333333333332,316030.0,0.6666666666666666,0
34721340,377000.0,103.0,3660.0,2,2,Soares dos Reis - Rasa de Cima,Mafamude e Vilar do Paraíso,,41.1194725,-8.6092431,3,newdevelopment,True,True,16,False,https://www.idealista.pt/empreendimento/34721340/,7,3.3528977901965353,34.333333333333336,376980.0,0.6666666666666666,0
34721339,338000.0,90.0,3756.0,2,2,Soares dos Reis - Rasa de Cima,Mafamude e Vilar do Paraíso,,41.1169183,-8.6095698,3,newdevelopment,True,True,16,False,https://www.idealista.pt/empreendimento/34721339/,7,3.635746423390779,30.0,338040.0,0.6666666666666666,0
34721338,259000.0,66.0,3924.0,1,1,Soares dos Reis - Rasa de Cima,Mafamude e Vilar do Paraíso,,41.1193359,-8.6109034,3,newdevelopment,True,True,16,False,https://www.idealista.pt/empreendimento/34721338/,7,3.3652143915099195,33.0,258984.0,0.5,0
34721334,398500.0,103.0,3869.0,2,3,Soares dos Reis - Rasa de Cima,Mafamude e Vilar do Paraíso,,41.1173272,-8.6091083,5,newdevelopment,True,True,16,False,https://www.idealista.pt/empreendimento/34721334/,7,3.591707483427576,34.333333333333336,398507.0,1.0,0
34721115,595000.0,308.0,1932.0,6,4, Viso - Zona Industrial,Ramalde,,41.1811928,-8.6436554,,good,False,,43,False,https://www.idealista.pt/imovel/34721115/,5,4.456344360973736,44.0,595056.0,0.5714285714285714,0
34674847,265000.0,91.0,2912.0,2,1,,Baguim do Monte,,41.1892171,-8.5508881,bj,good,False,True,38,True,https://www.idealista.pt/imovel/34674847/,3,6.6812238799400605,30.333333333333332,264992.0,0.3333333333333333,0
34077692,795000.0,270.0,2944.0,4,4,Bessa - Foco,Ramalde,,41.16648,-8.6427633,,good,False,,28,True,https://www.idealista.pt/imovel/34077692/,5,3.261717399491476,54.0,794880.0,0.8,0
32094634,930000.0,204.0,4559.0,4,4,Matosinhos Sul - Marginal,Matosinhos e Leça da Palmeira,,41.1774396,-8.685591,3,good,False,True,28,False,https://www.idealista.pt/imovel/32094634/,0,6.976849023021812,40.8,930036.0,0.8,0
34691328,545000.0,83.0,6566.0,2,1,Matosinhos Sul - Marginal,Matosinhos e Leça da Palmeira,,41.1730267,-8.6836133,4,good,False,False,22,False,https://www.idealista.pt/imovel/34691328/,0,6.621090532611593,27.666666666666668,544978.0,0.3333333333333333,0
34721164,425000.0,136.0,3125.0,4,2,Centro,Madalena,,41.1038834,-8.647146,,good,False,,26,False,https://www.idealista.pt/imovel/34721164/,2,5.920997540023404,27.2,425000.0,0.4,0
34695153,399000.0,192.0,2078.0,3,4,Valbom,São Cosme - Valbom - Jovim,,41.142123,-8.5690405,,good,False,,43,False,https://www.idealista.pt/imovel/34695153/,4,3.602314547499318,48.0,398976.0,1.0,0
34720124,475893.0,107.0,4448.0,2,2,Centro de Senhora da Hora,São Mamede de Infesta e Senhora da Hora,,41.1860646,-8.6503927,2,newdevelopment,True,True,69,True,https://www.idealista.pt/empreendimento/34720124/,5,5.2314936972276875,35.666666666666664,475936.0,0.6666666666666666,0
34721048,365000.0,119.0,3067.0,2,2,Paniceiro-Viso-Meiral,Canidelo,,41.1228784,-8.6463252,1,good,False,True,20,False,https://www.idealista.pt/imovel/34721048/,2,4.198823435979476,39.666666666666664,364973.0,0.6666666666666666,0
34564719,1150000.0,248.0,4637.0,5,4,Serralves,Lordelo do Ouro e Massarelos,,41.162588,-8.6582229,2,good,False,True,48,False,https://www.idealista.pt/imovel/34564719/,0,4.216925387535094,41.333333333333336,1149976.0,0.6666666666666666,0
34701306,540000.0,168.0,3214.0,3,2,Ouro - Condominhas,Lordelo do Ouro e Massarelos,,41.1521905,-8.6507059,1,good,False,True,32,False,https://www.idealista.pt/imovel/34701306/,0,3.3452715649573257,42.0,539952.0,0.5,0
34721104,420000.0,165.0,2545.0,3,3,Centro,Rio Tinto,,41.1720855,-8.5615862,,good,False,True,66,False,https://www.idealista.pt/imovel/34721104/,3,4.826403195329757,41.25,419925.0,0.75,0
34684011,250000.0,65.0,3846.0,1,1,São João - Asprela - Telheiro,São Mamede de Infesta e Senhora da Hora,,41.1822785,-8.6199862,bj,good,False,True,44,False,https://www.idealista.pt/imovel/34684011/,5,3.7124320905089743,32.5,249990.0,0.5,0
34722399,249000.0,120.0,2075.0,2,1,São Cosme,São Cosme - Valbom - Jovim,Centro de Gondomar,41.1418867,-8.5284551,,good,False,,26,False,https://www.idealista.pt/imovel/34722399/,4,6.956519153744965,40.0,249000.0,0.3333333333333333,0
34509153,260000.0,91.0,2857.0,2,1,Hospital São João - Pólo Universitário,Paranhos,,41.1860634,-8.6102856,,good,False,,29,False,https://www.idealista.pt/imovel/34509153/,5,4.054871243311172,30.333333333333332,259987.0,0.3333333333333333,0
34647602,495000.0,160.0,3094.0,3,3,Monte de Burgos - Padrão da Légua,São Mamede de Infesta e Senhora da Hora,,41.1812007,-8.6275527,6,good,False,True,36,False,https://www.idealista.pt/imovel/34647602/,5,3.780242528671813,40.0,495040.0,0.75,0
34143509,360000.0,57.0,6316.0,1,1,Palácio de Cristal - Galiza - Vilar,Lordelo do Ouro e Massarelos,,41.1539661,-8.6265331,2,good,False,True,13,False,https://www.idealista.pt/imovel/34143509/,1,1.3960384519995954,28.5,360012.0,0.5,1
34722317,245000.0,97.0,2526.0,2,1,São Cosme,São Cosme - Valbom - Jovim,Centro de Gondomar,41.1439539,-8.5342807,,good,False,False,26,False,https://www.idealista.pt/imovel/34722317/,4,6.446187833093551,32.333333333333336,245022.0,0.3333333333333333,0
34718980,219000.0,69.0,3174.0,1,1,Seara - Freixieiro,Oliveira do Douro,,41.1126173,-8.5779692,4,good,False,True,17,False,https://www.idealista.pt/imovel/34718980/,4,4.951537627219595,34.5,219006.0,0.5,0
34721805,220000.0,92.0,2391.0,2,1,Pedra Verde,São Mamede de Infesta e Senhora da Hora,,41.1928437,-8.6147264,1,good,False,False,17,False,https://www.idealista.pt/imovel/34721805/,5,4.819134435600635,30.666666666666668,219972.0,0.3333333333333333,0
34107665,430000.0,119.0,3613.0,2,3,Lavadores,Canidelo,,41.1356953,-8.667114,2,good,False,True,32,True,https://www.idealista.pt/imovel/34107665/,2,4.954664792495297,39.666666666666664,429947.0,1.0,0
34656789,285000.0,56.0,5089.0,1,1,Baixa,Cedofeita - Santo Ildefonso - Sé - Miragaia - São Nicolau - Vitória,Santa Catarina,41.1492017,-8.6035242,2,good,False,True,12,False,https://www.idealista.pt/imovel/34656789/,6,0.6191571377781512,28.0,284984.0,0.5,1
34261134,720000.0,236.0,3051.0,4,4,Antas - Estádio do Dragão,Campanhã,,41.162752,-8.586384,2,good,False,True,30,False,https://www.idealista.pt/imovel/34261134/,6,2.5202107887277823,47.2,720036.0,0.8,1
34268957,350000.0,157.0,2229.0,2,2,Santos Pousada,Bonfim,,41.1553279,-8.5998289,-1,good,False,False,21,True,https://www.idealista.pt/imovel/34268957/,6,1.1246614369375776,52.333333333333336,349953.0,0.6666666666666666,1
34569550,298500.0,113.0,2642.0,3,2,Barranha - Vasco da Gama,São Mamede de Infesta e Senhora da Hora,,41.1903015,-8.6595601,,good,False,,41,False,https://www.idealista.pt/imovel/34569550/,5,6.088695533404601,28.25,298546.0,0.5,0
34722400,230000.0,45.0,5111.0,1,1,Lavadores,Canidelo,,41.1322798,-8.6539527,,good,False,False,17,False,https://www.idealista.pt/imovel/34722400/,2,4.087410037793934,22.5,229995.0,0.5,0
34722251,1750000.0,480.0,3646.0,3,4,Foz,Aldoar - Foz do Douro - Nevogilde,,41.1576638,-8.6772192,bj,good,False,True,26,True,https://www.idealista.pt/imovel/34722251/,0,5.6244390506000395,120.0,1750080.0,1.0,0
34278270,480000.0,253.0,1897.0,4,4,Câmara de Gaia - Aviadores - Quinta das Pedras,Mafamude e Vilar do Paraíso,,41.1303183,-8.6047174,6,good,False,True,33,True,https://www.idealista.pt/imovel/34278270/,7,2.2056534501830067,50.6,479941.0,0.8,1
34722183,660000.0,155.0,4258.0,3,3,Boavista,Cedofeita - Santo Ildefonso - Sé - Miragaia - São Nicolau - Vitória,Júlio Dinis - Hospital Militar,41.1581318,-8.62527,1,good,False,True,26,False,https://www.idealista.pt/imovel/34722183/,1,1.5321519803279533,38.75,659990.0,0.75,1
34459556,395000.0,150.0,2633.0,2,2,Serralves,Lordelo do Ouro e Massarelos,,41.1578748,-8.6499816,3,good,False,True,47,True,https://www.idealista.pt/imovel/34459556/,0,3.3989701515654733,50.0,394950.0,0.6666666666666666,0
31290890,1085000.0,267.0,4064.0,3,3,Batalha - Guindais,Cedofeita - Santo Ildefonso - Sé - Miragaia - São Nicolau - Vitória,,41.1444627,-8.6046196,3,newdevelopment,True,True,59,True,https://www.idealista.pt/empreendimento/31290890/,6,0.7764402268470825,66.75,1085088.0,0.75,1
34713372,290000.0,141.0,2057.0,3,2,Vilar do Paraíso - Junqueira - São Caetano,Mafamude e Vilar do Paraíso,,41.1047247,-8.6148281,bj,good,False,True,17,False,https://www.idealista.pt/imovel/34713372/,7,5.000740508219673,35.25,290037.0,0.5,0
33137140,405000.0,77.0,5260.0,1,1,Baixa,Cedofeita - Santo Ildefonso - Sé - Miragaia - São Nicolau - Vitória,Trindade,41.1510945,-8.6121151,bj,newdevelopment,True,True,31,False,https://www.idealista.pt/empreendimento/33137140/,1,0.19485046332565198,38.5,405020.0,0.5,1
34718957,509000.0,110.0,4627.0,3,3,Antas - Estádio do Dragão,Campanhã,,41.163038,-8.5855652,1,newdevelopment,True,True,22,True,https://www.idealista.pt/empreendimento/34718957/,6,2.5945267070761133,27.5,508970.0,0.75,1
34401908,386322.0,62.0,6231.0,1,1,Centro Histórico,Santa Marinha e São Pedro da Afurada,,41.1426285,-8.6233926,1,newdevelopment,True,,11,False,https://www.idealista.pt/empreendimento/34401908/,1,1.3019786775327296,31.0,386322.0,0.5,1
34718897,444000.0,90.0,4933.0,2,2,Antas - Estádio do Dragão,Campanhã,,41.163038,-8.5855652,6,newdevelopment,True,True,22,True,https://www.idealista.pt/empreendimento/34718897/,6,2.5945267070761133,30.0,443970.0,0.6666666666666666,1
34721364,285000.0,99.0,2879.0,1,1,Areosa - Fernão de Magalhães,Paranhos,,41.1771965,-8.5849473,1,newdevelopment,True,True,14,False,https://www.idealista.pt/empreendimento/34721364/,3,3.7598106250253065,49.5,285021.0,0.5,0
34721363,314000.0,79.0,3975.0,1,1,Areosa - Fernão de Magalhães,Paranhos,,41.1769073,-8.5846215,1,newdevelopment,True,True,14,False,https://www.idealista.pt/empreendimento/34721363/,3,3.7495496497801737,39.5,314025.0,0.5,0
34721362,249000.0,61.0,4082.0,1,1,Areosa - Fernão de Magalhães,Paranhos,,41.1789408,-8.5864384,1,newdevelopment,True,True,14,False,https://www.idealista.pt/empreendimento/34721362/,3,3.851915536547512,30.5,249002.0,0.5,0
34721361,299000.0,72.0,4153.0,1,1,Areosa - Fernão de Magalhães,Paranhos,,41.1791138,-8.5861844,1,newdevelopment,True,True,14,False,https://www.idealista.pt/empreendimento/34721361/,3,3.8795184420958493,36.0,299016.0,0.5,0
34721360,299000.0,71.0,4211.0,1,1,Areosa - Fernão de Magalhães,Paranhos,,41.179484,-8.5841618,2,newdevelopment,True,True,14,False,https://www.idealista.pt/empreendimento/34721360/,3,4.006467131477444,35.5,298981.0,0.5,0
34721359,245000.0,59.0,4153.0,1,1,Areosa - Fernão de Magalhães,Paranhos,,41.1785824,-8.5858577,2,newdevelopment,True,True,14,False,https://www.idealista.pt/empreendimento/34721359/,3,3.8445113612205852,29.5,245027.0,0.5,0
34721358,299000.0,69.0,4333.0,1,1,Areosa - Fernão de Magalhães,Paranhos,,41.1794845,-8.5854468,2,newdevelopment,True,True,14,False,https://www.idealista.pt/empreendimento/34721358/,3,3.9474285937807667,34.5,298977.0,0.5,0
34721357,269000.0,63.0,4270.0,1,1,Areosa - Fernão de Magalhães,Paranhos,,41.1771507,-8.5843037,2,newdevelopment,True,True,14,False,https://www.idealista.pt/empreendimento/34721357/,3,3.7870769187767426,31.5,269010.0,0.5,0
34721356,235000.0,53.0,4434.0,1,1,Areosa - Fernão de Magalhães,Paranhos,,41.1768901,-8.583298,2,newdevelopment,True,True,14,False,https://www.idealista.pt/empreendimento/34721356/,3,3.8140836353742804,26.5,235002.0,0.5,0
34721355,304000.0,63.0,4825.0,1,1,Areosa - Fernão de Magalhães,Paranhos,,41.1783879,-8.5833906,2,newdevelopment,True,True,14,False,https://www.idealista.pt/empreendimento/34721355/,3,3.9433328424356215,31.5,303975.0,0.5,0
34721353,410000.0,83.0,4940.0,2,2,Boavista,Cedofeita - Santo Ildefonso - Sé - Miragaia - São Nicolau - Vitória,Ramalda Alta,41.1609678,-8.6184756,1,newdevelopment,True,True,13,False,https://www.idealista.pt/empreendimento/34721353/,1,1.414236877668774,27.666666666666668,410020.0,0.6666666666666666,1
34721352,280000.0,63.0,4444.0,1,1,Boavista,Cedofeita - Santo Ildefonso - Sé - Miragaia - São Nicolau - Vitória,Ramalda Alta,41.1630731,-8.6200568,1,newdevelopment,True,True,13,False,https://www.idealista.pt/empreendimento/34721352/,1,1.6828899222158966,31.5,279972.0,0.5,1
34721351,300000.0,60.0,5000.0,1,1,Boavista,Cedofeita - Santo Ildefonso - Sé - Miragaia - São Nicolau - Vitória,Ramalda Alta,41.1623227,-8.6201326,1,newdevelopment,True,True,13,False,https://www.idealista.pt/empreendimento/34721351/,1,1.612093710087673,30.0,300000.0,0.5,1
34721350,425000.0,82.0,5183.0,2,2,Boavista,Cedofeita - Santo Ildefonso - Sé - Miragaia - São Nicolau - Vitória,Ramalda Alta,41.1611233,-8.6198556,2,newdevelopment,True,True,13,False,https://www.idealista.pt/empreendimento/34721350/,1,1.4845810432175637,27.333333333333332,425006.0,0.6666666666666666,1
34721349,275000.0,58.0,4741.0,1,1,Boavista,Cedofeita - Santo Ildefonso - Sé - Miragaia - São Nicolau - Vitória,Ramalda Alta,41.1631653,-8.6201553,2,newdevelopment,True,True,13,False,https://www.idealista.pt/empreendimento/34721349/,1,1.6957749936808155,29.0,274978.0,0.5,1
34721348,305000.0,52.0,5865.0,1,1,Boavista,Cedofeita - Santo Ildefonso - Sé - Miragaia - São Nicolau - Vitória,Ramalda Alta,41.1641914,-8.6194119,2,newdevelopment,True,True,13,False,https://www.idealista.pt/empreendimento/34721348/,1,1.7720869515361208,26.0,304980.0,0.5,1
34721347,695000.0,139.0,5000.0,3,3,Boavista,Cedofeita - Santo Ildefonso - Sé - Miragaia - São Nicolau - Vitória,Ramalda Alta,41.1635516,-8.6187321,3,newdevelopment,True,True,13,False,https://www.idealista.pt/empreendimento/34721347/,1,1.6842289120093867,34.75,695000.0,0.75,1
34721346,590000.0,115.0,5130.0,2,2,Boavista,Cedofeita - Santo Ildefonso - Sé - Miragaia - São Nicolau - Vitória,Ramalda Alta,41.1617992,-8.61794,3,newdevelopment,True,True,13,False,https://www.idealista.pt/empreendimento/34721346/,1,1.4790040465863483,38.333333333333336,589950.0,0.6666666666666666,1
34721345,285000.0,58.0,4914.0,1,1,Boavista,Cedofeita - Santo Ildefonso - Sé - Miragaia - São Nicolau - Vitória,Ramalda Alta,41.1628173,-8.6179095,3,newdevelopment,True,True,13,False,https://www.idealista.pt/empreendimento/34721345/,1,1.5825263579818316,29.0,285012.0,0.5,1
34721344,550000.0,110.0,5000.0,2,3,Boavista,Cedofeita - Santo Ildefonso - Sé - Miragaia - São Nicolau - Vitória,Ramalda Alta,41.1615398,-8.6174682,3,newdevelopment,True,True,13,False,https://www.idealista.pt/empreendimento/34721344/,1,1.43702164094565,36.666666666666664,550000.0,1.0,1
34721337,465000.0,124.0,3750.0,3,2,Soares dos Reis - Rasa de Cima,Mafamude e Vilar do Paraíso,,41.116909,-8.6110968,4,newdevelopment,True,True,16,False,https://www.idealista.pt/empreendimento/34721337/,7,3.6351107127330264,31.0,465000.0,0.5,0
34721336,483500.0,132.0,3663.0,3,2,Soares dos Reis - Rasa de Cima,Mafamude e Vilar do Paraíso,,41.1185964,-8.6122383,4,newdevelopment,True,True,16,False,https://www.idealista.pt/empreendimento/34721336/,7,3.4492645036334557,33.0,483516.0,0.5,0
34721335,434000.0,105.0,4133.0,3,3,Soares dos Reis - Rasa de Cima,Mafamude e Vilar do Paraíso,,41.1189877,-8.6121711,5,newdevelopment,True,True,16,False,https://www.idealista.pt/empreendimento/34721335/,7,3.405596624327977,26.25,433965.0,0.75,0
34401975,529000.0,90.0,5878.0,1,1,Centro Histórico,Santa Marinha e São Pedro da Afurada,,41.1426285,-8.6233926,1,newdevelopment,True,,11,False,https://www.idealista.pt/empreendimento/34401975/,1,1.3019786775327296,45.0,529020.0,0.5,1
34401974,405669.0,65.0,6241.0,1,1,Centro Histórico,Santa Marinha e São Pedro da Afurada,,41.1426285,-8.6233926,1,newdevelopment,True,,11,False,https://www.idealista.pt/empreendimento/34401974/,1,1.3019786775327296,32.5,405665.0,0.5,1
34401972,433680.0,70.0,6195.0,1,1,Centro Histórico,Santa Marinha e São Pedro da Afurada,,41.1426285,-8.6233926,1,newdevelopment,True,,11,False,https://www.idealista.pt/empreendimento/34401972/,1,1.3019786775327296,35.0,433650.0,0.5,1
34401969,434375.0,70.0,6205.0,1,1,Centro Histórico,Santa Marinha e São Pedro da Afurada,,41.1426285,-8.6233926,1,newdevelopment,True,,11,False,https://www.idealista.pt/empreendimento/34401969/,1,1.3019786775327296,35.0,434350.0,0.5,1
34721366,370000.0,101.0,3663.0,2,1,Areosa - Fernão de Magalhães,Paranhos,,41.1777563,-8.585486,,newdevelopment,True,True,14,False,https://www.idealista.pt/empreendimento/34721366/,3,3.7852507484763573,33.666666666666664,369963.0,0.3333333333333333,0
34721365,360000.0,99.0,3636.0,2,1,Areosa - Fernão de Magalhães,Paranhos,,41.178281,-8.5824346,,newdevelopment,True,True,14,False,https://www.idealista.pt/empreendimento/34721365/,3,3.981068687717462,33.0,359964.0,0.3333333333333333,0
31168019,519000.0,128.0,4055.0,3,3,Baixa,Cedofeita - Santo Ildefonso - Sé - Miragaia - São Nicolau - Vitória,Trindade,41.1537388,-8.6117866,,good,False,,23,False,https://www.idealista.pt/imovel/31168019/,1,0.46616187819281146,32.0,519040.0,0.75,1
34677030,661400.0,170.0,3891.0,2,2,Valbom,São Cosme - Valbom - Jovim,,41.1406638,-8.5691091,bj,,True,True,27,True,https://www.idealista.pt/empreendimento/34677030/,4,3.6376964478187523,56.666666666666664,661470.0,0.6666666666666666,0
34677005,634100.0,158.0,4013.0,2,2,Valbom,São Cosme - Valbom - Jovim,,41.1406638,-8.5691091,bj,,True,True,27,True,https://www.idealista.pt/empreendimento/34677005/,4,3.6376964478187523,52.666666666666664,634054.0,0.6666666666666666,0
34721015,326000.0,179.0,1821.0,3,2,Gervide,Oliveira do Douro,,41.1230085,-8.5892113,,good,False,True,33,False,https://www.idealista.pt/imovel/34721015/,7,3.4701595147611166,44.75,325959.0,0.5,0
34721014,243000.0,98.0,2480.0,2,2,Gervide,Oliveira do Douro,,41.1223043,-8.5880677,,good,False,True,33,False,https://www.idealista.pt/imovel/34721014/,7,3.5872442779369664,32.666666666666664,243040.0,0.6666666666666666,0
34721013,210000.0,79.0,2658.0,1,2,Gervide,Oliveira do Douro,,41.122217,-8.588218,,good,False,True,33,False,https://www.idealista.pt/imovel/34721013/,7,3.588783764951064,39.5,209982.0,1.0,0
34676903,405000.0,119.0,3403.0,3,3,Padrão da Légua - Av. Xanana Gusmão,Custóias - Leça do Balio - Guifões,,41.191013,-8.6333514,3,,True,True,20,True,https://www.idealista.pt/empreendimento/34676903/,5,4.973610053144598,29.75,404957.0,0.75,0
34676900,355000.0,96.0,3698.0,2,2,Padrão da Légua - Av. Xanana Gusmão,Custóias - Leça do Balio - Guifões,,41.191013,-8.6333514,4,,True,True,20,True,https://www.idealista.pt/empreendimento/34676900/,5,4.973610053144598,32.0,355008.0,0.6666666666666666,0
34061630,350000.0,97.0,3608.0,2,2,Padrão da Légua - Av. Xanana Gusmão,Custóias - Leça do Balio - Guifões,,41.191013,-8.6333514,5,,True,True,20,True,https://www.idealista.pt/empreendimento/34061630/,5,4.973610053144598,32.333333333333336,349976.0,0.6666666666666666,0
34119469,405000.0,119.0,3403.0,3,3,Padrão da Légua - Av. Xanana Gusmão,Custóias - Leça do Balio - Guifões,,41.191013,-8.6333514,4,,True,True,20,True,https://www.idealista.pt/empreendimento/34119469/,5,4.973610053144598,29.75,404957.0,0.75,0
33991140,355000.0,97.0,3660.0,2,2,Padrão da Légua - Av. Xanana Gusmão,Custóias - Leça do Balio - Guifões,,41.191013,-8.6333514,5,,True,True,20,True,https://www.idealista.pt/empreendimento/33991140/,5,4.973610053144598,32.333333333333336,355020.0,0.6666666666666666,0
34379950,730000.0,161.0,4534.0,3,3,Lavadores,Canidelo,,41.1238877,-8.6665362,5,newdevelopment,True,True,52,True,https://www.idealista.pt/empreendimento/34379950/,2,5.466556566541271,40.25,729974.0,0.75,0
34135900,465077.0,107.0,4347.0,2,2,Centro de Senhora da Hora,São Mamede de Infesta e Senhora da Hora,,41.1860646,-8.6503927,1,newdevelopment,True,True,69,True,https://www.idealista.pt/empreendimento/34135900/,5,5.2314936972276875,35.666666666666664,465129.0,0.6666666666666666,0
34308878,1350000.0,257.0,5253.0,4,4,Lavadores,Canidelo,,41.1238877,-8.6665362,2,newdevelopment,True,True,52,True,https://www.idealista.pt/empreendimento/34308878/,2,5.466556566541271,51.4,1350021.0,0.8,0
34313815,730000.0,162.0,4506.0,3,3,Lavadores,Canidelo,,41.1238877,-8.6665362,5,newdevelopment,True,True,52,True,https://www.idealista.pt/empreendimento/34313815/,2,5.466556566541271,40.5,729972.0,0.75,0
34476731,336194.0,76.0,4424.0,1,1,Centro de Senhora da Hora,São Mamede de Infesta e Senhora da Hora,,41.1860646,-8.6503927,2,newdevelopment,True,True,69,True,https://www.idealista.pt/empreendimento/34476731/,5,5.2314936972276875,38.0,336224.0,0.5,0
33978651,508340.0,152.0,3344.0,2,2,Centro de Senhora da Hora,São Mamede de Infesta e Senhora da Hora,,41.1860646,-8.6503927,1,newdevelopment,True,True,69,True,https://www.idealista.pt/empreendimento/33978651/,5,5.2314936972276875,50.666666666666664,508288.0,0.6666666666666666,0
34257504,541500.0,113.0,4792.0,3,3,Serralves,Lordelo do Ouro e Massarelos,,41.1551707,-8.6507126,3,newdevelopment,True,True,27,True,https://www.idealista.pt/empreendimento/34257504/,0,3.390398385459906,28.25,541496.0,0.75,0
34257473,714000.0,154.0,4636.0,3,3,Serralves,Lordelo do Ouro e Massarelos,,41.1551707,-8.6507126,4,newdevelopment,True,True,27,True,https://www.idealista.pt/empreendimento/34257473/,0,3.390398385459906,38.5,713944.0,0.75,0
34257447,451500.0,95.0,4753.0,2,2,Serralves,Lordelo do Ouro e Massarelos,,41.1551707,-8.6507126,2,newdevelopment,True,True,27,True,https://www.idealista.pt/empreendimento/34257447/,0,3.390398385459906,31.666666666666668,451535.0,0.6666666666666666,0
34257448,458000.0,95.0,4821.0,2,2,Serralves,Lordelo do Ouro e Massarelos,,41.1551707,-8.6507126,3,newdevelopment,True,True,27,True,https://www.idealista.pt/empreendimento/34257448/,0,3.390398385459906,31.666666666666668,457995.0,0.6666666666666666,0
34421256,299000.0,100.0,2990.0,2,2,Centro de Valadares - Penedo - Valadarinho,Gulpilhares e Valadares,,41.0937457,-8.6293515,4,good,False,True,17,False,https://www.idealista.pt/imovel/34421256/,7,6.400141609442495,33.333333333333336,299000.0,0.6666666666666666,0
33810193,657742.0,136.0,4836.0,3,3,Centro de Senhora da Hora,São Mamede de Infesta e Senhora da Hora,,41.1860646,-8.6503927,6,newdevelopment,True,True,69,True,https://www.idealista.pt/empreendimento/33810193/,5,5.2314936972276875,34.0,657696.0,0.75,0
33810169,374773.0,78.0,4805.0,1,2,Centro de Senhora da Hora,São Mamede de Infesta e Senhora da Hora,,41.1860646,-8.6503927,1,newdevelopment,True,True,69,True,https://www.idealista.pt/empreendimento/33810169/,5,5.2314936972276875,39.0,374790.0,1.0,0
33810156,636535.0,136.0,4680.0,3,3,Centro de Senhora da Hora,São Mamede de Infesta e Senhora da Hora,,41.1860646,-8.6503927,4,newdevelopment,True,True,69,True,https://www.idealista.pt/empreendimento/33810156/,5,5.2314936972276875,34.0,636480.0,0.75,0
33810154,363751.0,125.0,2910.0,1,1,Centro de Senhora da Hora,São Mamede de Infesta e Senhora da Hora,,41.1860646,-8.6503927,ss,newdevelopment,True,True,69,True,https://www.idealista.pt/empreendimento/33810154/,5,5.2314936972276875,62.5,363750.0,0.5,0
33810144,834003.0,281.0,2968.0,4,4,Centro de Senhora da Hora,São Mamede de Infesta e Senhora da Hora,,41.1860646,-8.6503927,ss,newdevelopment,True,True,69,True,https://www.idealista.pt/empreendimento/33810144/,5,5.2314936972276875,56.2,834008.0,0.8,0
33810146,341705.0,125.0,2734.0,1,1,Centro de Senhora da Hora,São Mamede de Infesta e Senhora da Hora,,41.1860646,-8.6503927,ss,newdevelopment,True,True,69,True,https://www.idealista.pt/empreendimento/33810146/,5,5.2314936972276875,62.5,341750.0,0.5,0
34514107,954400.0,242.0,3944.0,4,4,Valbom,São Cosme - Valbom - Jovim,,41.1406638,-8.5691091,bj,newdevelopment,True,True,27,True,https://www.idealista.pt/empreendimento/34514107/,4,3.6376964478187523,48.4,954448.0,0.8,0
34565103,383985.0,78.0,4923.0,1,1,Centro de Senhora da Hora,São Mamede de Infesta e Senhora da Hora,,41.1860646,-8.6503927,1,newdevelopment,True,True,69,True,https://www.idealista.pt/empreendimento/34565103/,5,5.2314936972276875,39.0,383994.0,0.5,0
34514081,949300.0,229.0,4145.0,4,4,Valbom,São Cosme - Valbom - Jovim,,41.1406638,-8.5691091,bj,newdevelopment,True,True,27,True,https://www.idealista.pt/empreendimento/34514081/,4,3.6376964478187523,45.8,949205.0,0.8,0
32381061,690000.0,298.0,2315.0,4,4,Monte de Burgos - Padrão da Légua,São Mamede de Infesta e Senhora da Hora,,41.1788458,-8.6352245,,good,False,,41,True,https://www.idealista.pt/imovel/32381061/,5,3.8368702394476903,59.6,689870.0,0.8,0
34514057,747600.0,196.0,3814.0,3,3,Valbom,São Cosme - Valbom - Jovim,,41.1406638,-8.5691091,bj,newdevelopment,True,True,27,True,https://www.idealista.pt/empreendimento/34514057/,4,3.6376964478187523,49.0,747544.0,0.75,0
34514027,724700.0,166.0,4366.0,3,3,Valbom,São Cosme - Valbom - Jovim,,41.1406638,-8.5691091,bj,newdevelopment,True,True,27,True,https://www.idealista.pt/empreendimento/34514027/,4,3.6376964478187523,41.5,724756.0,0.75,0
34514021,723600.0,178.0,4065.0,3,3,Valbom,São Cosme - Valbom - Jovim,,41.1406638,-8.5691091,2,newdevelopment,True,True,27,True,https://www.idealista.pt/empreendimento/34514021/,4,3.6376964478187523,44.5,723570.0,0.75,0
34123014,876231.0,199.0,4403.0,4,4,Centro de Senhora da Hora,São Mamede de Infesta e Senhora da Hora,,41.1860646,-8.6503927,3,newdevelopment,True,True,69,True,https://www.idealista.pt/empreendimento/34123014/,5,5.2314936972276875,39.8,876197.0,0.8,0
34514013,618900.0,171.0,3619.0,2,2,Valbom,São Cosme - Valbom - Jovim,,41.1406638,-8.5691091,st,newdevelopment,True,True,27,True,https://www.idealista.pt/empreendimento/34514013/,4,3.6376964478187523,57.0,618849.0,0.6666666666666666,0
34514012,630400.0,150.0,4203.0,2,2,Valbom,São Cosme - Valbom - Jovim,,41.1406638,-8.5691091,bj,newdevelopment,True,True,27,True,https://www.idealista.pt/empreendimento/34514012/,4,3.6376964478187523,50.0,630450.0,0.6666666666666666,0
34514011,640716.0,162.0,3955.0,2,2,Valbom,São Cosme - Valbom - Jovim,,41.1406638,-8.5691091,1,newdevelopment,True,True,27,True,https://www.idealista.pt/empreendimento/34514011/,4,3.6376964478187523,54.0,640710.0,0.6666666666666666,0
34309009,700000.0,161.0,4348.0,3,3,Lavadores,Canidelo,,41.1238877,-8.6665362,3,newdevelopment,True,True,52,True,https://www.idealista.pt/empreendimento/34309009/,2,5.466556566541271,40.25,700028.0,0.75,0
34513991,638600.0,195.0,3275.0,2,2,Valbom,São Cosme - Valbom - Jovim,,41.1406638,-8.5691091,2,newdevelopment,True,True,27,True,https://www.idealista.pt/empreendimento/34513991/,4,3.6376964478187523,65.0,638625.0,0.6666666666666666,0
34308992,720000.0,161.0,4472.0,3,3,Lavadores,Canidelo,,41.1238877,-8.6665362,3,newdevelopment,True,True,52,True,https://www.idealista.pt/empreendimento/34308992/,2,5.466556566541271,40.25,719992.0,0.75,0
34513988,609100.0,163.0,3737.0,2,2,Valbom,São Cosme - Valbom - Jovim,,41.1406638,-8.5691091,1,newdevelopment,True,True,27,True,https://www.idealista.pt/empreendimento/34513988/,4,3.6376964478187523,54.333333333333336,609131.0,0.6666666666666666,0
34308968,720000.0,161.0,4472.0,3,3,Lavadores,Canidelo,,41.1238877,-8.6665362,4,newdevelopment,True,True,52,True,https://www.idealista.pt/empreendimento/34308968/,2,5.466556566541271,40.25,719992.0,0.75,0
34513963,613800.0,158.0,3885.0,2,2,Valbom,São Cosme - Valbom - Jovim,,41.1406638,-8.5691091,1,newdevelopment,True,True,27,True,https://www.idealista.pt/empreendimento/34513963/,4,3.6376964478187523,52.666666666666664,613830.0,0.6666666666666666,0
34628904,550000.0,76.0,7237.0,1,1,Boavista,Cedofeita - Santo Ildefonso - Sé - Miragaia - São Nicolau - Vitória,Júlio Dinis - Hospital Militar,41.1556981,-8.6252634,2,newdevelopment,True,True,26,True,https://www.idealista.pt/empreendimento/34628904/,1,1.3805742921667776,38.0,550012.0,0.5,1
34628905,550000.0,83.0,6627.0,1,1,Boavista,Cedofeita - Santo Ildefonso - Sé - Miragaia - São Nicolau - Vitória,Júlio Dinis - Hospital Militar,41.1556981,-8.6252634,2,newdevelopment,True,True,26,True,https://www.idealista.pt/empreendimento/34628905/,1,1.3805742921667776,41.5,550041.0,0.5,1
34628874,500000.0,86.0,5814.0,1,2,Boavista,Cedofeita - Santo Ildefonso - Sé - Miragaia - São Nicolau - Vitória,Júlio Dinis - Hospital Militar,41.1556981,-8.6252634,2,newdevelopment,True,True,26,True,https://www.idealista.pt/empreendimento/34628874/,1,1.3805742921667776,43.0,500004.0,1.0,1
34628852,450000.0,61.0,7377.0,1,2,Boavista,Cedofeita - Santo Ildefonso - Sé - Miragaia - São Nicolau - Vitória,Júlio Dinis - Hospital Militar,41.1556981,-8.6252634,4,newdevelopment,True,True,26,True,https://www.idealista.pt/empreendimento/34628852/,1,1.3805742921667776,30.5,449997.0,1.0,1
34628828,500000.0,79.0,6329.0,1,2,Boavista,Cedofeita - Santo Ildefonso - Sé - Miragaia - São Nicolau - Vitória,Júlio Dinis - Hospital Militar,41.1556981,-8.6252634,2,newdevelopment,True,True,26,True,https://www.idealista.pt/empreendimento/34628828/,1,1.3805742921667776,39.5,499991.0,1.0,1
34628827,500000.0,74.0,6757.0,1,1,Boavista,Cedofeita - Santo Ildefonso - Sé - Miragaia - São Nicolau - Vitória,Júlio Dinis - Hospital Militar,41.1556981,-8.6252634,3,newdevelopment,True,True,26,True,https://www.idealista.pt/empreendimento/34628827/,1,1.3805742921667776,37.0,500018.0,0.5,1
34628821,450000.0,64.0,7031.0,1,2,Boavista,Cedofeita - Santo Ildefonso - Sé - Miragaia - São Nicolau - Vitória,Júlio Dinis - Hospital Militar,41.1556981,-8.6252634,3,newdevelopment,True,True,26,True,https://www.idealista.pt/empreendimento/34628821/,1,1.3805742921667776,32.0,449984.0,1.0,1
34628808,450000.0,65.0,6923.0,1,2,Boavista,Cedofeita - Santo Ildefonso - Sé - Miragaia - São Nicolau - Vitória,Júlio Dinis - Hospital Militar,41.1556981,-8.6252634,4,newdevelopment,True,True,26,True,https://www.idealista.pt/empreendimento/34628808/,1,1.3805742921667776,32.5,449995.0,1.0,1
34701596,239400.0,48.0,4988.0,0,1,Camões - Gonçalo Cristóvão - Faria Guimarães,Cedofeita - Santo Ildefonso - Sé - Miragaia - São Nicolau - Vitória,,41.1538928,-8.6062855,5,newdevelopment,True,True,28,False,https://www.idealista.pt/empreendimento/34701596/,6,0.6141022945212857,48.0,239424.0,1.0,1
34701577,470500.0,121.0,3888.0,1,1,Camões - Gonçalo Cristóvão - Faria Guimarães,Cedofeita - Santo Ildefonso - Sé - Miragaia - São Nicolau - Vitória,,41.1538928,-8.6062855,5,newdevelopment,True,True,28,False,https://www.idealista.pt/empreendimento/34701577/,6,0.6141022945212857,60.5,470448.0,0.5,1
34701527,505400.0,146.0,3462.0,1,1,Camões - Gonçalo Cristóvão - Faria Guimarães,Cedofeita - Santo Ildefonso - Sé - Miragaia - São Nicolau - Vitória,,41.1538928,-8.6062855,5,newdevelopment,True,True,28,False,https://www.idealista.pt/empreendimento/34701527/,6,0.6141022945212857,73.0,505452.0,0.5,1
34701523,324000.0,78.0,4154.0,1,1,Camões - Gonçalo Cristóvão - Faria Guimarães,Cedofeita - Santo Ildefonso - Sé - Miragaia - São Nicolau - Vitória,,41.1538928,-8.6062855,2,newdevelopment,True,True,28,False,https://www.idealista.pt/empreendimento/34701523/,6,0.6141022945212857,39.0,324012.0,0.5,1
34701522,349990.0,121.0,2892.0,1,1,Camões - Gonçalo Cristóvão - Faria Guimarães,Cedofeita - Santo Ildefonso - Sé - Miragaia - São Nicolau - Vitória,,41.1538928,-8.6062855,st,newdevelopment,True,True,28,False,https://www.idealista.pt/empreendimento/34701522/,6,0.6141022945212857,60.5,349932.0,0.5,1
34701515,399500.0,106.0,3769.0,1,1,Camões - Gonçalo Cristóvão - Faria Guimarães,Cedofeita - Santo Ildefonso - Sé - Miragaia - São Nicolau - Vitória,,41.1538928,-8.6062855,4,newdevelopment,True,True,28,False,https://www.idealista.pt/empreendimento/34701515/,6,0.6141022945212857,53.0,399514.0,0.5,1
34687081,249000.0,105.0,2371.0,2,1,Vilar do Paraíso - Junqueira - São Caetano,Mafamude e Vilar do Paraíso,,41.1073931,-8.619925,6,good,False,True,22,True,https://www.idealista.pt/imovel/34687081/,7,4.753676925498712,35.0,248955.0,0.3333333333333333,0
34720940,300000.0,121.0,2479.0,2,1,São Caetano - Soutelo - Areias,Rio Tinto,,41.1669708,-8.5527867,2,good,False,True,22,True,https://www.idealista.pt/imovel/34720940/,3,5.234535302958669,40.333333333333336,299959.0,0.3333333333333333,0
34486883,1226200.0,337.0,3639.0,4,5,Valbom,São Cosme - Valbom - Jovim,,41.1406638,-8.5691091,bj,,True,True,46,True,https://www.idealista.pt/empreendimento/34486883/,4,3.6376964478187523,67.4,1226343.0,1.0,0
34718540,310000.0,82.0,3780.0,1,1,Covelo - Monte de São João,Paranhos,,41.1640667,-8.6063503,4,good,False,True,23,True,https://www.idealista.pt/imovel/34718540/,6,1.653104682253218,41.0,309960.0,0.5,1
34487144,719000.0,170.0,4229.0,3,3,Valbom,São Cosme - Valbom - Jovim,,41.1406638,-8.5691091,bj,newdevelopment,True,True,45,True,https://www.idealista.pt/empreendimento/34487144/,4,3.6376964478187523,42.5,718930.0,0.75,0
31229133,630000.0,195.0,3231.0,3,3,Sampaio-Alumiara-Verdinho,Canidelo,,41.1399769,-8.6547078,1,good,False,True,30,False,https://www.idealista.pt/imovel/31229133/,2,3.821138359274339,48.75,630045.0,0.75,0
34487121,1047000.0,300.0,3490.0,4,4,Valbom,São Cosme - Valbom - Jovim,,41.1406638,-8.5691091,1,newdevelopment,True,True,47,True,https://www.idealista.pt/empreendimento/34487121/,4,3.6376964478187523,60.0,1047000.0,0.8,0
34636077,723600.0,142.0,5096.0,3,4,Valbom,São Cosme - Valbom - Jovim,,41.1406638,-8.5691091,,,True,True,30,True,https://www.idealista.pt/empreendimento/34636077/,4,3.6376964478187523,35.5,723632.0,1.0,0
34721892,268000.0,72.0,3722.0,1,1,Coimbrões,Santa Marinha e São Pedro da Afurada,,41.1257511,-8.6282768,bj,good,False,True,19,False,https://www.idealista.pt/imovel/34721892/,7,3.02491027548719,36.0,267984.0,0.5,0
34721882,340000.0,88.0,3864.0,1,1,Sampaio-Alumiara-Verdinho,Canidelo,,41.1365275,-8.6511108,3,good,False,True,16,False,https://www.idealista.pt/imovel/34721882/,2,3.6675116346366794,44.0,340032.0,0.5,0
34721875,321500.0,86.0,3738.0,2,2,Soares dos Reis - Rasa de Cima,Mafamude e Vilar do Paraíso,,41.1224127,-8.6087052,6,good,False,True,19,False,https://www.idealista.pt/imovel/34721875/,7,3.0286724877534383,28.666666666666668,321468.0,0.6666666666666666,0
34721304,269000.0,107.0,2514.0,2,2,Paniceiro-Viso-Meiral,Canidelo,,41.1232511,-8.6507922,bj,good,False,True,18,False,https://www.idealista.pt/imovel/34721304/,2,4.443547208643795,35.666666666666664,268998.0,0.6666666666666666,0
34301297,395000.0,69.0,5725.0,1,1,Campo 24 de Agosto,Bonfim,,41.151298,-8.5977405,13,newdevelopment,True,True,33,True,https://www.idealista.pt/empreendimento/34301297/,6,1.1178792494895093,34.5,395025.0,0.5,1
34487184,613800.0,157.0,3910.0,2,3,Valbom,São Cosme - Valbom - Jovim,,41.1406638,-8.5691091,1,newdevelopment,True,True,44,False,https://www.idealista.pt/empreendimento/34487184/,4,3.6376964478187523,52.333333333333336,613870.0,1.0,0
33235958,485000.0,117.0,4145.0,3,3,Prelada - Monte dos Burgos,Ramalde,Requesende,41.1734953,-8.6373661,8,newdevelopment,True,True,40,False,https://www.idealista.pt/empreendimento/33235958/,5,3.459571123376972,29.25,484965.0,0.75,0
33235957,451000.0,117.0,3855.0,3,3,Prelada - Monte dos Burgos,Ramalde,Requesende,41.1734953,-8.6373661,6,newdevelopment,True,True,40,False,https://www.idealista.pt/empreendimento/33235957/,5,3.459571123376972,29.25,451035.0,0.75,0
33235956,446000.0,117.0,3812.0,3,3,Prelada - Monte dos Burgos,Ramalde,Requesende,41.1734953,-8.6373661,4,newdevelopment,True,True,40,False,https://www.idealista.pt/empreendimento/33235956/,5,3.459571123376972,29.25,446004.0,0.75,0
33235932,441000.0,117.0,3769.0,3,3,Prelada - Monte dos Burgos,Ramalde,Requesende,41.1734953,-8.6373661,2,newdevelopment,True,True,40,False,https://www.idealista.pt/empreendimento/33235932/,5,3.459571123376972,29.25,440973.0,0.75,0
33235931,551000.0,145.0,3800.0,3,3,Prelada - Monte dos Burgos,Ramalde,Requesende,41.1734953,-8.6373661,6,newdevelopment,True,True,37,False,https://www.idealista.pt/empreendimento/33235931/,5,3.459571123376972,36.25,551000.0,0.75,0
33235911,395000.0,98.0,4031.0,2,2,Prelada - Monte dos Burgos,Ramalde,Requesende,41.1734953,-8.6373661,7,newdevelopment,True,True,42,False,https://www.idealista.pt/empreendimento/33235911/,5,3.459571123376972,32.666666666666664,395038.0,0.6666666666666666,0
33235904,399000.0,98.0,4071.0,2,2,Prelada - Monte dos Burgos,Ramalde,Requesende,41.1734953,-8.6373661,8,newdevelopment,True,True,44,False,https://www.idealista.pt/empreendimento/33235904/,5,3.459571123376972,32.666666666666664,398958.0,0.6666666666666666,0
33235884,450000.0,98.0,4592.0,2,2,Prelada - Monte dos Burgos,Ramalde,Requesende,41.1734953,-8.6373661,9,newdevelopment,True,True,42,False,https://www.idealista.pt/empreendimento/33235884/,5,3.459571123376972,32.666666666666664,450016.0,0.6666666666666666,0
33235885,425000.0,117.0,3632.0,2,2,Prelada - Monte dos Burgos,Ramalde,Requesende,41.1734953,-8.6373661,8,newdevelopment,True,True,43,False,https://www.idealista.pt/empreendimento/33235885/,5,3.459571123376972,39.0,424944.0,0.6666666666666666,0
33235879,406000.0,98.0,4143.0,2,2,Prelada - Monte dos Burgos,Ramalde,Requesende,41.1734953,-8.6373661,5,newdevelopment,True,True,37,False,https://www.idealista.pt/empreendimento/33235879/,5,3.459571123376972,32.666666666666664,406014.0,0.6666666666666666,0
33235878,410000.0,100.0,4100.0,2,2,Prelada - Monte dos Burgos,Ramalde,Requesende,41.1734953,-8.6373661,5,newdevelopment,True,True,42,False,https://www.idealista.pt/empreendimento/33235878/,5,3.459571123376972,33.333333333333336,410000.0,0.6666666666666666,0
34720763,650000.0,89.0,7303.0,4,4,Centro Histórico,Cedofeita - Santo Ildefonso - Sé - Miragaia - São Nicolau - Vitória,Vitória - Clérigos,41.145589,-8.6138544,2,good,False,False,50,False,https://www.idealista.pt/imovel/34720763/,1,0.5100135852021576,17.8,649967.0,0.8,1
34486755,609100.0,121.0,5034.0,2,3,Valbom,São Cosme - Valbom - Jovim,,41.1406638,-8.5691091,,newdevelopment,True,True,44,False,https://www.idealista.pt/empreendimento/34486755/,4,3.6376964478187523,40.333333333333336,609114.0,1.0,0
34718731,275000.0,124.0,2218.0,0,1,Campo 24 de Agosto,Bonfim,,41.1496249,-8.5962376,1,good,False,False,57,False,https://www.idealista.pt/imovel/34718731/,6,1.2276726790140877,124.0,275032.0,1.0,1
33232728,283000.0,59.0,4797.0,1,1,Prelada - Monte dos Burgos,Ramalde,Requesende,41.1734953,-8.6373661,7,newdevelopment,True,True,38,False,https://www.idealista.pt/empreendimento/33232728/,5,3.459571123376972,29.5,283023.0,0.5,0
33232712,285000.0,69.0,4130.0,1,1,Prelada - Monte dos Burgos,Ramalde,Requesende,41.1734953,-8.6373661,7,newdevelopment,True,True,40,False,https://www.idealista.pt/empreendimento/33232712/,5,3.459571123376972,34.5,284970.0,0.5,0
33232708,280000.0,59.0,4746.0,1,1,Prelada - Monte dos Burgos,Ramalde,Requesende,41.1734953,-8.6373661,6,newdevelopment,True,True,38,False,https://www.idealista.pt/empreendimento/33232708/,5,3.459571123376972,29.5,280014.0,0.5,0
33517632,610000.0,147.0,4150.0,3,3,Prelada - Monte dos Burgos,Ramalde,Requesende,41.1734953,-8.6373661,9,newdevelopment,True,True,36,False,https://www.idealista.pt/empreendimento/33517632/,5,3.459571123376972,36.75,610050.0,0.75,0
34720568,425000.0,168.0,2530.0,4,2,Hospital São João - Pólo Universitário,Paranhos,,41.1816553,-8.6112916,,good,False,,31,False,https://www.idealista.pt/imovel/34720568/,5,3.5645374628521953,33.6,425040.0,0.4,0
33517493,436000.0,98.0,4449.0,2,2,Prelada - Monte dos Burgos,Ramalde,Requesende,41.1734953,-8.6373661,9,newdevelopment,True,True,43,False,https://www.idealista.pt/empreendimento/33517493/,5,3.459571123376972,32.666666666666664,436002.0,0.6666666666666666,0
34119386,345000.0,96.0,3594.0,2,2,Padrão da Légua - Av. Xanana Gusmão,Custóias - Leça do Balio - Guifões,,41.191013,-8.6333514,2,newdevelopment,True,True,20,True,https://www.idealista.pt/empreendimento/34119386/,5,4.973610053144598,32.0,345024.0,0.6666666666666666,0
34119377,345000.0,96.0,3594.0,2,2,Padrão da Légua - Av. Xanana Gusmão,Custóias - Leça do Balio - Guifões,,41.191013,-8.6333514,3,newdevelopment,True,True,20,True,https://www.idealista.pt/empreendimento/34119377/,5,4.973610053144598,32.0,345024.0,0.6666666666666666,0
34605252,610000.0,144.0,4236.0,3,3,Campo 24 de Agosto,Bonfim,,41.1514971,-8.5976711,6,newdevelopment,True,True,33,True,https://www.idealista.pt/empreendimento/34605252/,6,1.1275366834276188,36.0,609984.0,0.75,1
34605233,605000.0,103.0,5874.0,2,2,Campo 24 de Agosto,Bonfim,,41.1514971,-8.5976711,21,newdevelopment,True,True,33,True,https://www.idealista.pt/empreendimento/34605233/,6,1.1275366834276188,34.333333333333336,605022.0,0.6666666666666666,1
34605226,360000.0,62.0,5806.0,1,1,Campo 24 de Agosto,Bonfim,,41.1514971,-8.5976711,11,newdevelopment,True,True,33,True,https://www.idealista.pt/empreendimento/34605226/,6,1.1275366834276188,31.0,359972.0,0.5,1
34605219,377500.0,71.0,5317.0,1,1,Campo 24 de Agosto,Bonfim,,41.1514971,-8.5976711,4,newdevelopment,True,True,33,True,https://www.idealista.pt/empreendimento/34605219/,6,1.1275366834276188,35.5,377507.0,0.5,1
34605213,425000.0,78.0,5449.0,2,1,Campo 24 de Agosto,Bonfim,,41.1514971,-8.5976711,7,newdevelopment,True,True,33,True,https://www.idealista.pt/empreendimento/34605213/,6,1.1275366834276188,26.0,425022.0,0.3333333333333333,1
34605211,420000.0,78.0,5385.0,2,1,Campo 24 de Agosto,Bonfim,,41.1514971,-8.5976711,6,newdevelopment,True,True,33,True,https://www.idealista.pt/empreendimento/34605211/,6,1.1275366834276188,26.0,420030.0,0.3333333333333333,1
34605209,243000.0,36.0,6750.0,0,1,Campo 24 de Agosto,Bonfim,,41.1514971,-8.5976711,11,newdevelopment,True,True,33,True,https://www.idealista.pt/empreendimento/34605209/,6,1.1275366834276188,36.0,243000.0,1.0,1
34605187,600000.0,103.0,5825.0,2,2,Campo 24 de Agosto,Bonfim,,41.1514971,-8.5976711,19,newdevelopment,True,True,33,True,https://www.idealista.pt/empreendimento/34605187/,6,1.1275366834276188,34.333333333333336,599975.0,0.6666666666666666,1
34605182,325000.0,53.0,6132.0,0,1,Campo 24 de Agosto,Bonfim,,41.1514971,-8.5976711,10,newdevelopment,True,True,33,True,https://www.idealista.pt/empreendimento/34605182/,6,1.1275366834276188,53.0,324996.0,1.0,1
34605184,352500.0,52.0,6779.0,1,1,Campo 24 de Agosto,Bonfim,,41.1514971,-8.5976711,15,newdevelopment,True,True,33,True,https://www.idealista.pt/empreendimento/34605184/,6,1.1275366834276188,26.0,352508.0,0.5,1
34605178,345000.0,67.0,5149.0,1,1,Campo 24 de Agosto,Bonfim,,41.1514971,-8.5976711,6,newdevelopment,True,True,34,True,https://www.idealista.pt/empreendimento/34605178/,6,1.1275366834276188,33.5,344983.0,0.5,1
34209165,281000.0,59.0,4763.0,1,1,Prelada - Monte dos Burgos,Ramalde,Requesende,41.1734953,-8.6373661,7,newdevelopment,True,True,42,False,https://www.idealista.pt/empreendimento/34209165/,5,3.459571123376972,29.5,281017.0,0.5,0
34209140,277000.0,59.0,4695.0,1,1,Prelada - Monte dos Burgos,Ramalde,Requesende,41.1734953,-8.6373661,6,newdevelopment,True,True,42,False,https://www.idealista.pt/empreendimento/34209140/,5,3.459571123376972,29.5,277005.0,0.5,0
33991125,345000.0,97.0,3557.0,2,2,Padrão da Légua - Av. Xanana Gusmão,Custóias - Leça do Balio - Guifões,,41.191013,-8.6333514,3,newdevelopment,True,True,20,True,https://www.idealista.pt/empreendimento/33991125/,5,4.973610053144598,32.333333333333336,345029.0,0.6666666666666666,0
34547065,652000.0,125.0,5216.0,2,3,Valbom,São Cosme - Valbom - Jovim,,41.1406638,-8.5691091,,newdevelopment,True,True,25,False,https://www.idealista.pt/empreendimento/34547065/,4,3.6376964478187523,41.666666666666664,652000.0,1.0,0
34547061,640716.0,119.0,5384.0,2,3,Valbom,São Cosme - Valbom - Jovim,,41.1406638,-8.5691091,,newdevelopment,True,True,44,False,https://www.idealista.pt/empreendimento/34547061/,4,3.6376964478187523,39.666666666666664,640696.0,1.0,0
34547054,657700.0,121.0,5436.0,2,3,Valbom,São Cosme - Valbom - Jovim,,41.1406638,-8.5691091,,newdevelopment,True,True,45,False,https://www.idealista.pt/empreendimento/34547054/,4,3.6376964478187523,40.333333333333336,657756.0,1.0,0
34547036,630000.0,119.0,5294.0,2,3,Valbom,São Cosme - Valbom - Jovim,,41.1406638,-8.5691091,,newdevelopment,True,True,44,False,https://www.idealista.pt/empreendimento/34547036/,4,3.6376964478187523,39.666666666666664,629986.0,1.0,0
34296995,347500.0,52.0,6683.0,1,1,Campo 24 de Agosto,Bonfim,,41.151298,-8.5977405,13,newdevelopment,True,True,32,False,https://www.idealista.pt/empreendimento/34296995/,6,1.1178792494895093,26.0,347516.0,0.5,1
33235990,451000.0,117.0,3855.0,3,3,Prelada - Monte dos Burgos,Ramalde,Requesende,41.1734953,-8.6373661,4,newdevelopment,True,True,40,False,https://www.idealista.pt/empreendimento/33235990/,5,3.459571123376972,29.25,451035.0,0.75,0
34546986,630400.0,120.0,5253.0,2,3,Valbom,São Cosme - Valbom - Jovim,,41.1406638,-8.5691091,,newdevelopment,True,True,44,False,https://www.idealista.pt/empreendimento/34546986/,4,3.6376964478187523,40.0,630360.0,1.0,0
33235981,456000.0,117.0,3897.0,3,3,Prelada - Monte dos Burgos,Ramalde,Requesende,41.1734953,-8.6373661,6,newdevelopment,True,True,40,False,https://www.idealista.pt/empreendimento/33235981/,5,3.459571123376972,29.25,455949.0,0.75,0
33251512,235000.0,71.0,3310.0,2,1,Bessa - Foco,Ramalde,,41.16084,-8.640875,6,good,False,True,25,False,https://www.idealista.pt/imovel/33251512/,1,2.8035681529153758,23.666666666666668,235010.0,0.3333333333333333,1
34496224,1050000.0,135.0,7778.0,2,3,Miragaia - Virtudes,Cedofeita - Santo Ildefonso - Sé - Miragaia - São Nicolau - Vitória,,41.1456708,-8.6214294,1,newdevelopment,True,True,22,True,https://www.idealista.pt/empreendimento/34496224/,1,0.9839631885733442,45.0,1050030.0,1.0,1
34496211,980000.0,124.0,7903.0,2,3,Miragaia - Virtudes,Cedofeita - Santo Ildefonso - Sé - Miragaia - São Nicolau - Vitória,,41.1456708,-8.6214294,,newdevelopment,True,True,18,True,https://www.idealista.pt/empreendimento/34496211/,1,0.9839631885733442,41.333333333333336,979972.0,1.0,1
34183137,292500.0,166.0,1762.0,3,2,São Lourenço - Balteiro - Lijó,Vilar de Andorinho,,41.0936842,-8.5763071,1,good,False,True,17,False,https://www.idealista.pt/imovel/34183137/,4,6.859624222619625,41.5,292492.0,0.5,0
34586052,220000.0,49.0,4490.0,0,1,Marquês,Cedofeita - Santo Ildefonso - Sé - Miragaia - São Nicolau - Vitória,,41.1606133,-8.6078183,1,newdevelopment,True,True,84,True,https://www.idealista.pt/empreendimento/34586052/,6,1.2515066819471123,49.0,220010.0,1.0,1
33202042,800000.0,236.0,3390.0,4,5,Parque Oriental - Azevedo,Campanhã,,41.152462,-8.5681293,,good,False,,73,False,https://www.idealista.pt/imovel/33202042/,4,3.5951874308168925,47.2,800040.0,1.0,0
34586016,215000.0,38.0,5658.0,0,1,Marquês,Cedofeita - Santo Ildefonso - Sé - Miragaia - São Nicolau - Vitória,,41.1606133,-8.6078183,2,newdevelopment,True,True,84,True,https://www.idealista.pt/empreendimento/34586016/,6,1.2515066819471123,38.0,215004.0,1.0,1
34513934,495000.0,237.0,2089.0,3,3,Igreja do Bonfim - Lomba,Bonfim,,41.1556899,-8.5903838,bj,newdevelopment,True,True,23,False,https://www.idealista.pt/empreendimento/34513934/,6,1.8463823562780766,59.25,495093.0,0.75,1
34513906,445000.0,176.0,2528.0,3,2,Igreja do Bonfim - Lomba,Bonfim,,41.1556899,-8.5903838,2,newdevelopment,True,True,23,False,https://www.idealista.pt/empreendimento/34513906/,6,1.8463823562780766,44.0,444928.0,0.5,1
34513901,475000.0,263.0,1806.0,3,2,Igreja do Bonfim - Lomba,Bonfim,,41.1556899,-8.5903838,bj,newdevelopment,True,True,23,False,https://www.idealista.pt/empreendimento/34513901/,6,1.8463823562780766,65.75,474978.0,0.5,1
34513900,475000.0,158.0,3006.0,3,3,Igreja do Bonfim - Lomba,Bonfim,,41.1556899,-8.5903838,bj,newdevelopment,True,True,23,False,https://www.idealista.pt/empreendimento/34513900/,6,1.8463823562780766,39.5,474948.0,0.75,1
34513855,385000.0,112.0,3438.0,3,3,Igreja do Bonfim - Lomba,Bonfim,,41.1556899,-8.5903838,2,newdevelopment,True,True,23,False,https://www.idealista.pt/empreendimento/34513855/,6,1.8463823562780766,28.0,385056.0,0.75,1
34605778,500000.0,62.0,8065.0,1,2,Boavista,Cedofeita - Santo Ildefonso - Sé - Miragaia - São Nicolau - Vitória,Júlio Dinis - Hospital Militar,41.1565741,-8.6249975,,newdevelopment,True,True,39,True,https://www.idealista.pt/empreendimento/34605778/,1,1.4122691876856936,31.0,500030.0,1.0,1
34333767,450000.0,210.0,2143.0,2,3,Soares dos Reis - Rasa de Cima,Mafamude e Vilar do Paraíso,,41.1240473,-8.6137435,,good,False,,24,False,https://www.idealista.pt/imovel/34333767/,7,2.8512919082451558,70.0,450030.0,1.0,1
34713691,278000.0,116.0,2397.0,2,2,Seara - Freixieiro,Oliveira do Douro,,41.1123971,-8.5770422,3,good,False,True,12,False,https://www.idealista.pt/imovel/34713691/,4,5.01537847462998,38.666666666666664,278052.0,0.6666666666666666,0
34496245,1800000.0,250.0,7200.0,3,4,Miragaia - Virtudes,Cedofeita - Santo Ildefonso - Sé - Miragaia - São Nicolau - Vitória,,41.1456708,-8.6214294,,newdevelopment,True,True,22,True,https://www.idealista.pt/empreendimento/34496245/,1,0.9839631885733442,62.5,1800000.0,1.0,1
34549211,830000.0,123.0,6748.0,2,2,Centro Histórico,Santa Marinha e São Pedro da Afurada,,41.1364988,-8.6210129,3,newdevelopment,True,True,75,True,https://www.idealista.pt/empreendimento/34549211/,7,1.6850362728261348,41.0,830004.0,0.6666666666666666,1
34676955,635000.0,132.0,4811.0,3,3,Antas - Estádio do Dragão,Campanhã,,41.158902,-8.5915304,8,newdevelopment,True,True,42,True,https://www.idealista.pt/empreendimento/34676955/,6,1.9234629442359152,33.0,635052.0,0.75,1
34701921,564000.0,131.0,4305.0,3,3,Antas - Estádio do Dragão,Campanhã,,41.158902,-8.5915304,5,newdevelopment,True,True,42,True,https://www.idealista.pt/empreendimento/34701921/,6,1.9234629442359152,32.75,563955.0,0.75,1
34715699,225000.0,40.0,5625.0,1,1,Areosa,Rio Tinto,,41.1838876,-8.5814058,2,newdevelopment,True,True,12,False,https://www.idealista.pt/empreendimento/34715699/,3,4.54217223844504,20.0,225000.0,0.5,0
34715700,230000.0,43.0,5349.0,1,1,Areosa,Rio Tinto,,41.1838876,-8.5814058,2,newdevelopment,True,True,12,False,https://www.idealista.pt/empreendimento/34715700/,3,4.54217223844504,21.5,230007.0,0.5,0
34715692,220000.0,38.0,5789.0,1,1,Areosa,Rio Tinto,,41.1838876,-8.5814058,1,newdevelopment,True,True,12,False,https://www.idealista.pt/empreendimento/34715692/,3,4.54217223844504,19.0,219982.0,0.5,0
34715691,210000.0,48.0,4375.0,1,1,Areosa,Rio Tinto,,41.1838876,-8.5814058,bj,newdevelopment,True,True,12,False,https://www.idealista.pt/empreendimento/34715691/,3,4.54217223844504,24.0,210000.0,0.5,0
34715680,250000.0,79.0,3165.0,1,1,Areosa,Rio Tinto,,41.1838876,-8.5814058,3,newdevelopment,True,True,12,False,https://www.idealista.pt/empreendimento/34715680/,3,4.54217223844504,39.5,250035.0,0.5,0
34715658,225000.0,43.0,5233.0,1,1,Areosa,Rio Tinto,,41.1838876,-8.5814058,1,newdevelopment,True,True,12,False,https://www.idealista.pt/empreendimento/34715658/,3,4.54217223844504,21.5,225019.0,0.5,0
34699400,647000.0,196.0,3301.0,3,3,Antas - Estádio do Dragão,Campanhã,,41.158902,-8.5915304,ss,newdevelopment,True,True,42,True,https://www.idealista.pt/empreendimento/34699400/,6,1.9234629442359152,49.0,646996.0,0.75,1
34699381,647000.0,148.0,4372.0,3,3,Antas - Estádio do Dragão,Campanhã,,41.158902,-8.5915304,4,newdevelopment,True,True,42,True,https://www.idealista.pt/empreendimento/34699381/,6,1.9234629442359152,37.0,647056.0,0.75,1
34699376,564000.0,115.0,4904.0,3,3,Antas - Estádio do Dragão,Campanhã,,41.158902,-8.5915304,7,newdevelopment,True,True,42,True,https://www.idealista.pt/empreendimento/34699376/,6,1.9234629442359152,28.75,563960.0,0.75,1
34699373,557000.0,131.0,4252.0,3,3,Antas - Estádio do Dragão,Campanhã,,41.158902,-8.5915304,4,newdevelopment,True,True,42,True,https://www.idealista.pt/empreendimento/34699373/,6,1.9234629442359152,32.75,557012.0,0.75,1
34699367,571000.0,131.0,4359.0,3,3,Antas - Estádio do Dragão,Campanhã,,41.158902,-8.5915304,6,newdevelopment,True,True,42,True,https://www.idealista.pt/empreendimento/34699367/,6,1.9234629442359152,32.75,571029.0,0.75,1
34699370,549000.0,108.0,5083.0,3,3,Antas - Estádio do Dragão,Campanhã,,41.158902,-8.5915304,7,,True,True,42,True,https://www.idealista.pt/empreendimento/34699370/,6,1.9234629442359152,27.0,548964.0,0.75,1
34699363,569000.0,116.0,4905.0,3,3,Antas - Estádio do Dragão,Campanhã,,41.158902,-8.5915304,7,newdevelopment,True,True,42,True,https://www.idealista.pt/empreendimento/34699363/,6,1.9234629442359152,29.0,568980.0,0.75,1
34699349,531000.0,158.0,3361.0,2,2,Antas - Estádio do Dragão,Campanhã,,41.158902,-8.5915304,st,newdevelopment,True,True,42,True,https://www.idealista.pt/empreendimento/34699349/,6,1.9234629442359152,52.666666666666664,531038.0,0.6666666666666666,1
34699340,481000.0,115.0,4183.0,2,2,Antas - Estádio do Dragão,Campanhã,,41.158902,-8.5915304,4,newdevelopment,True,True,42,True,https://www.idealista.pt/empreendimento/34699340/,6,1.9234629442359152,38.333333333333336,481045.0,0.6666666666666666,1
34699335,528000.0,116.0,4552.0,3,3,Antas - Estádio do Dragão,Campanhã,,41.158902,-8.5915304,3,newdevelopment,True,True,42,True,https://www.idealista.pt/empreendimento/34699335/,6,1.9234629442359152,29.0,528032.0,0.75,1
34699334,518000.0,155.0,3342.0,2,2,Antas - Estádio do Dragão,Campanhã,,41.158902,-8.5915304,st,newdevelopment,True,True,42,True,https://www.idealista.pt/empreendimento/34699334/,6,1.9234629442359152,51.666666666666664,518010.0,0.6666666666666666,1
34699333,509000.0,109.0,4670.0,3,3,Antas - Estádio do Dragão,Campanhã,,41.158902,-8.5915304,1,newdevelopment,True,True,42,True,https://www.idealista.pt/empreendimento/34699333/,6,1.9234629442359152,27.25,509030.0,0.75,1
34699328,572000.0,128.0,4469.0,3,3,Antas - Estádio do Dragão,Campanhã,,41.158902,-8.5915304,6,newdevelopment,True,True,42,True,https://www.idealista.pt/empreendimento/34699328/,6,1.9234629442359152,32.0,572032.0,0.75,1
34699327,570000.0,212.0,2689.0,3,3,Antas - Estádio do Dragão,Campanhã,,41.158902,-8.5915304,ss,newdevelopment,True,True,42,True,https://www.idealista.pt/empreendimento/34699327/,6,1.9234629442359152,53.0,570068.0,0.75,1
34699318,533000.0,116.0,4595.0,3,3,Antas - Estádio do Dragão,Campanhã,,41.158902,-8.5915304,3,newdevelopment,True,True,42,True,https://www.idealista.pt/empreendimento/34699318/,6,1.9234629442359152,29.0,533020.0,0.75,1
34699316,481000.0,144.0,3340.0,2,2,Antas - Estádio do Dragão,Campanhã,,41.158902,-8.5915304,st,newdevelopment,True,True,42,True,https://www.idealista.pt/empreendimento/34699316/,6,1.9234629442359152,48.0,480960.0,0.6666666666666666,1
34699314,457000.0,114.0,4009.0,2,2,Antas - Estádio do Dragão,Campanhã,,41.158902,-8.5915304,5,newdevelopment,True,True,42,True,https://www.idealista.pt/empreendimento/34699314/,6,1.9234629442359152,38.0,457026.0,0.6666666666666666,1
34699311,446000.0,112.0,3982.0,2,2,Antas - Estádio do Dragão,Campanhã,,41.158902,-8.5915304,4,newdevelopment,True,True,42,True,https://www.idealista.pt/empreendimento/34699311/,6,1.9234629442359152,37.333333333333336,445984.0,0.6666666666666666,1
34699307,474000.0,182.0,2604.0,2,2,Antas - Estádio do Dragão,Campanhã,,41.158902,-8.5915304,ss,newdevelopment,True,True,42,True,https://www.idealista.pt/empreendimento/34699307/,6,1.9234629442359152,60.666666666666664,473928.0,0.6666666666666666,1
34699306,466000.0,178.0,2618.0,2,2,Antas - Estádio do Dragão,Campanhã,,41.158902,-8.5915304,ss,newdevelopment,True,True,42,True,https://www.idealista.pt/empreendimento/34699306/,6,1.9234629442359152,59.333333333333336,466004.0,0.6666666666666666,1
34699305,464000.0,110.0,4218.0,2,2,Antas - Estádio do Dragão,Campanhã,,41.158902,-8.5915304,6,newdevelopment,True,True,42,True,https://www.idealista.pt/empreendimento/34699305/,6,1.9234629442359152,36.666666666666664,463980.0,0.6666666666666666,1
34699303,456000.0,100.0,4560.0,2,2,Antas - Estádio do Dragão,Campanhã,,41.158902,-8.5915304,3,newdevelopment,True,True,42,True,https://www.idealista.pt/empreendimento/34699303/,6,1.9234629442359152,33.333333333333336,456000.0,0.6666666666666666,1
34699302,451000.0,112.0,4027.0,2,2,Antas - Estádio do Dragão,Campanhã,,41.158902,-8.5915304,5,newdevelopment,True,True,42,True,https://www.idealista.pt/empreendimento/34699302/,6,1.9234629442359152,37.333333333333336,451024.0,0.6666666666666666,1
34699288,436000.0,98.0,4449.0,2,2,Antas - Estádio do Dragão,Campanhã,,41.158902,-8.5915304,5,newdevelopment,True,True,42,True,https://www.idealista.pt/empreendimento/34699288/,6,1.9234629442359152,32.666666666666664,436002.0,0.6666666666666666,1
34699286,433000.0,110.0,3936.0,2,2,Antas - Estádio do Dragão,Campanhã,,41.158902,-8.5915304,3,newdevelopment,True,True,42,True,https://www.idealista.pt/empreendimento/34699286/,6,1.9234629442359152,36.666666666666664,432960.0,0.6666666666666666,1
34699285,424000.0,93.0,4559.0,2,2,Antas - Estádio do Dragão,Campanhã,,41.158902,-8.5915304,3,newdevelopment,True,True,42,True,https://www.idealista.pt/empreendimento/34699285/,6,1.9234629442359152,31.0,423987.0,0.6666666666666666,1
34699279,406000.0,88.0,4614.0,2,2,Antas - Estádio do Dragão,Campanhã,,41.158902,-8.5915304,3,newdevelopment,True,True,42,True,https://www.idealista.pt/empreendimento/34699279/,6,1.9234629442359152,29.333333333333332,406032.0,0.6666666666666666,1
34699277,463000.0,104.0,4452.0,2,2,Antas - Estádio do Dragão,Campanhã,,41.158902,-8.5915304,6,newdevelopment,True,True,42,True,https://www.idealista.pt/empreendimento/34699277/,6,1.9234629442359152,34.666666666666664,463008.0,0.6666666666666666,1
34699276,445000.0,105.0,4238.0,2,2,Antas - Estádio do Dragão,Campanhã,,41.158902,-8.5915304,4,newdevelopment,True,True,42,True,https://www.idealista.pt/empreendimento/34699276/,6,1.9234629442359152,35.0,444990.0,0.6666666666666666,1
34699275,444000.0,97.0,4577.0,2,2,Antas - Estádio do Dragão,Campanhã,,41.158902,-8.5915304,6,newdevelopment,True,True,42,True,https://www.idealista.pt/empreendimento/34699275/,6,1.9234629442359152,32.333333333333336,443969.0,0.6666666666666666,1
34699262,404000.0,83.0,4867.0,2,2,Antas - Estádio do Dragão,Campanhã,,41.158902,-8.5915304,3,newdevelopment,True,True,42,True,https://www.idealista.pt/empreendimento/34699262/,6,1.9234629442359152,27.666666666666668,403961.0,0.6666666666666666,1
34699260,400000.0,82.0,4878.0,2,2,Antas - Estádio do Dragão,Campanhã,,41.158902,-8.5915304,3,newdevelopment,True,True,42,True,https://www.idealista.pt/empreendimento/34699260/,6,1.9234629442359152,27.333333333333332,399996.0,0.6666666666666666,1
34699218,405000.0,117.0,3462.0,1,1,Antas - Estádio do Dragão,Campanhã,,41.158902,-8.5915304,7,newdevelopment,True,True,42,True,https://www.idealista.pt/empreendimento/34699218/,6,1.9234629442359152,58.5,405054.0,0.5,1
34699214,338000.0,62.0,5452.0,1,1,Antas - Estádio do Dragão,Campanhã,,41.158902,-8.5915304,8,,True,True,42,True,https://www.idealista.pt/empreendimento/34699214/,6,1.9234629442359152,31.0,338024.0,0.5,1
34699213,311000.0,62.0,5016.0,1,1,Antas - Estádio do Dragão,Campanhã,,41.158902,-8.5915304,3,,True,True,42,True,https://www.idealista.pt/empreendimento/34699213/,6,1.9234629442359152,31.0,310992.0,0.5,1
34699177,408000.0,89.0,4584.0,2,2,Antas - Estádio do Dragão,Campanhã,,41.158902,-8.5915304,3,newdevelopment,True,True,42,True,https://www.idealista.pt/empreendimento/34699177/,6,1.9234629442359152,29.666666666666668,407976.0,0.6666666666666666,1
34721155,280000.0,101.0,2772.0,2,2,Santegãos - Estrada Nova - Campainha,Rio Tinto,,41.1943007,-8.5686626,,good,False,,25,False,https://www.idealista.pt/imovel/34721155/,3,6.0995151524113975,33.666666666666664,279972.0,0.6666666666666666,0
34699157,347000.0,65.0,5338.0,1,1,Antas - Estádio do Dragão,Campanhã,,41.158902,-8.5915304,8,,True,True,42,True,https://www.idealista.pt/empreendimento/34699157/,6,1.9234629442359152,32.5,346970.0,0.5,1
34700109,295000.0,55.0,5364.0,1,1,Antas - Estádio do Dragão,Campanhã,,41.158902,-8.5915304,2,,True,True,42,True,https://www.idealista.pt/empreendimento/34700109/,6,1.9234629442359152,27.5,295020.0,0.5,1
34702096,490000.0,193.0,2539.0,1,1,Campo Alegre,Lordelo do Ouro e Massarelos,,41.1502202,-8.6323674,ss,newdevelopment,True,True,15,False,https://www.idealista.pt/empreendimento/34702096/,1,1.7987604024969341,96.5,490027.0,0.5,1
33709031,695000.0,136.0,5110.0,3,2,Antas - Estádio do Dragão,Campanhã,,41.158902,-8.5915304,7,newdevelopment,True,True,42,True,https://www.idealista.pt/empreendimento/33709031/,6,1.9234629442359152,34.0,694960.0,0.5,1
34721020,605000.0,126.0,4802.0,2,2,Baixa,Cedofeita - Santo Ildefonso - Sé - Miragaia - São Nicolau - Vitória,Praça da República,41.1512653,-8.6144907,2,good,False,True,35,True,https://www.idealista.pt/imovel/34721020/,1,0.3530932043927184,42.0,605052.0,0.6666666666666666,1
34676992,640000.0,133.0,4812.0,3,3,Antas - Estádio do Dragão,Campanhã,,41.158902,-8.5915304,8,newdevelopment,True,True,42,True,https://www.idealista.pt/empreendimento/34676992/,6,1.9234629442359152,33.25,639996.0,0.75,1
34294923,520000.0,81.0,6420.0,2,2,Campo 24 de Agosto,Bonfim,,41.151298,-8.5977405,22,newdevelopment,True,True,34,True,https://www.idealista.pt/empreendimento/34294923/,6,1.1178792494895093,27.0,520020.0,0.6666666666666666,1
34718915,280000.0,98.0,2857.0,2,2,Candal - Regadas,Santa Marinha e São Pedro da Afurada,,41.1370031,-8.6342259,2,good,False,True,20,False,https://www.idealista.pt/imovel/34718915/,2,2.4035716602239683,32.666666666666664,279986.0,0.6666666666666666,1
34702903,647000.0,196.0,3301.0,3,3,Antas - Estádio do Dragão,Campanhã,,41.163038,-8.5855652,bj,newdevelopment,True,True,22,True,https://www.idealista.pt/empreendimento/34702903/,6,2.5945267070761133,49.0,646996.0,0.75,1
34702883,457000.0,109.0,4193.0,2,3,Antas - Estádio do Dragão,Campanhã,,41.163038,-8.5855652,5,newdevelopment,True,True,22,True,https://www.idealista.pt/empreendimento/34702883/,6,2.5945267070761133,36.333333333333336,457037.0,1.0,1
34702864,451000.0,101.0,4465.0,2,2,Antas - Estádio do Dragão,Campanhã,,41.163038,-8.5855652,5,newdevelopment,True,True,22,True,https://www.idealista.pt/empreendimento/34702864/,6,2.5945267070761133,33.666666666666664,450965.0,0.6666666666666666,1
34702863,464000.0,105.0,4419.0,2,3,Antas - Estádio do Dragão,Campanhã,,41.163038,-8.5855652,6,newdevelopment,True,True,22,True,https://www.idealista.pt/empreendimento/34702863/,6,2.5945267070761133,35.0,463995.0,1.0,1
34702862,446000.0,107.0,4168.0,2,3,Antas - Estádio do Dragão,Campanhã,,41.163038,-8.5855652,4,newdevelopment,True,True,22,True,https://www.idealista.pt/empreendimento/34702862/,6,2.5945267070761133,35.666666666666664,445976.0,1.0,1
34702836,647000.0,141.0,4589.0,3,3,Antas - Estádio do Dragão,Campanhã,,41.163038,-8.5855652,4,newdevelopment,True,True,22,True,https://www.idealista.pt/empreendimento/34702836/,6,2.5945267070761133,35.25,647049.0,0.75,1
34702835,569000.0,116.0,4905.0,3,3,Antas - Estádio do Dragão,Campanhã,,41.163038,-8.5855652,7,newdevelopment,True,True,22,True,https://www.idealista.pt/empreendimento/34702835/,6,2.5945267070761133,29.0,568980.0,0.75,1
34702834,571000.0,128.0,4461.0,3,3,Antas - Estádio do Dragão,Campanhã,,41.163038,-8.5855652,6,newdevelopment,True,True,22,True,https://www.idealista.pt/empreendimento/34702834/,6,2.5945267070761133,32.0,571008.0,0.75,1
34702831,436000.0,98.0,4449.0,2,2,Antas - Estádio do Dragão,Campanhã,,41.163038,-8.5855652,5,newdevelopment,True,True,22,True,https://www.idealista.pt/empreendimento/34702831/,6,2.5945267070761133,32.666666666666664,436002.0,0.6666666666666666,1
34274796,455000.0,78.0,5833.0,2,1,Campo 24 de Agosto,Bonfim,,41.151298,-8.5977405,13,newdevelopment,True,True,32,True,https://www.idealista.pt/empreendimento/34274796/,6,1.1178792494895093,26.0,454974.0,0.3333333333333333,1
34007764,815000.0,135.0,6037.0,3,3,Lavadores,Canidelo,,41.1337024,-8.6665562,1,newdevelopment,True,True,22,True,https://www.idealista.pt/empreendimento/34007764/,2,4.98459189728791,33.75,814995.0,0.75,0
34007763,860000.0,157.0,5478.0,3,4,Lavadores,Canidelo,,41.1337024,-8.6665562,2,newdevelopment,True,True,22,True,https://www.idealista.pt/empreendimento/34007763/,2,4.98459189728791,39.25,860046.0,1.0,0
34007760,740000.0,126.0,5873.0,3,4,Lavadores,Canidelo,,41.1337024,-8.6665562,1,newdevelopment,True,True,22,True,https://www.idealista.pt/empreendimento/34007760/,2,4.98459189728791,31.5,739998.0,1.0,0
34007759,880000.0,156.0,5641.0,3,4,Lavadores,Canidelo,,41.1337024,-8.6665562,3,newdevelopment,True,True,22,True,https://www.idealista.pt/empreendimento/34007759/,2,4.98459189728791,39.0,879996.0,1.0,0
34007756,720000.0,129.0,5581.0,3,3,Lavadores,Canidelo,,41.1337024,-8.6665562,2,newdevelopment,True,True,22,True,https://www.idealista.pt/empreendimento/34007756/,2,4.98459189728791,32.25,719949.0,0.75,0
34007742,427000.0,79.0,5405.0,2,2,Lavadores,Canidelo,,41.1337024,-8.6665562,3,newdevelopment,True,True,22,True,https://www.idealista.pt/empreendimento/34007742/,2,4.98459189728791,26.333333333333332,426995.0,0.6666666666666666,0
34702678,371000.0,123.0,3016.0,1,2,Antas - Estádio do Dragão,Campanhã,,41.163038,-8.5855652,bj,newdevelopment,True,True,22,True,https://www.idealista.pt/empreendimento/34702678/,6,2.5945267070761133,61.5,370968.0,1.0,1
34702677,347000.0,65.0,5338.0,1,1,Antas - Estádio do Dragão,Campanhã,,41.163038,-8.5855652,8,,True,True,22,True,https://www.idealista.pt/empreendimento/34702677/,6,2.5945267070761133,32.5,346970.0,0.5,1
34271553,405000.0,100.0,4050.0,3,2,Câmara de Gaia - Aviadores - Quinta das Pedras,Mafamude e Vilar do Paraíso,,41.1312049,-8.6051577,6,newdevelopment,True,True,41,True,https://www.idealista.pt/empreendimento/34271553/,7,2.101205229758106,25.0,405000.0,0.5,1
34306517,420000.0,62.0,6774.0,1,1,Campo 24 de Agosto,Bonfim,,41.151298,-8.5977405,23,newdevelopment,True,True,33,True,https://www.idealista.pt/empreendimento/34306517/,6,1.1178792494895093,31.0,419988.0,0.5,1
34306516,277500.0,35.0,7929.0,0,1,Campo 24 de Agosto,Bonfim,,41.151298,-8.5977405,23,newdevelopment,True,True,33,True,https://www.idealista.pt/empreendimento/34306516/,6,1.1178792494895093,35.0,277515.0,1.0,1
34306512,425000.0,62.0,6855.0,1,1,Campo 24 de Agosto,Bonfim,,41.151298,-8.5977405,24,newdevelopment,True,True,33,True,https://www.idealista.pt/empreendimento/34306512/,6,1.1178792494895093,31.0,425010.0,0.5,1
34306511,280000.0,35.0,8000.0,0,1,Campo 24 de Agosto,Bonfim,,41.151298,-8.5977405,24,newdevelopment,True,True,33,True,https://www.idealista.pt/empreendimento/34306511/,6,1.1178792494895093,35.0,280000.0,1.0,1
34271503,360000.0,52.0,6923.0,1,1,Campo 24 de Agosto,Bonfim,,41.151298,-8.5977405,17,newdevelopment,True,True,32,True,https://www.idealista.pt/empreendimento/34271503/,6,1.1178792494895093,26.0,359996.0,0.5,1
34271499,370000.0,52.0,7115.0,1,1,Campo 24 de Agosto,Bonfim,,41.151298,-8.5977405,19,newdevelopment,True,True,32,True,https://www.idealista.pt/empreendimento/34271499/,6,1.1178792494895093,26.0,369980.0,0.5,1
34699495,725000.0,112.0,6473.0,2,3,Centro Histórico,Cedofeita - Santo Ildefonso - Sé - Miragaia - São Nicolau - Vitória,Ferreira Borges - Comércio do Porto,41.142367,-8.6156672,4,newdevelopment,True,True,53,False,https://www.idealista.pt/empreendimento/34699495/,1,0.8978841520877882,37.333333333333336,724976.0,1.0,1
34306496,430000.0,62.0,6935.0,1,1,Campo 24 de Agosto,Bonfim,,41.151298,-8.5977405,25,newdevelopment,True,True,33,True,https://www.idealista.pt/empreendimento/34306496/,6,1.1178792494895093,31.0,429970.0,0.5,1
34271498,365000.0,52.0,7019.0,1,1,Campo 24 de Agosto,Bonfim,,41.151298,-8.5977405,18,newdevelopment,True,True,32,True,https://www.idealista.pt/empreendimento/34271498/,6,1.1178792494895093,26.0,364988.0,0.5,1
34271497,377500.0,52.0,7260.0,1,1,Campo 24 de Agosto,Bonfim,,41.151298,-8.5977405,21,newdevelopment,True,True,32,True,https://www.idealista.pt/empreendimento/34271497/,6,1.1178792494895093,26.0,377520.0,0.5,1
34271496,372500.0,52.0,7163.0,1,1,Campo 24 de Agosto,Bonfim,,41.151298,-8.5977405,20,newdevelopment,True,True,32,True,https://www.idealista.pt/empreendimento/34271496/,6,1.1178792494895093,26.0,372476.0,0.5,1
34699492,620000.0,91.0,6813.0,2,2,Centro Histórico,Cedofeita - Santo Ildefonso - Sé - Miragaia - São Nicolau - Vitória,Ferreira Borges - Comércio do Porto,41.142367,-8.6156672,4,newdevelopment,True,True,52,False,https://www.idealista.pt/empreendimento/34699492/,1,0.8978841520877882,30.333333333333332,619983.0,0.6666666666666666,1
34699491,360000.0,57.0,6316.0,1,1,Centro Histórico,Cedofeita - Santo Ildefonso - Sé - Miragaia - São Nicolau - Vitória,Ferreira Borges - Comércio do Porto,41.142367,-8.6156672,3,newdevelopment,True,True,52,False,https://www.idealista.pt/empreendimento/34699491/,1,0.8978841520877882,28.5,360012.0,0.5,1
34271492,245000.0,36.0,6806.0,0,1,Campo 24 de Agosto,Bonfim,,41.151298,-8.5977405,12,newdevelopment,True,True,34,True,https://www.idealista.pt/empreendimento/34271492/,6,1.1178792494895093,36.0,245016.0,1.0,1
34271489,330000.0,53.0,6226.0,0,1,Campo 24 de Agosto,Bonfim,,41.151298,-8.5977405,12,newdevelopment,True,True,34,True,https://www.idealista.pt/empreendimento/34271489/,6,1.1178792494895093,53.0,329978.0,1.0,1
34271486,472500.0,88.0,5369.0,2,2,Campo 24 de Agosto,Bonfim,,41.151298,-8.5977405,12,newdevelopment,True,True,34,True,https://www.idealista.pt/empreendimento/34271486/,6,1.1178792494895093,29.333333333333332,472472.0,0.6666666666666666,1
34271485,470000.0,88.0,5341.0,2,2,Campo 24 de Agosto,Bonfim,,41.151298,-8.5977405,11,newdevelopment,True,True,34,True,https://www.idealista.pt/empreendimento/34271485/,6,1.1178792494895093,29.333333333333332,470008.0,0.6666666666666666,1
34271484,450000.0,78.0,5769.0,2,1,Campo 24 de Agosto,Bonfim,,41.151298,-8.5977405,11,newdevelopment,True,True,34,True,https://www.idealista.pt/empreendimento/34271484/,6,1.1178792494895093,26.0,449982.0,0.3333333333333333,1
34271483,650000.0,146.0,4452.0,3,3,Campo 24 de Agosto,Bonfim,,41.151298,-8.5977405,12,newdevelopment,True,True,34,True,https://www.idealista.pt/empreendimento/34271483/,6,1.1178792494895093,36.5,649992.0,0.75,1
34271482,647500.0,146.0,4435.0,3,3,Campo 24 de Agosto,Bonfim,,41.151298,-8.5977405,11,newdevelopment,True,True,34,True,https://www.idealista.pt/empreendimento/34271482/,6,1.1178792494895093,36.5,647510.0,0.75,1
34271480,400000.0,63.0,6349.0,1,1,Campo 24 de Agosto,Bonfim,,41.151298,-8.5977405,17,newdevelopment,True,True,32,True,https://www.idealista.pt/empreendimento/34271480/,6,1.1178792494895093,31.5,399987.0,0.5,1
34271479,382500.0,52.0,7356.0,1,1,Campo 24 de Agosto,Bonfim,,41.151298,-8.5977405,22,newdevelopment,True,True,32,True,https://www.idealista.pt/empreendimento/34271479/,6,1.1178792494895093,26.0,382512.0,0.5,1
34271476,387500.0,52.0,7452.0,1,1,Campo 24 de Agosto,Bonfim,,41.151298,-8.5977405,23,newdevelopment,True,True,32,True,https://www.idealista.pt/empreendimento/34271476/,6,1.1178792494895093,26.0,387504.0,0.5,1
34271474,392500.0,52.0,7548.0,1,1,Campo 24 de Agosto,Bonfim,,41.151298,-8.5977405,24,newdevelopment,True,True,32,True,https://www.idealista.pt/empreendimento/34271474/,6,1.1178792494895093,26.0,392496.0,0.5,1
34271473,430000.0,65.0,6615.0,1,1,Campo 24 de Agosto,Bonfim,,41.151298,-8.5977405,25,newdevelopment,True,True,32,True,https://www.idealista.pt/empreendimento/34271473/,6,1.1178792494895093,32.5,429975.0,0.5,1
34271472,600000.0,106.0,5660.0,2,3,Campo 24 de Agosto,Bonfim,,41.151298,-8.5977405,4,newdevelopment,True,True,48,True,https://www.idealista.pt/empreendimento/34271472/,6,1.1178792494895093,35.333333333333336,599960.0,1.0,1
34271471,535000.0,102.0,5245.0,2,3,Campo 24 de Agosto,Bonfim,,41.151298,-8.5977405,4,newdevelopment,True,True,34,True,https://www.idealista.pt/empreendimento/34271471/,6,1.1178792494895093,34.0,534990.0,1.0,1
34271470,595000.0,146.0,4075.0,3,3,Campo 24 de Agosto,Bonfim,,41.151298,-8.5977405,4,newdevelopment,True,True,34,True,https://www.idealista.pt/empreendimento/34271470/,6,1.1178792494895093,36.5,594950.0,0.75,1
34271469,520000.0,106.0,4906.0,2,3,Campo 24 de Agosto,Bonfim,,41.151298,-8.5977405,5,newdevelopment,True,True,34,True,https://www.idealista.pt/empreendimento/34271469/,6,1.1178792494895093,35.333333333333336,520036.0,1.0,1
34271468,417500.0,78.0,5353.0,2,1,Campo 24 de Agosto,Bonfim,,41.151298,-8.5977405,5,newdevelopment,True,True,34,True,https://www.idealista.pt/empreendimento/34271468/,6,1.1178792494895093,26.0,417534.0,0.3333333333333333,1
34271467,605000.0,146.0,4144.0,3,3,Campo 24 de Agosto,Bonfim,,41.151298,-8.5977405,5,newdevelopment,True,True,34,True,https://www.idealista.pt/empreendimento/34271467/,6,1.1178792494895093,36.5,605024.0,0.75,1
34721464,445000.0,80.0,5563.0,2,2,Baixa,Cedofeita - Santo Ildefonso - Sé - Miragaia - São Nicolau - Vitória,Praça da República,41.1530035,-8.6134714,3,good,False,True,26,False,https://www.idealista.pt/imovel/34721464/,1,0.43540555903962563,26.666666666666668,445040.0,0.6666666666666666,1
34271466,525000.0,106.0,4953.0,2,3,Campo 24 de Agosto,Bonfim,,41.151298,-8.5977405,6,newdevelopment,True,True,32,True,https://www.idealista.pt/empreendimento/34271466/,6,1.1178792494895093,35.333333333333336,525018.0,1.0,1
34271464,420000.0,78.0,5385.0,2,1,Campo 24 de Agosto,Bonfim,,41.151298,-8.5977405,6,newdevelopment,True,True,34,True,https://www.idealista.pt/empreendimento/34271464/,6,1.1178792494895093,26.0,420030.0,0.3333333333333333,1
34271463,610000.0,146.0,4178.0,3,3,Campo 24 de Agosto,Bonfim,,41.151298,-8.5977405,6,newdevelopment,True,True,34,True,https://www.idealista.pt/empreendimento/34271463/,6,1.1178792494895093,36.5,609988.0,0.75,1
34271462,530000.0,106.0,5000.0,2,3,Campo 24 de Agosto,Bonfim,,41.151298,-8.5977405,7,newdevelopment,True,True,34,True,https://www.idealista.pt/empreendimento/34271462/,6,1.1178792494895093,35.333333333333336,530000.0,1.0,1
34271461,455000.0,88.0,5170.0,2,2,Campo 24 de Agosto,Bonfim,,41.151298,-8.5977405,7,newdevelopment,True,True,34,True,https://www.idealista.pt/empreendimento/34271461/,6,1.1178792494895093,29.333333333333332,454960.0,0.6666666666666666,1
34271460,425000.0,78.0,5449.0,2,1,Campo 24 de Agosto,Bonfim,,41.151298,-8.5977405,7,newdevelopment,True,True,34,True,https://www.idealista.pt/empreendimento/34271460/,6,1.1178792494895093,26.0,425022.0,0.3333333333333333,1
34271456,230000.0,36.0,6389.0,0,1,Campo 24 de Agosto,Bonfim,,41.151298,-8.5977405,8,newdevelopment,True,True,36,True,https://www.idealista.pt/empreendimento/34271456/,6,1.1178792494895093,36.0,230004.0,1.0,1
34271458,540000.0,106.0,5094.0,2,3,Campo 24 de Agosto,Bonfim,,41.151298,-8.5977405,8,newdevelopment,True,True,34,True,https://www.idealista.pt/empreendimento/34271458/,6,1.1178792494895093,35.333333333333336,539964.0,1.0,1
34271457,625000.0,146.0,4281.0,3,3,Campo 24 de Agosto,Bonfim,,41.151298,-8.5977405,8,newdevelopment,True,True,34,True,https://www.idealista.pt/empreendimento/34271457/,6,1.1178792494895093,36.5,625026.0,0.75,1
34271455,240000.0,36.0,6667.0,0,1,Campo 24 de Agosto,Bonfim,,41.151298,-8.5977405,9,newdevelopment,True,True,36,True,https://www.idealista.pt/empreendimento/34271455/,6,1.1178792494895093,36.0,240012.0,1.0,1
34271454,550000.0,106.0,5189.0,2,3,Campo 24 de Agosto,Bonfim,,41.151298,-8.5977405,9,newdevelopment,True,True,34,True,https://www.idealista.pt/empreendimento/34271454/,6,1.1178792494895093,35.333333333333336,550034.0,1.0,1
34700451,908000.0,279.0,3254.0,4,4,Antas - Estádio do Dragão,Campanhã,,41.1584564,-8.5851543,2,newdevelopment,True,True,55,True,https://www.idealista.pt/empreendimento/34700451/,6,2.3698243577797893,55.8,907866.0,0.8,1
34271452,440000.0,78.0,5641.0,2,1,Campo 24 de Agosto,Bonfim,,41.151298,-8.5977405,9,newdevelopment,True,True,34,True,https://www.idealista.pt/empreendimento/34271452/,6,1.1178792494895093,26.0,439998.0,0.3333333333333333,1
34271451,640000.0,146.0,4384.0,3,3,Campo 24 de Agosto,Bonfim,,41.151298,-8.5977405,9,newdevelopment,True,True,34,True,https://www.idealista.pt/empreendimento/34271451/,6,1.1178792494895093,36.5,640064.0,0.75,1
34271449,241500.0,36.0,6708.0,0,1,Campo 24 de Agosto,Bonfim,,41.151298,-8.5977405,10,newdevelopment,True,True,34,True,https://www.idealista.pt/empreendimento/34271449/,6,1.1178792494895093,36.0,241488.0,1.0,1
34271448,552500.0,106.0,5212.0,2,3,Campo 24 de Agosto,Bonfim,,41.151298,-8.5977405,10,newdevelopment,True,True,34,True,https://www.idealista.pt/empreendimento/34271448/,6,1.1178792494895093,35.333333333333336,552472.0,1.0,1
34271446,447500.0,78.0,5737.0,2,1,Campo 24 de Agosto,Bonfim,,41.151298,-8.5977405,10,newdevelopment,True,True,32,True,https://www.idealista.pt/empreendimento/34271446/,6,1.1178792494895093,26.0,447486.0,0.3333333333333333,1
34271445,325000.0,53.0,6132.0,0,1,Campo 24 de Agosto,Bonfim,,41.151298,-8.5977405,10,newdevelopment,True,True,34,True,https://www.idealista.pt/empreendimento/34271445/,6,1.1178792494895093,53.0,324996.0,1.0,1
34271444,645000.0,146.0,4418.0,3,3,Campo 24 de Agosto,Bonfim,,41.151298,-8.5977405,10,newdevelopment,True,True,34,True,https://www.idealista.pt/empreendimento/34271444/,6,1.1178792494895093,36.5,645028.0,0.75,1
34271442,243000.0,36.0,6750.0,0,1,Campo 24 de Agosto,Bonfim,,41.151298,-8.5977405,11,newdevelopment,True,True,34,True,https://www.idealista.pt/empreendimento/34271442/,6,1.1178792494895093,36.0,243000.0,1.0,1
34271441,555000.0,106.0,5236.0,2,3,Campo 24 de Agosto,Bonfim,,41.151298,-8.5977405,11,newdevelopment,True,True,34,True,https://www.idealista.pt/empreendimento/34271441/,6,1.1178792494895093,35.333333333333336,555016.0,1.0,1
34271439,652500.0,146.0,4469.0,3,3,Campo 24 de Agosto,Bonfim,,41.151298,-8.5977405,13,newdevelopment,True,True,34,True,https://www.idealista.pt/empreendimento/34271439/,6,1.1178792494895093,36.5,652474.0,0.75,1
34271438,247500.0,36.0,6875.0,0,1,Campo 24 de Agosto,Bonfim,,41.151298,-8.5977405,13,newdevelopment,True,True,34,True,https://www.idealista.pt/empreendimento/34271438/,6,1.1178792494895093,36.0,247500.0,1.0,1
34271435,335000.0,53.0,6321.0,0,1,Campo 24 de Agosto,Bonfim,,41.151298,-8.5977405,14,newdevelopment,True,True,34,True,https://www.idealista.pt/empreendimento/34271435/,6,1.1178792494895093,53.0,335013.0,1.0,1
34271433,252500.0,36.0,7014.0,0,1,Campo 24 de Agosto,Bonfim,,41.151298,-8.5977405,14,newdevelopment,True,True,34,True,https://www.idealista.pt/empreendimento/34271433/,6,1.1178792494895093,36.0,252504.0,1.0,1
34271431,460000.0,81.0,5679.0,2,2,Campo 24 de Agosto,Bonfim,,41.151298,-8.5977405,10,newdevelopment,True,True,32,True,https://www.idealista.pt/empreendimento/34271431/,6,1.1178792494895093,27.0,459999.0,0.6666666666666666,1
34271430,447500.0,81.0,5525.0,2,2,Campo 24 de Agosto,Bonfim,,41.151298,-8.5977405,10,newdevelopment,True,True,32,True,https://www.idealista.pt/empreendimento/34271430/,6,1.1178792494895093,27.0,447525.0,0.6666666666666666,1
34271427,427500.0,81.0,5278.0,2,2,Campo 24 de Agosto,Bonfim,,41.151298,-8.5977405,5,newdevelopment,True,True,32,True,https://www.idealista.pt/empreendimento/34271427/,6,1.1178792494895093,27.0,427518.0,0.6666666666666666,1
34271429,540000.0,81.0,6667.0,2,2,Campo 24 de Agosto,Bonfim,,41.151298,-8.5977405,4,newdevelopment,True,True,32,True,https://www.idealista.pt/empreendimento/34271429/,6,1.1178792494895093,27.0,540027.0,0.6666666666666666,1
34271428,485000.0,81.0,5988.0,2,2,Campo 24 de Agosto,Bonfim,,41.151298,-8.5977405,4,newdevelopment,True,True,32,True,https://www.idealista.pt/empreendimento/34271428/,6,1.1178792494895093,27.0,485028.0,0.6666666666666666,1
34271425,435000.0,81.0,5370.0,2,2,Campo 24 de Agosto,Bonfim,,41.151298,-8.5977405,6,newdevelopment,True,True,32,True,https://www.idealista.pt/empreendimento/34271425/,6,1.1178792494895093,27.0,434970.0,0.6666666666666666,1
34271423,436000.0,81.0,5383.0,2,2,Campo 24 de Agosto,Bonfim,,41.151298,-8.5977405,7,newdevelopment,True,True,32,True,https://www.idealista.pt/empreendimento/34271423/,6,1.1178792494895093,27.0,436023.0,0.6666666666666666,1
34271426,430000.0,81.0,5309.0,2,2,Campo 24 de Agosto,Bonfim,,41.151298,-8.5977405,5,newdevelopment,True,True,32,True,https://www.idealista.pt/empreendimento/34271426/,6,1.1178792494895093,27.0,430029.0,0.6666666666666666,1
34271424,436000.0,81.0,5383.0,2,2,Campo 24 de Agosto,Bonfim,,41.151298,-8.5977405,6,newdevelopment,True,True,32,True,https://www.idealista.pt/empreendimento/34271424/,6,1.1178792494895093,27.0,436023.0,0.6666666666666666,1
34271422,438500.0,81.0,5414.0,2,2,Campo 24 de Agosto,Bonfim,,41.151298,-8.5977405,7,newdevelopment,True,True,32,True,https://www.idealista.pt/empreendimento/34271422/,6,1.1178792494895093,27.0,438534.0,0.6666666666666666,1
34271421,441000.0,81.0,5444.0,2,2,Campo 24 de Agosto,Bonfim,,41.151298,-8.5977405,9,newdevelopment,True,True,32,True,https://www.idealista.pt/empreendimento/34271421/,6,1.1178792494895093,27.0,440964.0,0.6666666666666666,1
34271420,447500.0,81.0,5525.0,2,2,Campo 24 de Agosto,Bonfim,,41.151298,-8.5977405,11,newdevelopment,True,True,32,True,https://www.idealista.pt/empreendimento/34271420/,6,1.1178792494895093,27.0,447525.0,0.6666666666666666,1
34271419,460000.0,81.0,5679.0,2,2,Campo 24 de Agosto,Bonfim,,41.151298,-8.5977405,11,newdevelopment,True,True,32,True,https://www.idealista.pt/empreendimento/34271419/,6,1.1178792494895093,27.0,459999.0,0.6666666666666666,1
34271407,465000.0,81.0,5741.0,2,2,Campo 24 de Agosto,Bonfim,,41.151298,-8.5977405,13,newdevelopment,True,True,32,True,https://www.idealista.pt/empreendimento/34271407/,6,1.1178792494895093,27.0,465021.0,0.6666666666666666,1
34271405,495000.0,81.0,6111.0,2,2,Campo 24 de Agosto,Bonfim,,41.151298,-8.5977405,18,newdevelopment,True,True,32,True,https://www.idealista.pt/empreendimento/34271405/,6,1.1178792494895093,27.0,494991.0,0.6666666666666666,1
34271404,470000.0,81.0,5802.0,2,2,Campo 24 de Agosto,Bonfim,,41.151298,-8.5977405,15,newdevelopment,True,True,32,True,https://www.idealista.pt/empreendimento/34271404/,6,1.1178792494895093,27.0,469962.0,0.6666666666666666,1
34301321,377500.0,71.0,5317.0,1,1,Campo 24 de Agosto,Bonfim,,41.151298,-8.5977405,4,newdevelopment,True,True,33,True,https://www.idealista.pt/empreendimento/34301321/,6,1.1178792494895093,35.5,377507.0,0.5,1
34301320,367500.0,67.0,5485.0,1,1,Campo 24 de Agosto,Bonfim,,41.151298,-8.5977405,4,newdevelopment,True,True,34,True,https://www.idealista.pt/empreendimento/34301320/,6,1.1178792494895093,33.5,367495.0,0.5,1
34301319,380000.0,71.0,5352.0,1,1,Campo 24 de Agosto,Bonfim,,41.151298,-8.5977405,5,newdevelopment,True,True,33,True,https://www.idealista.pt/empreendimento/34301319/,6,1.1178792494895093,35.5,379992.0,0.5,1
34301318,487500.0,97.0,5026.0,2,2,Campo 24 de Agosto,Bonfim,,41.151298,-8.5977405,5,newdevelopment,True,True,32,True,https://www.idealista.pt/empreendimento/34301318/,6,1.1178792494895093,32.333333333333336,487522.0,0.6666666666666666,1
34301317,342500.0,69.0,4964.0,1,1,Campo 24 de Agosto,Bonfim,,41.151298,-8.5977405,5,newdevelopment,True,True,33,True,https://www.idealista.pt/empreendimento/34301317/,6,1.1178792494895093,34.5,342516.0,0.5,1
34301316,382500.0,71.0,5387.0,1,1,Campo 24 de Agosto,Bonfim,,41.151298,-8.5977405,6,newdevelopment,True,True,33,True,https://www.idealista.pt/empreendimento/34301316/,6,1.1178792494895093,35.5,382477.0,0.5,1
34301315,492500.0,97.0,5077.0,2,2,Campo 24 de Agosto,Bonfim,,41.151298,-8.5977405,6,newdevelopment,True,True,32,True,https://www.idealista.pt/empreendimento/34301315/,6,1.1178792494895093,32.333333333333336,492469.0,0.6666666666666666,1
34301313,385000.0,71.0,5423.0,1,1,Campo 24 de Agosto,Bonfim,,41.151298,-8.5977405,7,newdevelopment,True,True,33,True,https://www.idealista.pt/empreendimento/34301313/,6,1.1178792494895093,35.5,385033.0,0.5,1
34301311,390000.0,71.0,5493.0,1,1,Campo 24 de Agosto,Bonfim,,41.151298,-8.5977405,8,newdevelopment,True,True,33,True,https://www.idealista.pt/empreendimento/34301311/,6,1.1178792494895093,35.5,390003.0,0.5,1
34301309,395000.0,71.0,5563.0,1,1,Campo 24 de Agosto,Bonfim,,41.151298,-8.5977405,8,newdevelopment,True,True,34,True,https://www.idealista.pt/empreendimento/34301309/,6,1.1178792494895093,35.5,394973.0,0.5,1
34301307,512500.0,97.0,5284.0,2,2,Campo 24 de Agosto,Bonfim,,41.151298,-8.5977405,9,newdevelopment,True,True,32,True,https://www.idealista.pt/empreendimento/34301307/,6,1.1178792494895093,32.333333333333336,512548.0,0.6666666666666666,1
34301306,362500.0,69.0,5254.0,1,1,Campo 24 de Agosto,Bonfim,,41.151298,-8.5977405,9,newdevelopment,True,True,33,True,https://www.idealista.pt/empreendimento/34301306/,6,1.1178792494895093,34.5,362526.0,0.5,1
34301304,400000.0,71.0,5634.0,1,1,Campo 24 de Agosto,Bonfim,,41.151298,-8.5977405,10,newdevelopment,True,True,33,True,https://www.idealista.pt/empreendimento/34301304/,6,1.1178792494895093,35.5,400014.0,0.5,1
34301303,370000.0,69.0,5362.0,1,1,Campo 24 de Agosto,Bonfim,,41.151298,-8.5977405,10,newdevelopment,True,True,33,True,https://www.idealista.pt/empreendimento/34301303/,6,1.1178792494895093,34.5,369978.0,0.5,1
34301302,365000.0,62.0,5887.0,1,1,Campo 24 de Agosto,Bonfim,,41.151298,-8.5977405,10,newdevelopment,True,True,33,True,https://www.idealista.pt/empreendimento/34301302/,6,1.1178792494895093,31.0,364994.0,0.5,1
34301301,380000.0,69.0,5507.0,1,1,Campo 24 de Agosto,Bonfim,,41.151298,-8.5977405,11,newdevelopment,True,True,33,True,https://www.idealista.pt/empreendimento/34301301/,6,1.1178792494895093,34.5,379983.0,0.5,1
34301299,407500.0,71.0,5739.0,1,1,Campo 24 de Agosto,Bonfim,,41.151298,-8.5977405,12,newdevelopment,True,True,33,True,https://www.idealista.pt/empreendimento/34301299/,6,1.1178792494895093,35.5,407469.0,0.5,1
34301298,410000.0,71.0,5775.0,1,1,Campo 24 de Agosto,Bonfim,,41.151298,-8.5977405,13,newdevelopment,True,True,33,True,https://www.idealista.pt/empreendimento/34301298/,6,1.1178792494895093,35.5,410025.0,0.5,1
34301296,367500.0,62.0,5927.0,1,1,Campo 24 de Agosto,Bonfim,,41.151298,-8.5977405,13,newdevelopment,True,True,33,True,https://www.idealista.pt/empreendimento/34301296/,6,1.1178792494895093,31.0,367474.0,0.5,1
34301295,370000.0,62.0,5968.0,1,1,Campo 24 de Agosto,Bonfim,,41.151298,-8.5977405,14,newdevelopment,True,True,33,True,https://www.idealista.pt/empreendimento/34301295/,6,1.1178792494895093,31.0,370016.0,0.5,1
34301294,425000.0,71.0,5986.0,1,1,Campo 24 de Agosto,Bonfim,,41.151298,-8.5977405,15,newdevelopment,True,True,33,True,https://www.idealista.pt/empreendimento/34301294/,6,1.1178792494895093,35.5,425006.0,0.5,1
34301292,262500.0,35.0,7500.0,0,1,Campo 24 de Agosto,Bonfim,,41.151298,-8.5977405,15,newdevelopment,True,True,33,True,https://www.idealista.pt/empreendimento/34301292/,6,1.1178792494895093,35.0,262500.0,1.0,1
34301290,264000.0,35.0,7543.0,0,1,Campo 24 de Agosto,Bonfim,,41.151298,-8.5977405,16,newdevelopment,True,True,33,True,https://www.idealista.pt/empreendimento/34301290/,6,1.1178792494895093,35.0,264005.0,1.0,1
34301282,435000.0,71.0,6127.0,1,1,Campo 24 de Agosto,Bonfim,,41.151298,-8.5977405,16,newdevelopment,True,True,33,True,https://www.idealista.pt/empreendimento/34301282/,6,1.1178792494895093,35.5,435017.0,0.5,1
34304081,385000.0,62.0,6210.0,1,1,Campo 24 de Agosto,Bonfim,,41.151298,-8.5977405,16,newdevelopment,True,True,33,True,https://www.idealista.pt/empreendimento/34304081/,6,1.1178792494895093,31.0,385020.0,0.5,1
34304080,265500.0,35.0,7586.0,0,1,Campo 24 de Agosto,Bonfim,,41.151298,-8.5977405,17,newdevelopment,True,True,33,True,https://www.idealista.pt/empreendimento/34304080/,6,1.1178792494895093,35.0,265510.0,1.0,1
34304079,477500.0,81.0,5895.0,1,1,Campo 24 de Agosto,Bonfim,,41.151298,-8.5977405,17,newdevelopment,True,True,34,True,https://www.idealista.pt/empreendimento/34304079/,6,1.1178792494895093,40.5,477495.0,0.5,1
34304070,400000.0,62.0,6452.0,1,1,Campo 24 de Agosto,Bonfim,,41.151298,-8.5977405,19,newdevelopment,True,True,33,True,https://www.idealista.pt/empreendimento/34304070/,6,1.1178792494895093,31.0,400024.0,0.5,1
34304068,390000.0,62.0,6290.0,1,1,Campo 24 de Agosto,Bonfim,,41.151298,-8.5977405,17,newdevelopment,True,True,33,True,https://www.idealista.pt/empreendimento/34304068/,6,1.1178792494895093,31.0,389980.0,0.5,1
34304069,268500.0,35.0,7671.0,0,1,Campo 24 de Agosto,Bonfim,,41.151298,-8.5977405,19,newdevelopment,True,True,33,True,https://www.idealista.pt/empreendimento/34304069/,6,1.1178792494895093,35.0,268485.0,1.0,1
34304066,595000.0,101.0,5891.0,2,2,Campo 24 de Agosto,Bonfim,,41.151298,-8.5977405,18,newdevelopment,True,True,33,True,https://www.idealista.pt/empreendimento/34304066/,6,1.1178792494895093,33.666666666666664,594991.0,0.6666666666666666,1
34304065,395000.0,62.0,6371.0,1,1,Campo 24 de Agosto,Bonfim,,41.151298,-8.5977405,18,newdevelopment,True,True,33,True,https://www.idealista.pt/empreendimento/34304065/,6,1.1178792494895093,31.0,395002.0,0.5,1
34304063,267000.0,35.0,7629.0,0,1,Campo 24 de Agosto,Bonfim,,41.151298,-8.5977405,18,newdevelopment,True,True,33,True,https://www.idealista.pt/empreendimento/34304063/,6,1.1178792494895093,35.0,267015.0,1.0,1
34304060,600000.0,101.0,5941.0,2,2,Campo 24 de Agosto,Bonfim,,41.151298,-8.5977405,19,newdevelopment,True,True,33,True,https://www.idealista.pt/empreendimento/34304060/,6,1.1178792494895093,33.666666666666664,600041.0,0.6666666666666666,1
34304045,605000.0,101.0,5990.0,2,2,Campo 24 de Agosto,Bonfim,,41.151298,-8.5977405,20,newdevelopment,True,True,33,True,https://www.idealista.pt/empreendimento/34304045/,6,1.1178792494895093,33.666666666666664,604990.0,0.6666666666666666,1
34304043,405000.0,62.0,6532.0,1,1,Campo 24 de Agosto,Bonfim,,41.151298,-8.5977405,20,newdevelopment,True,True,33,True,https://www.idealista.pt/empreendimento/34304043/,6,1.1178792494895093,31.0,404984.0,0.5,1
34304042,270000.0,35.0,7714.0,0,1,Campo 24 de Agosto,Bonfim,,41.151298,-8.5977405,20,newdevelopment,True,True,33,True,https://www.idealista.pt/empreendimento/34304042/,6,1.1178792494895093,35.0,269990.0,1.0,1
34304039,410000.0,62.0,6613.0,1,1,Campo 24 de Agosto,Bonfim,,41.151298,-8.5977405,21,newdevelopment,True,True,33,True,https://www.idealista.pt/empreendimento/34304039/,6,1.1178792494895093,31.0,410006.0,0.5,1
34721029,260000.0,50.0,5200.0,1,1,Baixa,Cedofeita - Santo Ildefonso - Sé - Miragaia - São Nicolau - Vitória,Praça da República,41.1502487,-8.6139869,bj,good,False,True,17,False,https://www.idealista.pt/imovel/34721029/,1,0.2683388145921769,25.0,260000.0,0.5,1
34304028,275000.0,35.0,7857.0,0,1,Campo 24 de Agosto,Bonfim,,41.151298,-8.5977405,22,newdevelopment,True,True,33,True,https://www.idealista.pt/empreendimento/34304028/,6,1.1178792494895093,35.0,274995.0,1.0,1
34304026,610000.0,101.0,6040.0,2,2,Campo 24 de Agosto,Bonfim,,41.151298,-8.5977405,22,newdevelopment,True,True,33,True,https://www.idealista.pt/empreendimento/34304026/,6,1.1178792494895093,33.666666666666664,610040.0,0.6666666666666666,1
34304025,415000.0,62.0,6694.0,1,1,Campo 24 de Agosto,Bonfim,,41.151298,-8.5977405,22,newdevelopment,True,True,33,True,https://www.idealista.pt/empreendimento/34304025/,6,1.1178792494895093,31.0,415028.0,0.5,1
34304024,275000.0,35.0,7857.0,0,1,Campo 24 de Agosto,Bonfim,,41.151298,-8.5977405,23,newdevelopment,True,True,33,True,https://www.idealista.pt/empreendimento/34304024/,6,1.1178792494895093,35.0,274995.0,1.0,1
34304022,615000.0,101.0,6089.0,2,2,Campo 24 de Agosto,Bonfim,,41.151298,-8.5977405,23,newdevelopment,True,True,33,True,https://www.idealista.pt/empreendimento/34304022/,6,1.1178792494895093,33.666666666666664,614989.0,0.6666666666666666,1
34717018,485000.0,210.0,2310.0,3,2,Corujeira - Bonjóia,Campanhã,,41.1593053,-8.57928,,good,False,,30,False,https://www.idealista.pt/imovel/34717018/,6,2.858832951992081,52.5,485100.0,0.5,1
34304017,605000.0,101.0,5990.0,2,2,Campo 24 de Agosto,Bonfim,,41.151298,-8.5977405,21,newdevelopment,True,True,33,True,https://www.idealista.pt/empreendimento/34304017/,6,1.1178792494895093,33.666666666666664,604990.0,0.6666666666666666,1
34304016,272500.0,35.0,7786.0,0,1,Campo 24 de Agosto,Bonfim,,41.151298,-8.5977405,21,newdevelopment,True,True,33,True,https://www.idealista.pt/empreendimento/34304016/,6,1.1178792494895093,35.0,272510.0,1.0,1
34304015,277500.0,35.0,7929.0,0,1,Campo 24 de Agosto,Bonfim,,41.151298,-8.5977405,25,newdevelopment,True,True,33,True,https://www.idealista.pt/empreendimento/34304015/,6,1.1178792494895093,35.0,277515.0,1.0,1
34297001,352500.0,69.0,5109.0,1,1,Campo 24 de Agosto,Bonfim,,41.151298,-8.5977405,7,newdevelopment,True,True,32,True,https://www.idealista.pt/empreendimento/34297001/,6,1.1178792494895093,34.5,352521.0,0.5,1
34602847,830000.0,140.0,5929.0,2,2,Centro Histórico,Santa Marinha e São Pedro da Afurada,,41.1364989,-8.6210129,4,newdevelopment,True,True,65,True,https://www.idealista.pt/empreendimento/34602847/,7,1.6850266592269658,46.666666666666664,830060.0,0.6666666666666666,1
34719796,293000.0,110.0,2664.0,2,2,Seara - Freixieiro,Oliveira do Douro,,41.1129914,-8.5769701,3,good,False,True,23,False,https://www.idealista.pt/imovel/34719796/,4,4.964459345498289,36.666666666666664,293040.0,0.6666666666666666,0
34271580,347500.0,85.0,4088.0,2,2,Câmara de Gaia - Aviadores - Quinta das Pedras,Mafamude e Vilar do Paraíso,,41.1312049,-8.6051577,-1,newdevelopment,True,True,22,True,https://www.idealista.pt/empreendimento/34271580/,7,2.101205229758106,28.333333333333332,347480.0,0.6666666666666666,1
34271579,367500.0,86.0,4273.0,2,2,Câmara de Gaia - Aviadores - Quinta das Pedras,Mafamude e Vilar do Paraíso,,41.1312049,-8.6051577,-1,newdevelopment,True,True,22,True,https://www.idealista.pt/empreendimento/34271579/,7,2.101205229758106,28.666666666666668,367478.0,0.6666666666666666,1
34271578,460000.0,117.0,3932.0,3,2,Câmara de Gaia - Aviadores - Quinta das Pedras,Mafamude e Vilar do Paraíso,,41.1312049,-8.6051577,-1,newdevelopment,True,True,22,True,https://www.idealista.pt/empreendimento/34271578/,7,2.101205229758106,29.25,460044.0,0.5,1
34271577,302500.0,76.0,3980.0,2,2,Câmara de Gaia - Aviadores - Quinta das Pedras,Mafamude e Vilar do Paraíso,,41.1312049,-8.6051577,1,newdevelopment,True,True,22,True,https://www.idealista.pt/empreendimento/34271577/,7,2.101205229758106,25.333333333333332,302480.0,0.6666666666666666,1
34271573,415000.0,110.0,3773.0,3,3,Câmara de Gaia - Aviadores - Quinta das Pedras,Mafamude e Vilar do Paraíso,,41.1312049,-8.6051577,2,newdevelopment,True,True,22,True,https://www.idealista.pt/empreendimento/34271573/,7,2.101205229758106,27.5,415030.0,0.75,1
34271572,380000.0,100.0,3800.0,3,2,Câmara de Gaia - Aviadores - Quinta das Pedras,Mafamude e Vilar do Paraíso,,41.1312049,-8.6051577,2,newdevelopment,True,True,22,True,https://www.idealista.pt/empreendimento/34271572/,7,2.101205229758106,25.0,380000.0,0.5,1
34271568,420000.0,110.0,3818.0,3,3,Câmara de Gaia - Aviadores - Quinta das Pedras,Mafamude e Vilar do Paraíso,,41.1312049,-8.6051577,3,newdevelopment,True,True,22,True,https://www.idealista.pt/empreendimento/34271568/,7,2.101205229758106,27.5,419980.0,0.75,1
34271563,425000.0,110.0,3864.0,3,3,Câmara de Gaia - Aviadores - Quinta das Pedras,Mafamude e Vilar do Paraíso,,41.1312049,-8.6051577,4,newdevelopment,True,True,22,True,https://www.idealista.pt/empreendimento/34271563/,7,2.101205229758106,27.5,425040.0,0.75,1
34271562,400000.0,100.0,4000.0,3,2,Câmara de Gaia - Aviadores - Quinta das Pedras,Mafamude e Vilar do Paraíso,,41.1312049,-8.6051577,4,newdevelopment,True,True,22,True,https://www.idealista.pt/empreendimento/34271562/,7,2.101205229758106,25.0,400000.0,0.5,1
34271559,430000.0,110.0,3909.0,3,3,Câmara de Gaia - Aviadores - Quinta das Pedras,Mafamude e Vilar do Paraíso,,41.1312049,-8.6051577,5,newdevelopment,True,True,22,True,https://www.idealista.pt/empreendimento/34271559/,7,2.101205229758106,27.5,429990.0,0.75,1
34271557,312500.0,76.0,4112.0,2,2,Câmara de Gaia - Aviadores - Quinta das Pedras,Mafamude e Vilar do Paraíso,,41.1312049,-8.6051577,5,newdevelopment,True,True,22,True,https://www.idealista.pt/empreendimento/34271557/,7,2.101205229758106,25.333333333333332,312512.0,0.6666666666666666,1
34271552,450000.0,110.0,4091.0,3,3,Câmara de Gaia - Aviadores - Quinta das Pedras,Mafamude e Vilar do Paraíso,,41.1312049,-8.6051577,7,newdevelopment,True,True,22,True,https://www.idealista.pt/empreendimento/34271552/,7,2.101205229758106,27.5,450010.0,0.75,1
34271551,415000.0,96.0,4323.0,3,2,Câmara de Gaia - Aviadores - Quinta das Pedras,Mafamude e Vilar do Paraíso,,41.1312049,-8.6051577,7,newdevelopment,True,True,22,True,https://www.idealista.pt/empreendimento/34271551/,7,2.101205229758106,24.0,415008.0,0.5,1
34271550,322500.0,76.0,4243.0,2,2,Câmara de Gaia - Aviadores - Quinta das Pedras,Mafamude e Vilar do Paraíso,,41.1312049,-8.6051577,7,newdevelopment,True,True,22,True,https://www.idealista.pt/empreendimento/34271550/,7,2.101205229758106,25.333333333333332,322468.0,0.6666666666666666,1
34271549,362500.0,85.0,4265.0,2,2,Câmara de Gaia - Aviadores - Quinta das Pedras,Mafamude e Vilar do Paraíso,,41.1312049,-8.6051577,8,newdevelopment,True,True,22,True,https://www.idealista.pt/empreendimento/34271549/,7,2.101205229758106,28.333333333333332,362525.0,0.6666666666666666,1
34271548,455000.0,100.0,4550.0,3,2,Câmara de Gaia - Aviadores - Quinta das Pedras,Mafamude e Vilar do Paraíso,,41.1312049,-8.6051577,8,newdevelopment,True,True,22,True,https://www.idealista.pt/empreendimento/34271548/,7,2.101205229758106,25.0,455000.0,0.5,1
34271545,380000.0,83.0,4578.0,2,2,Câmara de Gaia - Aviadores - Quinta das Pedras,Mafamude e Vilar do Paraíso,,41.1312049,-8.6051577,9,newdevelopment,True,True,22,True,https://www.idealista.pt/empreendimento/34271545/,7,2.101205229758106,27.666666666666668,379974.0,0.6666666666666666,1
34271544,485000.0,110.0,4409.0,3,3,Câmara de Gaia - Aviadores - Quinta das Pedras,Mafamude e Vilar do Paraíso,,41.1312049,-8.6051577,9,newdevelopment,True,True,22,True,https://www.idealista.pt/empreendimento/34271544/,7,2.101205229758106,27.5,484990.0,0.75,1
34271543,470000.0,96.0,4896.0,3,2,Câmara de Gaia - Aviadores - Quinta das Pedras,Mafamude e Vilar do Paraíso,,41.1312049,-8.6051577,9,newdevelopment,True,True,22,True,https://www.idealista.pt/empreendimento/34271543/,7,2.101205229758106,24.0,470016.0,0.5,1
34271542,377000.0,79.0,4772.0,2,2,Câmara de Gaia - Aviadores - Quinta das Pedras,Mafamude e Vilar do Paraíso,,41.1312049,-8.6051577,9,newdevelopment,True,True,22,True,https://www.idealista.pt/empreendimento/34271542/,7,2.101205229758106,26.333333333333332,376988.0,0.6666666666666666,1
34271541,350000.0,76.0,4605.0,2,2,Câmara de Gaia - Aviadores - Quinta das Pedras,Mafamude e Vilar do Paraíso,,41.1312049,-8.6051577,9,newdevelopment,True,True,22,True,https://www.idealista.pt/empreendimento/34271541/,7,2.101205229758106,25.333333333333332,349980.0,0.6666666666666666,1
34271536,337500.0,78.0,4327.0,2,2,Câmara de Gaia - Aviadores - Quinta das Pedras,Mafamude e Vilar do Paraíso,,41.1312049,-8.6051577,8,newdevelopment,True,True,22,True,https://www.idealista.pt/empreendimento/34271536/,7,2.101205229758106,26.0,337506.0,0.6666666666666666,1
34271535,362500.0,86.0,4215.0,2,2,Câmara de Gaia - Aviadores - Quinta das Pedras,Mafamude e Vilar do Paraíso,,41.1312049,-8.6051577,8,newdevelopment,True,True,22,True,https://www.idealista.pt/empreendimento/34271535/,7,2.101205229758106,28.666666666666668,362490.0,0.6666666666666666,1
34271490,327500.0,53.0,6179.0,0,1,Campo 24 de Agosto,Bonfim,,41.151298,-8.5977405,11,newdevelopment,True,True,34,True,https://www.idealista.pt/empreendimento/34271490/,6,1.1178792494895093,53.0,327487.0,1.0,1
34721481,1200000.0,334.0,3593.0,4,4,Boavista,Cedofeita - Santo Ildefonso - Sé - Miragaia - São Nicolau - Vitória,Júlio Dinis - Hospital Militar,41.1564944,-8.6227864,7,good,False,True,26,False,https://www.idealista.pt/imovel/34721481/,1,1.2562260156321396,66.8,1200062.0,0.8,1
34716402,270000.0,63.0,4286.0,0,1,Hospital São João - Pólo Universitário,Paranhos,,41.1754782,-8.5894517,5,good,False,True,22,False,https://www.idealista.pt/imovel/34716402/,3,3.3917460910376604,63.0,270018.0,1.0,0
34720361,299000.0,151.0,1980.0,3,2,Vila d'Este - Monte da Virgem,Vilar de Andorinho,,41.099875,-8.5896498,6,good,False,True,19,False,https://www.idealista.pt/imovel/34720361/,7,5.8086025593521375,37.75,298980.0,0.5,0
34301314,345000.0,69.0,5000.0,1,1,Campo 24 de Agosto,Bonfim,,41.151298,-8.5977405,6,newdevelopment,True,True,33,False,https://www.idealista.pt/empreendimento/34301314/,6,1.1178792494895093,34.5,345000.0,0.5,1
34722096,750000.0,333.0,2252.0,4,4, Viso - Zona Industrial,Ramalde,,41.1761291,-8.6440592,,good,False,,44,False,https://www.idealista.pt/imovel/34722096/,5,4.050573102247662,66.6,749916.0,0.8,0
34296991,225000.0,36.0,6250.0,0,1,Campo 24 de Agosto,Bonfim,,41.151298,-8.5977405,5,newdevelopment,True,True,36,False,https://www.idealista.pt/empreendimento/34296991/,6,1.1178792494895093,36.0,225000.0,1.0,1
34716944,371000.0,140.0,2650.0,4,2,Seara - Freixieiro,Oliveira do Douro,,41.1141702,-8.5769353,6,good,False,True,21,False,https://www.idealista.pt/imovel/34716944/,4,4.859251100968268,28.0,371000.0,0.4,0
34715945,420000.0,231.0,1818.0,3,2,Lavadores,Canidelo,,41.1289698,-8.6554537,,good,False,,26,False,https://www.idealista.pt/imovel/34715945/,2,4.379827571344183,57.75,419958.0,0.5,0
34680939,219000.0,60.0,3650.0,2,1,Estação,Campanhã,,41.149537,-8.5884259,6,good,False,True,33,True,https://www.idealista.pt/imovel/34680939/,6,1.8817504657196245,20.0,219000.0,0.3333333333333333,1
34716934,256000.0,88.0,2909.0,2,1,Afurada - Arrábida - Cavaco,Santa Marinha e São Pedro da Afurada,,41.1384215,-8.635057,5,good,False,True,16,False,https://www.idealista.pt/imovel/34716934/,2,2.37419829595027,29.333333333333332,255992.0,0.3333333333333333,1
34716926,575000.0,132.0,4356.0,2,2,Lavadores,Canidelo,,41.132582,-8.667367,3,good,False,True,19,False,https://www.idealista.pt/imovel/34716926/,2,5.093132495489298,44.0,574992.0,0.6666666666666666,0
34188916,225000.0,59.0,3814.0,0,1,Covelo - Monte de São João,Paranhos,,41.1627105,-8.603706,2,newdevelopment,True,True,20,True,https://www.idealista.pt/empreendimento/34188916/,6,1.577336991097365,59.0,225026.0,1.0,1
34716887,498000.0,129.0,3860.0,3,2,Afurada - Arrábida - Cavaco,Santa Marinha e São Pedro da Afurada,,41.1381663,-8.6409581,5,good,False,True,18,False,https://www.idealista.pt/imovel/34716887/,2,2.8198325375318727,32.25,497940.0,0.5,1
34679482,285000.0,51.0,5588.0,1,1,Covelo - Monte de São João,Paranhos,,41.1649129,-8.6052823,3,,True,True,15,False,https://www.idealista.pt/empreendimento/34679482/,6,1.7664756104108625,25.5,284988.0,0.5,1
34720394,219000.0,75.0,2920.0,2,1,Centro Histórico,Santa Marinha e São Pedro da Afurada,,41.1368194,-8.6100846,,good,False,,24,False,https://www.idealista.pt/imovel/34720394/,7,1.4227771945979457,25.0,219000.0,0.3333333333333333,1
34716359,300000.0,100.0,3000.0,3,2,Soares dos Reis - Rasa de Cima,Mafamude e Vilar do Paraíso,,41.1241909,-8.6045756,7,good,False,True,22,False,https://www.idealista.pt/imovel/34716359/,7,2.8745771193873666,25.0,300000.0,0.5,1
34606245,545000.0,104.0,5240.0,2,2,Bessa - Foco,Ramalde,,41.1607998,-8.6450027,5,,True,True,49,False,https://www.idealista.pt/empreendimento/34606245/,1,3.1149280635608005,34.666666666666664,544960.0,0.6666666666666666,0
34188969,250000.0,75.0,3333.0,1,1,Covelo - Monte de São João,Paranhos,,41.1627105,-8.603706,3,newdevelopment,True,True,20,True,https://www.idealista.pt/empreendimento/34188969/,6,1.577336991097365,37.5,249975.0,0.5,1
34716959,380000.0,216.0,1759.0,4,3,Soares dos Reis - Rasa de Cima,Mafamude e Vilar do Paraíso,,41.1222424,-8.6061762,3,good,False,True,26,False,https://www.idealista.pt/imovel/34716959/,7,3.0676416313550052,43.2,379944.0,0.6,0
34494956,1400000.0,192.0,7292.0,3,4,Palácio de Cristal - Galiza - Vilar,Lordelo do Ouro e Massarelos,,41.1455552,-8.6252032,1,newdevelopment,True,True,21,False,https://www.idealista.pt/empreendimento/34494956/,1,1.2792989241922788,48.0,1400064.0,1.0,1
34494957,1800000.0,250.0,7200.0,3,4,Palácio de Cristal - Galiza - Vilar,Lordelo do Ouro e Massarelos,,41.1455552,-8.6252032,1,newdevelopment,True,True,21,False,https://www.idealista.pt/empreendimento/34494957/,1,1.2792989241922788,62.5,1800000.0,1.0,1
34494952,960000.0,152.0,6316.0,2,2,Palácio de Cristal - Galiza - Vilar,Lordelo do Ouro e Massarelos,,41.1455552,-8.6252032,bj,newdevelopment,True,True,20,False,https://www.idealista.pt/empreendimento/34494952/,1,1.2792989241922788,50.666666666666664,960032.0,0.6666666666666666,1
34494953,980000.0,124.0,7903.0,2,2,Palácio de Cristal - Galiza - Vilar,Lordelo do Ouro e Massarelos,,41.1455552,-8.6252032,bj,newdevelopment,True,True,20,False,https://www.idealista.pt/empreendimento/34494953/,1,1.2792989241922788,41.333333333333336,979972.0,0.6666666666666666,1
34494947,860000.0,116.0,7414.0,1,1,Palácio de Cristal - Galiza - Vilar,Lordelo do Ouro e Massarelos,,41.1455552,-8.6252032,1,newdevelopment,True,True,21,False,https://www.idealista.pt/empreendimento/34494947/,1,1.2792989241922788,58.0,860024.0,0.5,1
34271910,409500.0,97.0,4222.0,2,2,Prelada - Monte dos Burgos,Ramalde,Parque da Prelada,41.1767233,-8.6312809,1,newdevelopment,True,True,19,True,https://www.idealista.pt/empreendimento/34271910/,5,3.465104097035788,32.333333333333336,409534.0,0.6666666666666666,0
34540870,456750.0,146.0,3128.0,2,2,Prelada - Monte dos Burgos,Ramalde,Parque da Prelada,41.1767233,-8.6312809,3,newdevelopment,True,True,19,True,https://www.idealista.pt/empreendimento/34540870/,5,3.465104097035788,48.666666666666664,456688.0,0.6666666666666666,0
34680814,330000.0,93.0,3548.0,2,2,Padrão da Légua - Av. Xanana Gusmão,Custóias - Leça do Balio - Guifões,,41.1913596,-8.6334656,4,newdevelopment,True,True,18,False,https://www.idealista.pt/empreendimento/34680814/,5,5.012906335582817,31.0,329964.0,0.6666666666666666,0
34680816,310000.0,95.0,3263.0,2,1,Padrão da Légua - Av. Xanana Gusmão,Custóias - Leça do Balio - Guifões,,41.1913596,-8.6334656,1,newdevelopment,True,True,18,False,https://www.idealista.pt/empreendimento/34680816/,5,5.012906335582817,31.666666666666668,309985.0,0.3333333333333333,0
34680818,270000.0,71.0,3803.0,1,1,Padrão da Légua - Av. Xanana Gusmão,Custóias - Leça do Balio - Guifões,,41.1913596,-8.6334656,4,newdevelopment,True,True,18,False,https://www.idealista.pt/empreendimento/34680818/,5,5.012906335582817,35.5,270013.0,0.5,0
34680806,350000.0,124.0,2823.0,2,2,Padrão da Légua - Av. Xanana Gusmão,Custóias - Leça do Balio - Guifões,,41.1913596,-8.6334656,2,newdevelopment,True,True,18,False,https://www.idealista.pt/empreendimento/34680806/,5,5.012906335582817,41.333333333333336,350052.0,0.6666666666666666,0
34384750,460000.0,116.0,3966.0,2,3,Prelada - Monte dos Burgos,Ramalde,Requesende,41.1744685,-8.636216,5,newdevelopment,True,True,16,True,https://www.idealista.pt/empreendimento/34384750/,5,3.4839602144199904,38.666666666666664,460056.0,1.0,0
34680747,405000.0,122.0,3320.0,3,3,Padrão da Légua - Av. Xanana Gusmão,Custóias - Leça do Balio - Guifões,,41.1913596,-8.6334656,4,newdevelopment,True,True,18,False,https://www.idealista.pt/empreendimento/34680747/,5,5.012906335582817,30.5,405040.0,0.75,0
34662719,278000.0,42.0,6619.0,1,1,General Torres,Santa Marinha e São Pedro da Afurada,,41.1329627,-8.6075083,8,,True,True,41,True,https://www.idealista.pt/empreendimento/34662719/,7,1.8716585707501867,21.0,277998.0,0.5,1
34570695,430000.0,71.0,6056.0,2,2,Matosinhos Sul - Marginal,Matosinhos e Leça da Palmeira,,41.1772732,-8.6853742,3,newdevelopment,True,True,22,True,https://www.idealista.pt/empreendimento/34570695/,0,6.952387311599068,23.666666666666668,429976.0,0.6666666666666666,0
34570691,445000.0,71.0,6268.0,2,2,Matosinhos Sul - Marginal,Matosinhos e Leça da Palmeira,,41.1772732,-8.6853742,4,newdevelopment,True,True,22,True,https://www.idealista.pt/empreendimento/34570691/,0,6.952387311599068,23.666666666666668,445028.0,0.6666666666666666,0
34679674,241000.0,56.0,4304.0,1,1,Soares dos Reis - Rasa de Cima,Mafamude e Vilar do Paraíso,,41.121395,-8.608449,5,newdevelopment,True,True,33,False,https://www.idealista.pt/empreendimento/34679674/,7,3.142962882200406,28.0,241024.0,0.5,0
34679670,238000.0,56.0,4250.0,1,1,Soares dos Reis - Rasa de Cima,Mafamude e Vilar do Paraíso,,41.121395,-8.608449,4,newdevelopment,True,True,33,False,https://www.idealista.pt/empreendimento/34679670/,7,3.142962882200406,28.0,238000.0,0.5,0
34268528,267500.0,56.0,4777.0,1,1,Boavista,Cedofeita - Santo Ildefonso - Sé - Miragaia - São Nicolau - Vitória,Ramalda Alta,41.1622651,-8.619322,2,newdevelopment,True,True,17,True,https://www.idealista.pt/empreendimento/34268528/,1,1.5749470847510865,28.0,267512.0,0.5,1
34633437,256000.0,42.0,6095.0,1,1,General Torres,Santa Marinha e São Pedro da Afurada,,41.1329627,-8.6075083,6,,True,True,42,True,https://www.idealista.pt/empreendimento/34633437/,7,1.8716585707501867,21.0,255990.0,0.5,1
34228391,305000.0,101.0,3020.0,1,1,ESMAE - Doze Casas,Bonfim,,41.156458,-8.602369,4,newdevelopment,True,False,15,False,https://www.idealista.pt/empreendimento/34228391/,6,1.0448356725534211,50.5,305020.0,0.5,1
34228375,320000.0,132.0,2424.0,1,1,ESMAE - Doze Casas,Bonfim,,41.156458,-8.602369,1,newdevelopment,True,False,15,False,https://www.idealista.pt/empreendimento/34228375/,6,1.0448356725534211,66.0,319968.0,0.5,1
34228363,235000.0,130.0,1808.0,0,1,ESMAE - Doze Casas,Bonfim,,41.156458,-8.602369,2,newdevelopment,True,False,15,False,https://www.idealista.pt/empreendimento/34228363/,6,1.0448356725534211,130.0,235040.0,1.0,1
34719320,285000.0,165.0,1727.0,4,2, Viso - Zona Industrial,Ramalde,,41.1804639,-8.6457909,1,good,False,False,22,False,https://www.idealista.pt/imovel/34719320/,5,4.506491686872931,33.0,284955.0,0.4,0
34494263,610000.0,107.0,5701.0,3,3,Matosinhos Sul - Marginal,Matosinhos e Leça da Palmeira,,41.1772732,-8.6853742,2,newdevelopment,True,True,22,True,https://www.idealista.pt/empreendimento/34494263/,0,6.952387311599068,26.75,610007.0,0.75,0
34494260,465000.0,79.0,5886.0,2,2,Matosinhos Sul - Marginal,Matosinhos e Leça da Palmeira,,41.1772732,-8.6853742,1,newdevelopment,True,True,22,True,https://www.idealista.pt/empreendimento/34494260/,0,6.952387311599068,26.333333333333332,464994.0,0.6666666666666666,0
34494204,425000.0,70.0,6071.0,2,2,Matosinhos Sul - Marginal,Matosinhos e Leça da Palmeira,,41.1772732,-8.6853742,2,newdevelopment,True,True,34,True,https://www.idealista.pt/empreendimento/34494204/,0,6.952387311599068,23.333333333333332,424970.0,0.6666666666666666,0
33563180,575280.0,168.0,3424.0,3,2,Liceu - Paço do Rei,Mafamude e Vilar do Paraíso,,41.1237535,-8.6055245,6,newdevelopment,True,True,54,True,https://www.idealista.pt/empreendimento/33563180/,7,2.9090430112384635,42.0,575232.0,0.5,1
34648175,220000.0,95.0,2316.0,2,1,Seara - Freixieiro,Oliveira do Douro,,41.1160727,-8.574027,2,good,False,True,26,False,https://www.idealista.pt/imovel/34648175/,4,4.8409748616035975,31.666666666666668,220020.0,0.3333333333333333,0
34636170,288000.0,43.0,6698.0,1,1,General Torres,Santa Marinha e São Pedro da Afurada,,41.1329627,-8.6075083,8,,True,True,41,True,https://www.idealista.pt/empreendimento/34636170/,7,1.8716585707501867,21.5,288014.0,0.5,1
33563135,570180.0,169.0,3374.0,3,2,Liceu - Paço do Rei,Mafamude e Vilar do Paraíso,,41.1237535,-8.6055245,5,newdevelopment,True,True,55,True,https://www.idealista.pt/empreendimento/33563135/,7,2.9090430112384635,42.25,570206.0,0.5,1
34075131,525000.0,172.0,3052.0,3,3,Prelada - Monte dos Burgos,Ramalde,Parque da Prelada,41.1767233,-8.6312809,1,newdevelopment,True,True,19,True,https://www.idealista.pt/empreendimento/34075131/,5,3.465104097035788,43.0,524944.0,0.75,0
34461047,465000.0,127.0,3661.0,3,3,Soares dos Reis - Rasa de Cima,Mafamude e Vilar do Paraíso,,41.1180125,-8.6106934,4,newdevelopment,True,True,21,True,https://www.idealista.pt/empreendimento/34461047/,7,3.5124123630771464,31.75,464947.0,0.75,0
33563050,585480.0,197.0,2972.0,3,2,Liceu - Paço do Rei,Mafamude e Vilar do Paraíso,,41.1237535,-8.6055245,2,newdevelopment,True,True,54,True,https://www.idealista.pt/empreendimento/33563050/,7,2.9090430112384635,49.25,585484.0,0.5,1
34461045,398500.0,108.0,3690.0,2,2,Soares dos Reis - Rasa de Cima,Mafamude e Vilar do Paraíso,,41.1180125,-8.6106934,5,newdevelopment,True,True,21,True,https://www.idealista.pt/empreendimento/34461045/,7,3.5124123630771464,36.0,398520.0,0.6666666666666666,0
33563029,580380.0,198.0,2931.0,3,2,Liceu - Paço do Rei,Mafamude e Vilar do Paraíso,,41.1237535,-8.6055245,1,newdevelopment,True,True,54,True,https://www.idealista.pt/empreendimento/33563029/,7,2.9090430112384635,49.5,580338.0,0.5,1
34495021,1050000.0,135.0,7778.0,2,2,Palácio de Cristal - Galiza - Vilar,Lordelo do Ouro e Massarelos,,41.1455552,-8.6252032,1,newdevelopment,True,True,21,False,https://www.idealista.pt/empreendimento/34495021/,1,1.2792989241922788,45.0,1050030.0,0.6666666666666666,1
34541007,504000.0,193.0,2611.0,2,2,Prelada - Monte dos Burgos,Ramalde,Parque da Prelada,41.1767233,-8.6312809,3,newdevelopment,True,True,19,True,https://www.idealista.pt/empreendimento/34541007/,5,3.465104097035788,64.33333333333333,503923.0,0.6666666666666666,0
34461008,483500.0,133.0,3635.0,3,3,Soares dos Reis - Rasa de Cima,Mafamude e Vilar do Paraíso,,41.1180125,-8.6106934,4,newdevelopment,True,True,21,True,https://www.idealista.pt/empreendimento/34461008/,7,3.5124123630771464,33.25,483455.0,0.75,0
34461005,377000.0,106.0,3557.0,2,2,Soares dos Reis - Rasa de Cima,Mafamude e Vilar do Paraíso,,41.1180125,-8.6106934,3,newdevelopment,True,True,21,True,https://www.idealista.pt/empreendimento/34461005/,7,3.5124123630771464,35.333333333333336,377042.0,0.6666666666666666,0
34416990,530000.0,241.0,2199.0,4,4,Parque da Lavandeira - Sardão,Oliveira do Douro,,41.1171162,-8.5872973,1,newdevelopment,True,True,27,True,https://www.idealista.pt/empreendimento/34416990/,7,4.11755025270591,48.2,529959.0,0.8,0
34389990,590580.0,197.0,2998.0,3,2,Liceu - Paço do Rei,Mafamude e Vilar do Paraíso,,41.1237535,-8.6055245,3,newdevelopment,True,True,57,True,https://www.idealista.pt/empreendimento/34389990/,7,2.9090430112384635,49.25,590606.0,0.5,1
34389989,580380.0,169.0,3434.0,3,2,Liceu - Paço do Rei,Mafamude e Vilar do Paraíso,,41.1237535,-8.6055245,7,newdevelopment,True,True,56,True,https://www.idealista.pt/empreendimento/34389989/,7,2.9090430112384635,42.25,580346.0,0.5,1
34416981,495000.0,284.0,1743.0,4,4,Parque da Lavandeira - Sardão,Oliveira do Douro,,41.1171162,-8.5872973,bj,newdevelopment,True,True,27,True,https://www.idealista.pt/empreendimento/34416981/,7,4.11755025270591,56.8,495012.0,0.8,0
34540968,462000.0,153.0,3020.0,2,2,Prelada - Monte dos Burgos,Ramalde,Parque da Prelada,41.1767233,-8.6312809,3,newdevelopment,True,True,19,True,https://www.idealista.pt/empreendimento/34540968/,5,3.465104097035788,51.0,462060.0,0.6666666666666666,0
34416966,530000.0,257.0,2062.0,4,4,Parque da Lavandeira - Sardão,Oliveira do Douro,,41.1171162,-8.5872973,1,newdevelopment,True,True,26,True,https://www.idealista.pt/empreendimento/34416966/,7,4.11755025270591,51.4,529934.0,0.8,0
34352951,650000.0,115.0,5652.0,2,2,Baixa,Cedofeita - Santo Ildefonso - Sé - Miragaia - São Nicolau - Vitória,Cedofeita,41.1545222,-8.6224781,4,newdevelopment,True,True,47,True,https://www.idealista.pt/empreendimento/34352951/,1,1.1132275980298032,38.333333333333336,649980.0,0.6666666666666666,1
34352938,640000.0,119.0,5378.0,2,2,Baixa,Cedofeita - Santo Ildefonso - Sé - Miragaia - São Nicolau - Vitória,Cedofeita,41.1545222,-8.6224781,4,newdevelopment,True,True,47,True,https://www.idealista.pt/empreendimento/34352938/,1,1.1132275980298032,39.666666666666664,639982.0,0.6666666666666666,1
34352936,630000.0,115.0,5478.0,2,2,Baixa,Cedofeita - Santo Ildefonso - Sé - Miragaia - São Nicolau - Vitória,Cedofeita,41.1545222,-8.6224781,3,newdevelopment,True,True,47,True,https://www.idealista.pt/empreendimento/34352936/,1,1.1132275980298032,38.333333333333336,629970.0,0.6666666666666666,1
34272926,560000.0,162.0,3457.0,2,2,Centro Histórico,Santa Marinha e São Pedro da Afurada,,41.1434773,-8.632561,bj,newdevelopment,True,True,61,True,https://www.idealista.pt/empreendimento/34272926/,1,1.9373082361438114,54.0,560034.0,0.6666666666666666,1
34352906,425000.0,75.0,5667.0,1,1,Baixa,Cedofeita - Santo Ildefonso - Sé - Miragaia - São Nicolau - Vitória,Cedofeita,41.1545222,-8.6224781,11,newdevelopment,True,True,47,True,https://www.idealista.pt/empreendimento/34352906/,1,1.1132275980298032,37.5,425025.0,0.5,1
34352905,420000.0,75.0,5600.0,1,1,Baixa,Cedofeita - Santo Ildefonso - Sé - Miragaia - São Nicolau - Vitória,Cedofeita,41.1545222,-8.6224781,3,newdevelopment,True,True,47,True,https://www.idealista.pt/empreendimento/34352905/,1,1.1132275980298032,37.5,420000.0,0.5,1
33335901,285000.0,84.0,3393.0,2,1,Centro,Canelas,,41.0880106,-8.599264,2,newdevelopment,True,True,25,False,https://www.idealista.pt/empreendimento/33335901/,7,6.917447104333406,28.0,285012.0,0.3333333333333333,0
34352898,410000.0,71.0,5775.0,1,1,Baixa,Cedofeita - Santo Ildefonso - Sé - Miragaia - São Nicolau - Vitória,Cedofeita,41.1545222,-8.6224781,2,newdevelopment,True,True,47,True,https://www.idealista.pt/empreendimento/34352898/,1,1.1132275980298032,35.5,410025.0,0.5,1
34352896,405000.0,75.0,5400.0,1,1,Baixa,Cedofeita - Santo Ildefonso - Sé - Miragaia - São Nicolau - Vitória,Cedofeita,41.1545222,-8.6224781,5,newdevelopment,True,True,47,True,https://www.idealista.pt/empreendimento/34352896/,1,1.1132275980298032,37.5,405000.0,0.5,1
34272887,525000.0,133.0,3947.0,2,2,Centro Histórico,Santa Marinha e São Pedro da Afurada,,41.1434773,-8.632561,bj,newdevelopment,True,True,61,True,https://www.idealista.pt/empreendimento/34272887/,1,1.9373082361438114,44.333333333333336,524951.0,0.6666666666666666,1
34272888,540000.0,104.0,5192.0,2,2,Centro Histórico,Santa Marinha e São Pedro da Afurada,,41.1434773,-8.632561,1,newdevelopment,True,True,61,True,https://www.idealista.pt/empreendimento/34272888/,1,1.9373082361438114,34.666666666666664,539968.0,0.6666666666666666,1
34272873,580000.0,124.0,4677.0,2,2,Centro Histórico,Santa Marinha e São Pedro da Afurada,,41.1434773,-8.632561,2,newdevelopment,True,True,61,True,https://www.idealista.pt/empreendimento/34272873/,1,1.9373082361438114,41.333333333333336,579948.0,0.6666666666666666,1
34352864,335000.0,56.0,5982.0,1,1,Baixa,Cedofeita - Santo Ildefonso - Sé - Miragaia - São Nicolau - Vitória,Cedofeita,41.1545222,-8.6224781,2,newdevelopment,True,True,47,True,https://www.idealista.pt/empreendimento/34352864/,1,1.1132275980298032,28.0,334992.0,0.5,1
34615847,650000.0,227.0,2863.0,3,3,Prelada - Monte dos Burgos,Ramalde,Monte dos Burgos,41.1784893,-8.6281597,4,newdevelopment,True,True,45,False,https://www.idealista.pt/empreendimento/34615847/,5,3.5223087502304993,56.75,649901.0,0.75,0
34615838,580000.0,190.0,3053.0,2,3,Prelada - Monte dos Burgos,Ramalde,Monte dos Burgos,41.1784893,-8.6281597,4,newdevelopment,True,True,45,False,https://www.idealista.pt/empreendimento/34615838/,5,3.5223087502304993,63.333333333333336,580070.0,1.0,0
33708841,623000.0,135.0,4615.0,3,2,Antas - Estádio do Dragão,Campanhã,,41.158902,-8.5915304,7,newdevelopment,True,True,42,True,https://www.idealista.pt/empreendimento/33708841/,6,1.9234629442359152,33.75,623025.0,0.5,1
34615812,750000.0,270.0,2778.0,4,4,Prelada - Monte dos Burgos,Ramalde,Monte dos Burgos,41.1784893,-8.6281597,4,newdevelopment,True,True,45,False,https://www.idealista.pt/empreendimento/34615812/,5,3.5223087502304993,54.0,750060.0,0.8,0
33803749,710000.0,140.0,5071.0,3,2,Antas - Estádio do Dragão,Campanhã,,41.158902,-8.5915304,9,newdevelopment,True,True,42,True,https://www.idealista.pt/empreendimento/33803749/,6,1.9234629442359152,35.0,709940.0,0.5,1
34615730,512000.0,156.0,3282.0,2,3,Prelada - Monte dos Burgos,Ramalde,Monte dos Burgos,41.1784893,-8.6281597,3,newdevelopment,True,True,45,False,https://www.idealista.pt/empreendimento/34615730/,5,3.5223087502304993,52.0,511992.0,1.0,0
33387715,334990.0,64.0,5234.0,1,1,Camões - Gonçalo Cristóvão - Faria Guimarães,Cedofeita - Santo Ildefonso - Sé - Miragaia - São Nicolau - Vitória,,41.1537281,-8.6062295,ss,newdevelopment,True,True,31,True,https://www.idealista.pt/empreendimento/33387715/,6,0.6030080000930292,32.0,334976.0,0.5,1
34514702,548080.0,105.0,5220.0,2,2,Camões - Gonçalo Cristóvão - Faria Guimarães,Cedofeita - Santo Ildefonso - Sé - Miragaia - São Nicolau - Vitória,,41.1537281,-8.6062295,5,newdevelopment,True,True,31,True,https://www.idealista.pt/empreendimento/34514702/,6,0.6030080000930292,35.0,548100.0,0.6666666666666666,1
34514694,470500.0,94.0,5005.0,1,1,Camões - Gonçalo Cristóvão - Faria Guimarães,Cedofeita - Santo Ildefonso - Sé - Miragaia - São Nicolau - Vitória,,41.1537281,-8.6062295,5,newdevelopment,True,True,32,True,https://www.idealista.pt/empreendimento/34514694/,6,0.6030080000930292,47.0,470470.0,0.5,1
34514692,399500.0,80.0,4994.0,1,1,Camões - Gonçalo Cristóvão - Faria Guimarães,Cedofeita - Santo Ildefonso - Sé - Miragaia - São Nicolau - Vitória,,41.1537281,-8.6062295,4,newdevelopment,True,True,31,True,https://www.idealista.pt/empreendimento/34514692/,6,0.6030080000930292,40.0,399520.0,0.5,1
34448687,385000.0,118.0,3263.0,2,2,Liceu - Paço do Rei,Mafamude e Vilar do Paraíso,,41.1237535,-8.6055245,6,newdevelopment,True,True,51,False,https://www.idealista.pt/empreendimento/34448687/,7,2.9090430112384635,39.333333333333336,385034.0,0.6666666666666666,1
34514689,335000.0,67.0,5000.0,1,1,Camões - Gonçalo Cristóvão - Faria Guimarães,Cedofeita - Santo Ildefonso - Sé - Miragaia - São Nicolau - Vitória,,41.1537281,-8.6062295,2,newdevelopment,True,True,31,True,https://www.idealista.pt/empreendimento/34514689/,6,0.6030080000930292,33.5,335000.0,0.5,1
34514688,505400.0,106.0,4768.0,1,1,Camões - Gonçalo Cristóvão - Faria Guimarães,Cedofeita - Santo Ildefonso - Sé - Miragaia - São Nicolau - Vitória,,41.1537281,-8.6062295,5,newdevelopment,True,True,32,True,https://www.idealista.pt/empreendimento/34514688/,6,0.6030080000930292,53.0,505408.0,0.5,1
34713676,260000.0,99.0,2626.0,2,2,Seara - Freixieiro,Oliveira do Douro,,41.1134873,-8.5805051,5,good,False,True,16,False,https://www.idealista.pt/imovel/34713676/,4,4.754462155610471,33.0,259974.0,0.6666666666666666,0
34514668,324000.0,65.0,4985.0,1,1,Camões - Gonçalo Cristóvão - Faria Guimarães,Cedofeita - Santo Ildefonso - Sé - Miragaia - São Nicolau - Vitória,,41.1537281,-8.6062295,2,newdevelopment,True,True,31,True,https://www.idealista.pt/empreendimento/34514668/,6,0.6030080000930292,32.5,324025.0,0.5,1
33708666,708000.0,143.0,4951.0,3,2,Antas - Estádio do Dragão,Campanhã,,41.158902,-8.5915304,3,newdevelopment,True,True,42,True,https://www.idealista.pt/empreendimento/33708666/,6,1.9234629442359152,35.75,707993.0,0.5,1
34514658,399500.0,80.0,4994.0,1,1,Camões - Gonçalo Cristóvão - Faria Guimarães,Cedofeita - Santo Ildefonso - Sé - Miragaia - São Nicolau - Vitória,,41.1537281,-8.6062295,5,newdevelopment,True,True,31,True,https://www.idealista.pt/empreendimento/34514658/,6,0.6030080000930292,40.0,399520.0,0.5,1
34514637,239400.0,40.0,5985.0,0,1,Camões - Gonçalo Cristóvão - Faria Guimarães,Cedofeita - Santo Ildefonso - Sé - Miragaia - São Nicolau - Vitória,,41.1537281,-8.6062295,5,newdevelopment,True,True,31,True,https://www.idealista.pt/empreendimento/34514637/,6,0.6030080000930292,40.0,239400.0,1.0,1
34477621,278000.0,52.0,5346.0,0,1,Antas - Estádio do Dragão,Campanhã,,41.158902,-8.5915304,8,newdevelopment,True,True,42,True,https://www.idealista.pt/empreendimento/34477621/,6,1.9234629442359152,52.0,277992.0,1.0,1
33708619,675000.0,136.0,4963.0,3,2,Antas - Estádio do Dragão,Campanhã,,41.158902,-8.5915304,3,newdevelopment,True,True,42,True,https://www.idealista.pt/empreendimento/33708619/,6,1.9234629442359152,34.0,674968.0,0.5,1
33708618,654000.0,132.0,4955.0,3,2,Antas - Estádio do Dragão,Campanhã,,41.158902,-8.5915304,3,newdevelopment,True,True,42,True,https://www.idealista.pt/empreendimento/33708618/,6,1.9234629442359152,33.0,654060.0,0.5,1
34639544,552760.0,106.0,5215.0,2,2,Camões - Gonçalo Cristóvão - Faria Guimarães,Cedofeita - Santo Ildefonso - Sé - Miragaia - São Nicolau - Vitória,,41.1537281,-8.6062295,5,newdevelopment,True,True,31,True,https://www.idealista.pt/empreendimento/34639544/,6,0.6030080000930292,35.333333333333336,552790.0,0.6666666666666666,1
34610490,585000.0,135.0,4333.0,2,2,Centro Histórico,Santa Marinha e São Pedro da Afurada,,41.1434773,-8.632561,1,newdevelopment,True,True,61,True,https://www.idealista.pt/empreendimento/34610490/,1,1.9373082361438114,45.0,584955.0,0.6666666666666666,1
33933478,334990.0,121.0,2769.0,1,1,Camões - Gonçalo Cristóvão - Faria Guimarães,Cedofeita - Santo Ildefonso - Sé - Miragaia - São Nicolau - Vitória,,41.1537281,-8.6062295,ss,newdevelopment,True,True,31,True,https://www.idealista.pt/empreendimento/33933478/,6,0.6030080000930292,60.5,335049.0,0.5,1
34716459,355000.0,161.0,2205.0,4,2,Paniceiro-Viso-Meiral,Canidelo,,41.1222725,-8.6381028,4,good,False,True,24,False,https://www.idealista.pt/imovel/34716459/,2,3.797828102663707,32.2,355005.0,0.4,0
34589449,485000.0,113.0,4292.0,2,2,Lavadores,Canidelo,,41.1337024,-8.6665562,2,newdevelopment,True,True,52,True,https://www.idealista.pt/empreendimento/34589449/,2,4.98459189728791,37.666666666666664,484996.0,0.6666666666666666,0
34589406,525000.0,219.0,2397.0,2,2,Lavadores,Canidelo,,41.1337024,-8.6665562,1,newdevelopment,True,True,52,True,https://www.idealista.pt/empreendimento/34589406/,2,4.98459189728791,73.0,524943.0,0.6666666666666666,0
34589386,520000.0,113.0,4602.0,2,2,Lavadores,Canidelo,,41.1337024,-8.6665562,3,newdevelopment,True,True,52,True,https://www.idealista.pt/empreendimento/34589386/,2,4.98459189728791,37.666666666666664,520026.0,0.6666666666666666,0
34589378,495000.0,113.0,4381.0,2,2,Lavadores,Canidelo,,41.1337024,-8.6665562,3,newdevelopment,True,True,52,True,https://www.idealista.pt/empreendimento/34589378/,2,4.98459189728791,37.666666666666664,495053.0,0.6666666666666666,0
34589376,546000.0,261.0,2092.0,2,2,Lavadores,Canidelo,,41.1337024,-8.6665562,1,newdevelopment,True,True,52,True,https://www.idealista.pt/empreendimento/34589376/,2,4.98459189728791,87.0,546012.0,0.6666666666666666,0
34718331,309000.0,121.0,2554.0,3,2,São Cosme,São Cosme - Valbom - Jovim,Centro de Gondomar,41.1403646,-8.5334163,4,good,False,True,17,False,https://www.idealista.pt/imovel/34718331/,4,6.56886633863638,30.25,309034.0,0.5,0
34713316,445000.0,159.0,2799.0,3,2,Amial,Paranhos,,41.1769972,-8.6201546,1,good,False,True,30,False,https://www.idealista.pt/imovel/34713316/,5,3.143393203813139,39.75,445041.0,0.5,0
33847294,370000.0,111.0,3333.0,3,2,São Roque da Lameira,Campanhã,,41.1643805,-8.5714607,1,newdevelopment,True,True,59,False,https://www.idealista.pt/empreendimento/33847294/,3,3.6882692518329723,27.75,369963.0,0.5,0
34214243,505000.0,95.0,5316.0,2,2,Antas - Estádio do Dragão,Campanhã,,41.158902,-8.5915304,3,newdevelopment,True,True,42,True,https://www.idealista.pt/empreendimento/34214243/,6,1.9234629442359152,31.666666666666668,505020.0,0.6666666666666666,1
34691231,299000.0,134.0,2231.0,3,2,Santegãos - Estrada Nova - Campainha,Rio Tinto,,41.189007,-8.5632148,1,good,False,False,24,False,https://www.idealista.pt/imovel/34691231/,3,5.927248167434005,33.5,298954.0,0.5,0
34713228,258000.0,91.0,2835.0,2,2,Quinta das Rosas - Rasa de Baixo,Mafamude e Vilar do Paraíso,,41.1093461,-8.6193078,7,good,False,True,18,False,https://www.idealista.pt/imovel/34713228/,7,4.531084686918404,30.333333333333332,257985.0,0.6666666666666666,0
34318140,860000.0,177.0,4859.0,3,3,Lavadores,Canidelo,,41.1337024,-8.6665562,2,newdevelopment,True,True,52,True,https://www.idealista.pt/empreendimento/34318140/,2,4.98459189728791,44.25,860043.0,0.75,0
34318126,880000.0,176.0,5000.0,3,3,Lavadores,Canidelo,,41.1337024,-8.6665562,3,newdevelopment,True,True,52,True,https://www.idealista.pt/empreendimento/34318126/,2,4.98459189728791,44.0,880000.0,0.75,0
34506118,699000.0,143.0,4888.0,3,3,Antas - Estádio do Dragão,Campanhã,,41.158902,-8.5915304,8,newdevelopment,True,True,42,True,https://www.idealista.pt/empreendimento/34506118/,6,1.9234629442359152,35.75,698984.0,0.75,1
34713105,276000.0,103.0,2680.0,2,2,Monte da Virgem - São Tiago,Oliveira do Douro,,41.111886,-8.5894645,3,good,False,True,17,False,https://www.idealista.pt/imovel/34713105/,7,4.561731928014195,34.333333333333336,276040.0,0.6666666666666666,0
34292103,598000.0,265.0,2257.0,3,3,Prelada - Monte dos Burgos,Ramalde,Monte dos Burgos,41.1784893,-8.6281597,2,newdevelopment,True,True,24,False,https://www.idealista.pt/empreendimento/34292103/,5,3.5223087502304993,66.25,598105.0,0.75,0
34414103,515000.0,115.0,4478.0,2,2,Centro Histórico,Santa Marinha e São Pedro da Afurada,,41.1434773,-8.632561,1,newdevelopment,True,True,61,True,https://www.idealista.pt/empreendimento/34414103/,1,1.9373082361438114,38.333333333333336,514970.0,0.6666666666666666,1
33336082,365000.0,136.0,2684.0,3,2,Centro,Canelas,,41.0874112,-8.6004944,2,newdevelopment,True,True,26,False,https://www.idealista.pt/empreendimento/33336082/,7,6.969800393683433,34.0,365024.0,0.5,0
34501068,287000.0,53.0,5415.0,1,1,General Torres,Santa Marinha e São Pedro da Afurada,,41.1329627,-8.6075083,7,newdevelopment,True,True,40,True,https://www.idealista.pt/empreendimento/34501068/,7,1.8716585707501867,26.5,286995.0,0.5,1
33336053,340000.0,121.0,2810.0,3,2,Centro,Canelas,,41.0878571,-8.6002614,1,newdevelopment,True,True,26,False,https://www.idealista.pt/empreendimento/33336053/,7,6.923095665786851,30.25,340010.0,0.5,0
34718043,271000.0,121.0,2240.0,3,2,Barrosa - Devesas - Telheira do Meio,Santa Marinha e São Pedro da Afurada,,41.1210804,-8.6166078,10,good,False,True,21,False,https://www.idealista.pt/imovel/34718043/,7,3.207058891803473,30.25,271040.0,0.5,0
33336043,365000.0,112.0,3259.0,3,2,Centro,Canelas,,41.0871586,-8.6004796,2,newdevelopment,True,True,26,False,https://www.idealista.pt/empreendimento/33336043/,7,6.997823340902056,28.0,365008.0,0.5,0
34337041,570000.0,121.0,4711.0,2,2,Centro Histórico,Santa Marinha e São Pedro da Afurada,,41.1434773,-8.632561,1,newdevelopment,True,True,61,True,https://www.idealista.pt/empreendimento/34337041/,1,1.9373082361438114,40.333333333333336,570031.0,0.6666666666666666,1
34337039,530000.0,153.0,3464.0,2,2,Centro Histórico,Santa Marinha e São Pedro da Afurada,,41.1434773,-8.632561,bj,newdevelopment,True,True,61,True,https://www.idealista.pt/empreendimento/34337039/,1,1.9373082361438114,51.0,529992.0,0.6666666666666666,1
34337042,730000.0,198.0,3687.0,3,3,Centro Histórico,Santa Marinha e São Pedro da Afurada,,41.1434773,-8.632561,2,newdevelopment,True,True,61,True,https://www.idealista.pt/empreendimento/34337042/,1,1.9373082361438114,49.5,730026.0,0.75,1
33708035,330000.0,52.0,6346.0,1,1,Antas - Estádio do Dragão,Campanhã,,41.158902,-8.5915304,7,newdevelopment,True,True,42,True,https://www.idealista.pt/empreendimento/33708035/,6,1.9234629442359152,26.0,329992.0,0.5,1
34337021,550000.0,162.0,3395.0,2,2,Centro Histórico,Santa Marinha e São Pedro da Afurada,,41.1434773,-8.632561,1,newdevelopment,True,True,61,True,https://www.idealista.pt/empreendimento/34337021/,1,1.9373082361438114,54.0,549990.0,0.6666666666666666,1
33336016,285000.0,112.0,2545.0,2,1,Centro,Canelas,,41.0879376,-8.6005677,2,newdevelopment,True,True,25,False,https://www.idealista.pt/empreendimento/33336016/,7,6.9109586949223925,37.333333333333336,285040.0,0.3333333333333333,0
34337004,715000.0,195.0,3667.0,3,3,Centro Histórico,Santa Marinha e São Pedro da Afurada,,41.1434773,-8.632561,1,newdevelopment,True,True,61,True,https://www.idealista.pt/empreendimento/34337004/,1,1.9373082361438114,48.75,715065.0,0.75,1
33707969,309000.0,52.0,5942.0,1,1,Antas - Estádio do Dragão,Campanhã,,41.158902,-8.5915304,4,newdevelopment,True,True,42,True,https://www.idealista.pt/empreendimento/33707969/,6,1.9234629442359152,26.0,308984.0,0.5,1
33783963,1300000.0,169.0,7692.0,4,3,Agramonte - Bom Sucesso - Guerra Junqueiro,Lordelo do Ouro e Massarelos,,41.1528024,-8.6314738,3,newdevelopment,True,True,27,False,https://www.idealista.pt/empreendimento/33783963/,1,1.759004326848709,33.8,1299948.0,0.6,1
34352962,630000.0,121.0,5207.0,2,2,Baixa,Cedofeita - Santo Ildefonso - Sé - Miragaia - São Nicolau - Vitória,Cedofeita,41.1545222,-8.6224781,2,newdevelopment,True,True,47,True,https://www.idealista.pt/empreendimento/34352962/,1,1.1132275980298032,40.333333333333336,630047.0,0.6666666666666666,1
34634401,650000.0,360.0,1806.0,4,4,Areosa - Fernão de Magalhães,Paranhos,,41.1716775,-8.5862461,,good,False,,47,True,https://www.idealista.pt/imovel/34634401/,3,3.2072189414867354,72.0,650160.0,0.8,0
34379917,667000.0,212.0,3146.0,3,3,Antas - Estádio do Dragão,Campanhã,,41.1584564,-8.5851543,2,newdevelopment,True,True,56,True,https://www.idealista.pt/empreendimento/34379917/,6,2.3698243577797893,53.0,666952.0,0.75,1
34438916,295000.0,80.0,3688.0,2,2,São Caetano - Soutelo - Areias,Rio Tinto,,41.1713129,-8.5554955,4,newdevelopment,True,True,35,False,https://www.idealista.pt/empreendimento/34438916/,3,5.228964285447464,26.666666666666668,295040.0,0.6666666666666666,0
33211893,902000.0,285.0,3165.0,4,4,Antas - Estádio do Dragão,Campanhã,,41.1584564,-8.5851543,4,newdevelopment,True,True,55,True,https://www.idealista.pt/empreendimento/33211893/,6,2.3698243577797893,57.0,902025.0,0.8,1
33153884,915000.0,277.0,3303.0,4,4,Antas - Estádio do Dragão,Campanhã,,41.1584564,-8.5851543,2,newdevelopment,True,True,55,True,https://www.idealista.pt/empreendimento/33153884/,6,2.3698243577797893,55.4,914931.0,0.8,1
34237872,545000.0,137.0,3978.0,3,3,Campo 24 de Agosto,Bonfim,,41.1514253,-8.5977129,4,newdevelopment,True,True,22,True,https://www.idealista.pt/empreendimento/34237872/,6,1.122628591993563,34.25,544986.0,0.75,1
34237854,392500.0,86.0,4564.0,1,1,Campo 24 de Agosto,Bonfim,,41.1514253,-8.5977129,17,newdevelopment,True,True,27,True,https://www.idealista.pt/empreendimento/34237854/,6,1.122628591993563,43.0,392504.0,0.5,1
34237834,482500.0,112.0,4308.0,2,2,Campo 24 de Agosto,Bonfim,,41.1514253,-8.5977129,18,newdevelopment,True,True,27,True,https://www.idealista.pt/empreendimento/34237834/,6,1.122628591993563,37.333333333333336,482496.0,0.6666666666666666,1
34237807,655000.0,179.0,3659.0,3,3,Campo 24 de Agosto,Bonfim,,41.1514253,-8.5977129,14,newdevelopment,True,True,29,True,https://www.idealista.pt/empreendimento/34237807/,6,1.122628591993563,44.75,654961.0,0.75,1
34237778,270000.0,45.0,6000.0,0,1,Campo 24 de Agosto,Bonfim,,41.1514253,-8.5977129,20,newdevelopment,True,True,31,True,https://www.idealista.pt/empreendimento/34237778/,6,1.122628591993563,45.0,270000.0,1.0,1
34237722,475000.0,126.0,3770.0,2,2,Campo 24 de Agosto,Bonfim,,41.1514253,-8.5977129,5,newdevelopment,True,True,31,True,https://www.idealista.pt/empreendimento/34237722/,6,1.122628591993563,42.0,475020.0,0.6666666666666666,1
34464581,500000.0,131.0,3817.0,3,3,São Cosme,São Cosme - Valbom - Jovim,Carregais - São Miguel,41.1427515,-8.5513349,6,newdevelopment,True,True,41,False,https://www.idealista.pt/empreendimento/34464581/,4,5.045393896267127,32.75,500027.0,0.75,0
34464571,450000.0,128.0,3516.0,3,3,São Cosme,São Cosme - Valbom - Jovim,Carregais - São Miguel,41.1427515,-8.5513349,3,newdevelopment,True,True,41,False,https://www.idealista.pt/empreendimento/34464571/,4,5.045393896267127,32.0,450048.0,0.75,0
34464563,500000.0,135.0,3704.0,3,2,São Cosme,São Cosme - Valbom - Jovim,Carregais - São Miguel,41.1427515,-8.5513349,6,newdevelopment,True,True,41,False,https://www.idealista.pt/empreendimento/34464563/,4,5.045393896267127,33.75,500040.0,0.5,0
34464517,550000.0,138.0,3986.0,3,3,São Cosme,São Cosme - Valbom - Jovim,Carregais - São Miguel,41.1427515,-8.5513349,1,newdevelopment,True,True,41,False,https://www.idealista.pt/empreendimento/34464517/,4,5.045393896267127,34.5,550068.0,0.75,0
34570484,361000.0,125.0,2888.0,3,3,São Caetano - Soutelo - Areias,Rio Tinto,,41.1713129,-8.5554955,5,,True,True,35,False,https://www.idealista.pt/empreendimento/34570484/,3,5.228964285447464,31.25,361000.0,0.75,0
34570436,280000.0,92.0,3043.0,2,2,São Caetano - Soutelo - Areias,Rio Tinto,,41.1713129,-8.5554955,3,,True,True,35,False,https://www.idealista.pt/empreendimento/34570436/,3,5.228964285447464,30.666666666666668,279956.0,0.6666666666666666,0
34681401,265000.0,101.0,2624.0,2,1,,Baguim do Monte,,41.1875762,-8.5506172,,good,False,True,18,False,https://www.idealista.pt/imovel/34681401/,3,6.579775994601224,33.666666666666664,265024.0,0.3333333333333333,0
34618288,835000.0,208.0,4014.0,4,4,Antas - Estádio do Dragão,Campanhã,,41.1584564,-8.5851543,3,newdevelopment,True,True,55,True,https://www.idealista.pt/empreendimento/34618288/,6,2.3698243577797893,41.6,834912.0,0.8,1
34470290,338000.0,90.0,3756.0,2,2,Soares dos Reis - Rasa de Cima,Mafamude e Vilar do Paraíso,,41.1181971,-8.6109471,3,newdevelopment,True,True,17,False,https://www.idealista.pt/empreendimento/34470290/,7,3.4918453899398143,30.0,338040.0,0.6666666666666666,0
34470286,465000.0,124.0,3750.0,3,3,Soares dos Reis - Rasa de Cima,Mafamude e Vilar do Paraíso,,41.1181971,-8.6109471,5,newdevelopment,True,True,17,False,https://www.idealista.pt/empreendimento/34470286/,7,3.4918453899398143,31.0,465000.0,0.75,0
34470250,398500.0,103.0,3869.0,2,3,Soares dos Reis - Rasa de Cima,Mafamude e Vilar do Paraíso,,41.1181971,-8.6109471,5,newdevelopment,True,True,17,False,https://www.idealista.pt/empreendimento/34470250/,7,3.4918453899398143,34.333333333333336,398507.0,1.0,0
34470242,483500.0,132.0,3663.0,3,2,Soares dos Reis - Rasa de Cima,Mafamude e Vilar do Paraíso,,41.1181971,-8.6109471,4,newdevelopment,True,True,17,False,https://www.idealista.pt/empreendimento/34470242/,7,3.4918453899398143,33.0,483516.0,0.5,0
34503282,460000.0,243.0,1893.0,3,3,,Pedrouços,,41.1844022,-8.5870854,,good,False,,33,False,https://www.idealista.pt/imovel/34503282/,3,4.353090430410484,60.75,459999.0,0.75,0
33006205,250000.0,59.0,4237.0,1,1,Camões - Gonçalo Cristóvão - Faria Guimarães,Cedofeita - Santo Ildefonso - Sé - Miragaia - São Nicolau - Vitória,,41.1565219,-8.6098903,-1,good,False,True,16,False,https://www.idealista.pt/imovel/33006205/,6,0.774308741900841,29.5,249983.0,0.5,1
34673826,1275000.0,204.0,6250.0,4,4,Matosinhos Sul - Marginal,Matosinhos e Leça da Palmeira,,41.1789598,-8.6830705,6,newdevelopment,True,True,18,True,https://www.idealista.pt/empreendimento/34673826/,0,6.867077180115094,40.8,1275000.0,0.8,0
34673825,875000.0,129.0,6783.0,3,3,Matosinhos Sul - Marginal,Matosinhos e Leça da Palmeira,,41.1789598,-8.6830705,6,,True,True,18,True,https://www.idealista.pt/empreendimento/34673825/,0,6.867077180115094,32.25,875007.0,0.75,0
34673824,665000.0,119.0,5588.0,2,2,Matosinhos Sul - Marginal,Matosinhos e Leça da Palmeira,,41.1789598,-8.6830705,6,newdevelopment,True,True,18,True,https://www.idealista.pt/empreendimento/34673824/,0,6.867077180115094,39.666666666666664,664972.0,0.6666666666666666,0
34673823,1055000.0,179.0,5894.0,3,3,Matosinhos Sul - Marginal,Matosinhos e Leça da Palmeira,,41.1789598,-8.6830705,6,newdevelopment,True,True,18,True,https://www.idealista.pt/empreendimento/34673823/,0,6.867077180115094,44.75,1055026.0,0.75,0
34673822,535000.0,85.0,6294.0,2,2,Matosinhos Sul - Marginal,Matosinhos e Leça da Palmeira,,41.1789598,-8.6830705,5,newdevelopment,True,True,18,True,https://www.idealista.pt/empreendimento/34673822/,0,6.867077180115094,28.333333333333332,534990.0,0.6666666666666666,0
34673821,995000.0,166.0,5994.0,4,3,Matosinhos Sul - Marginal,Matosinhos e Leça da Palmeira,,41.1789598,-8.6830705,6,newdevelopment,True,True,18,True,https://www.idealista.pt/empreendimento/34673821/,0,6.867077180115094,33.2,995004.0,0.6,0
34673820,1125000.0,162.0,6944.0,4,3,Matosinhos Sul - Marginal,Matosinhos e Leça da Palmeira,,41.1789598,-8.6830705,6,,True,True,18,True,https://www.idealista.pt/empreendimento/34673820/,0,6.867077180115094,32.4,1124928.0,0.6,0
34673819,585000.0,92.0,6359.0,2,2,Matosinhos Sul - Marginal,Matosinhos e Leça da Palmeira,,41.1789598,-8.6830705,5,newdevelopment,True,True,18,True,https://www.idealista.pt/empreendimento/34673819/,0,6.867077180115094,30.666666666666668,585028.0,0.6666666666666666,0
34673818,515000.0,87.0,5920.0,2,2,Matosinhos Sul - Marginal,Matosinhos e Leça da Palmeira,,41.1789598,-8.6830705,5,newdevelopment,True,True,18,True,https://www.idealista.pt/empreendimento/34673818/,0,6.867077180115094,29.0,515040.0,0.6666666666666666,0
34673817,775000.0,129.0,6008.0,3,3,Matosinhos Sul - Marginal,Matosinhos e Leça da Palmeira,,41.1789598,-8.6830705,5,newdevelopment,True,True,18,True,https://www.idealista.pt/empreendimento/34673817/,0,6.867077180115094,32.25,775032.0,0.75,0
34673816,755000.0,133.0,5677.0,3,3,Matosinhos Sul - Marginal,Matosinhos e Leça da Palmeira,,41.1789598,-8.6830705,4,newdevelopment,True,True,18,True,https://www.idealista.pt/empreendimento/34673816/,0,6.867077180115094,33.25,755041.0,0.75,0
34673815,750000.0,106.0,7075.0,3,3,Matosinhos Sul - Marginal,Matosinhos e Leça da Palmeira,,41.1789598,-8.6830705,5,,True,True,18,True,https://www.idealista.pt/empreendimento/34673815/,0,6.867077180115094,26.5,749950.0,0.75,0
34357632,950000.0,206.0,4612.0,4,5,Salgueiros,Canidelo,,41.1132705,-8.6621944,1,newdevelopment,True,True,77,True,https://www.idealista.pt/empreendimento/34357632/,2,5.897003030912629,41.2,950072.0,1.0,0
34668611,775000.0,359.0,2159.0,4,5,Sampaio-Alumiara-Verdinho,Canidelo,,41.1354159,-8.6501131,,newdevelopment,True,,35,True,https://www.idealista.pt/empreendimento/34668611/,2,3.6427746504155234,71.8,775081.0,1.0,0
34668590,1450000.0,770.0,1883.0,4,5,Sampaio-Alumiara-Verdinho,Canidelo,,41.1354159,-8.6501131,,newdevelopment,True,,29,True,https://www.idealista.pt/empreendimento/34668590/,2,3.6427746504155234,154.0,1449910.0,1.0,0
34668553,985000.0,553.0,1781.0,4,5,Sampaio-Alumiara-Verdinho,Canidelo,,41.1354159,-8.6501131,,newdevelopment,True,,30,True,https://www.idealista.pt/empreendimento/34668553/,2,3.6427746504155234,110.6,984893.0,1.0,0
34668523,1450000.0,626.0,2316.0,5,5,Sampaio-Alumiara-Verdinho,Canidelo,,41.1354159,-8.6501131,,newdevelopment,True,,30,True,https://www.idealista.pt/empreendimento/34668523/,2,3.6427746504155234,104.33333333333333,1449816.0,0.8333333333333334,0
34552522,375000.0,84.0,4464.0,2,1,Afurada - Arrábida - Cavaco,Santa Marinha e São Pedro da Afurada,,41.1401253,-8.6403968,3,newdevelopment,True,True,33,True,https://www.idealista.pt/empreendimento/34552522/,2,2.685227256684756,28.0,374976.0,0.3333333333333333,1
34552520,395000.0,84.0,4702.0,2,2,Afurada - Arrábida - Cavaco,Santa Marinha e São Pedro da Afurada,,41.1401253,-8.6403968,8,newdevelopment,True,True,39,True,https://www.idealista.pt/empreendimento/34552520/,2,2.685227256684756,28.0,394968.0,0.6666666666666666,1
34669159,1200000.0,410.0,2927.0,4,5,Lavadores,Canidelo,,41.134717,-8.6675705,2,newdevelopment,True,True,46,True,https://www.idealista.pt/empreendimento/34669159/,2,5.025793341711962,82.0,1200070.0,1.0,0
34603014,273000.0,59.0,4627.0,1,1,Antas - Estádio do Dragão,Campanhã,,41.1563392,-8.5910283,7,newdevelopment,True,True,21,False,https://www.idealista.pt/empreendimento/34603014/,6,1.8247263448270736,29.5,272993.0,0.5,1
34603012,277000.0,60.0,4617.0,1,1,Antas - Estádio do Dragão,Campanhã,,41.1563392,-8.5910283,7,newdevelopment,True,True,21,False,https://www.idealista.pt/empreendimento/34603012/,6,1.8247263448270736,30.0,277020.0,0.5,1
34603002,778000.0,159.0,4893.0,4,3,Antas - Estádio do Dragão,Campanhã,,41.1563392,-8.5910283,7,newdevelopment,True,True,21,False,https://www.idealista.pt/empreendimento/34603002/,6,1.8247263448270736,31.8,777987.0,0.6,1
34603001,267000.0,59.0,4525.0,1,1,Antas - Estádio do Dragão,Campanhã,,41.1563392,-8.5910283,6,newdevelopment,True,True,21,False,https://www.idealista.pt/empreendimento/34603001/,6,1.8247263448270736,29.5,266975.0,0.5,1
34602995,262000.0,59.0,4441.0,1,1,Antas - Estádio do Dragão,Campanhã,,41.1563392,-8.5910283,4,newdevelopment,True,True,21,False,https://www.idealista.pt/empreendimento/34602995/,6,1.8247263448270736,29.5,262019.0,0.5,1
34602983,353000.0,84.0,4202.0,2,2,Antas - Estádio do Dragão,Campanhã,,41.1563392,-8.5910283,1,newdevelopment,True,True,21,False,https://www.idealista.pt/empreendimento/34602983/,6,1.8247263448270736,28.0,352968.0,0.6666666666666666,1
34602975,360000.0,86.0,4186.0,2,2,Antas - Estádio do Dragão,Campanhã,,41.1563392,-8.5910283,1,newdevelopment,True,True,21,False,https://www.idealista.pt/empreendimento/34602975/,6,1.8247263448270736,28.666666666666668,359996.0,0.6666666666666666,1
34638827,750000.0,335.0,2239.0,4,3,Paniceiro-Viso-Meiral,Canidelo,,41.1184366,-8.6529045,,good,False,,38,True,https://www.idealista.pt/imovel/34638827/,2,4.9379001993627485,67.0,750065.0,0.6,0
34715641,365000.0,114.0,3202.0,3,3,Centro de Ramalde - Pereiró,Ramalde,,41.173333,-8.6516428,1,good,False,False,27,False,https://www.idealista.pt/imovel/34715641/,0,4.312472413594119,28.5,365028.0,0.75,0
34268558,585000.0,145.0,4034.0,3,3,Boavista,Cedofeita - Santo Ildefonso - Sé - Miragaia - São Nicolau - Vitória,Ramalda Alta,41.1609816,-8.617971,4,newdevelopment,True,True,17,True,https://www.idealista.pt/empreendimento/34268558/,1,1.3971913712016717,36.25,584930.0,0.75,1
34268557,395000.0,80.0,4938.0,2,2,Boavista,Cedofeita - Santo Ildefonso - Sé - Miragaia - São Nicolau - Vitória,Ramalda Alta,41.1609816,-8.617971,4,newdevelopment,True,True,17,True,https://www.idealista.pt/empreendimento/34268557/,1,1.3971913712016717,26.666666666666668,395040.0,0.6666666666666666,1
34268556,585000.0,148.0,3953.0,3,3,Boavista,Cedofeita - Santo Ildefonso - Sé - Miragaia - São Nicolau - Vitória,Ramalda Alta,41.1609816,-8.617971,4,newdevelopment,True,True,18,True,https://www.idealista.pt/empreendimento/34268556/,1,1.3971913712016717,37.0,585044.0,0.75,1
34268550,395000.0,129.0,3062.0,2,2,Boavista,Cedofeita - Santo Ildefonso - Sé - Miragaia - São Nicolau - Vitória,Ramalda Alta,41.1609816,-8.617971,1,newdevelopment,True,True,18,True,https://www.idealista.pt/empreendimento/34268550/,1,1.3971913712016717,43.0,394998.0,0.6666666666666666,1
34652549,255000.0,55.0,4636.0,1,1,Areosa - Fernão de Magalhães,Paranhos,,41.1780108,-8.5847277,4,newdevelopment,True,True,27,False,https://www.idealista.pt/empreendimento/34652549/,3,3.844505946707583,27.5,254980.0,0.5,0
34268549,395000.0,133.0,2970.0,2,2,Boavista,Cedofeita - Santo Ildefonso - Sé - Miragaia - São Nicolau - Vitória,Ramalda Alta,41.1609816,-8.617971,1,newdevelopment,True,True,18,True,https://www.idealista.pt/empreendimento/34268549/,1,1.3971913712016717,44.333333333333336,395010.0,0.6666666666666666,1
34668540,900000.0,407.0,2211.0,4,4,Sampaio-Alumiara-Verdinho,Canidelo,,41.1354159,-8.6501131,,newdevelopment,True,,32,True,https://www.idealista.pt/empreendimento/34668540/,2,3.6427746504155234,81.4,899877.0,0.8,0
34552540,425000.0,88.0,4830.0,2,2,Afurada - Arrábida - Cavaco,Santa Marinha e São Pedro da Afurada,,41.1401253,-8.6403968,8,newdevelopment,True,True,23,False,https://www.idealista.pt/empreendimento/34552540/,2,2.685227256684756,29.333333333333332,425040.0,0.6666666666666666,1
34706516,259000.0,95.0,2726.0,2,2,Carvalha - Portelinha,Fânzeres e São Pedro da Cova,,41.1640043,-8.5428679,4,good,False,True,21,True,https://www.idealista.pt/imovel/34706516/,4,5.916563929411689,31.666666666666668,258970.0,0.6666666666666666,0
34668507,950000.0,438.0,2169.0,4,4,Sampaio-Alumiara-Verdinho,Canidelo,,41.1354159,-8.6501131,,newdevelopment,True,,32,True,https://www.idealista.pt/empreendimento/34668507/,2,3.6427746504155234,87.6,950022.0,0.8,0
34543508,630000.0,148.0,4257.0,4,3,Afurada - Arrábida - Cavaco,Santa Marinha e São Pedro da Afurada,,41.1415441,-8.6414151,1,newdevelopment,True,True,27,True,https://www.idealista.pt/empreendimento/34543508/,2,2.7076285231359702,29.6,630036.0,0.6,1
34543509,760000.0,148.0,5135.0,4,3,Afurada - Arrábida - Cavaco,Santa Marinha e São Pedro da Afurada,,41.1415441,-8.6414151,5,newdevelopment,True,True,27,True,https://www.idealista.pt/empreendimento/34543509/,2,2.7076285231359702,29.6,759980.0,0.6,1
34543506,640000.0,148.0,4324.0,4,3,Afurada - Arrábida - Cavaco,Santa Marinha e São Pedro da Afurada,,41.1415441,-8.6414151,3,newdevelopment,True,True,27,True,https://www.idealista.pt/empreendimento/34543506/,2,2.7076285231359702,29.6,639952.0,0.6,1
34543503,897000.0,184.0,4875.0,3,3,Afurada - Arrábida - Cavaco,Santa Marinha e São Pedro da Afurada,,41.1415441,-8.6414151,10,newdevelopment,True,True,27,True,https://www.idealista.pt/empreendimento/34543503/,2,2.7076285231359702,46.0,897000.0,0.75,1
34543501,790000.0,198.0,3990.0,4,4,Afurada - Arrábida - Cavaco,Santa Marinha e São Pedro da Afurada,,41.1415441,-8.6414151,10,newdevelopment,True,True,27,True,https://www.idealista.pt/empreendimento/34543501/,2,2.7076285231359702,39.6,790020.0,0.8,1
34543496,680000.0,154.0,4416.0,4,3,Afurada - Arrábida - Cavaco,Santa Marinha e São Pedro da Afurada,,41.1415441,-8.6414151,3,newdevelopment,True,True,27,True,https://www.idealista.pt/empreendimento/34543496/,2,2.7076285231359702,30.8,680064.0,0.6,1
34630488,375000.0,50.0,7500.0,1,2,Covelo - Monte de São João,Paranhos,,41.1649129,-8.6052823,5,newdevelopment,True,True,15,False,https://www.idealista.pt/empreendimento/34630488/,6,1.7664756104108625,25.0,375000.0,1.0,1
34630472,252500.0,48.0,5260.0,1,1,Covelo - Monte de São João,Paranhos,,41.1649129,-8.6052823,3,newdevelopment,True,True,15,False,https://www.idealista.pt/empreendimento/34630472/,6,1.7664756104108625,24.0,252480.0,0.5,1
34543468,635000.0,148.0,4291.0,4,3,Afurada - Arrábida - Cavaco,Santa Marinha e São Pedro da Afurada,,41.1415441,-8.6414151,2,newdevelopment,True,True,27,True,https://www.idealista.pt/empreendimento/34543468/,2,2.7076285231359702,29.6,635068.0,0.6,1
34543467,890000.0,173.0,5145.0,3,3,Afurada - Arrábida - Cavaco,Santa Marinha e São Pedro da Afurada,,41.1415441,-8.6414151,10,newdevelopment,True,True,27,True,https://www.idealista.pt/empreendimento/34543467/,2,2.7076285231359702,43.25,890085.0,0.75,1
34543466,980000.0,210.0,4667.0,4,4,Afurada - Arrábida - Cavaco,Santa Marinha e São Pedro da Afurada,,41.1415441,-8.6414151,10,newdevelopment,True,True,27,True,https://www.idealista.pt/empreendimento/34543466/,2,2.7076285231359702,42.0,980070.0,0.8,1
34652457,380000.0,103.0,3689.0,2,2,Areosa - Fernão de Magalhães,Paranhos,,41.1780108,-8.5847277,1,newdevelopment,True,True,29,False,https://www.idealista.pt/empreendimento/34652457/,3,3.844505946707583,34.333333333333336,379967.0,0.6666666666666666,0
34652454,269000.0,72.0,3736.0,1,1,Areosa - Fernão de Magalhães,Paranhos,,41.1780108,-8.5847277,1,newdevelopment,True,True,28,False,https://www.idealista.pt/empreendimento/34652454/,3,3.844505946707583,36.0,268992.0,0.5,0
34552437,395000.0,80.0,4938.0,2,2,Afurada - Arrábida - Cavaco,Santa Marinha e São Pedro da Afurada,,41.1401253,-8.6403968,7,newdevelopment,True,True,39,False,https://www.idealista.pt/empreendimento/34552437/,2,2.685227256684756,26.666666666666668,395040.0,0.6666666666666666,1
34543428,670000.0,154.0,4351.0,4,3,Afurada - Arrábida - Cavaco,Santa Marinha e São Pedro da Afurada,,41.1415441,-8.6414151,2,newdevelopment,True,True,27,True,https://www.idealista.pt/empreendimento/34543428/,2,2.7076285231359702,30.8,670054.0,0.6,1
34543427,690000.0,154.0,4481.0,4,3,Afurada - Arrábida - Cavaco,Santa Marinha e São Pedro da Afurada,,41.1415441,-8.6414151,4,newdevelopment,True,True,27,True,https://www.idealista.pt/empreendimento/34543427/,2,2.7076285231359702,30.8,690074.0,0.6,1
34654331,530000.0,101.0,5248.0,3,3,Baixa,Cedofeita - Santo Ildefonso - Sé - Miragaia - São Nicolau - Vitória,Praça da República,41.1563247,-8.619075,,good,False,False,45,False,https://www.idealista.pt/imovel/34654331/,1,1.013709135616662,25.25,530048.0,0.75,1
34351156,820000.0,119.0,6891.0,2,2,Serralves,Lordelo do Ouro e Massarelos,,41.1578421,-8.6506183,3,newdevelopment,True,True,16,True,https://www.idealista.pt/empreendimento/34351156/,0,3.449349871873751,39.666666666666664,820029.0,0.6666666666666666,0
34351136,810000.0,112.0,7232.0,2,2,Serralves,Lordelo do Ouro e Massarelos,,41.1578421,-8.6506183,2,newdevelopment,True,True,16,True,https://www.idealista.pt/empreendimento/34351136/,0,3.449349871873751,37.333333333333336,809984.0,0.6666666666666666,0
34351137,636500.0,102.0,6240.0,2,2,Serralves,Lordelo do Ouro e Massarelos,,41.1578421,-8.6506183,bj,newdevelopment,True,True,16,True,https://www.idealista.pt/empreendimento/34351137/,0,3.449349871873751,34.0,636480.0,0.6666666666666666,0
34669103,2050000.0,561.0,3654.0,4,5,Lavadores,Canidelo,,41.134717,-8.6675705,6,newdevelopment,True,True,41,False,https://www.idealista.pt/empreendimento/34669103/,2,5.025793341711962,112.2,2049894.0,1.0,0
34669036,780000.0,240.0,3250.0,3,4,Lavadores,Canidelo,,41.134717,-8.6675705,2,newdevelopment,True,True,42,False,https://www.idealista.pt/empreendimento/34669036/,2,5.025793341711962,60.0,780000.0,1.0,0
34669028,1650000.0,418.0,3947.0,4,5,Lavadores,Canidelo,,41.134717,-8.6675705,4,newdevelopment,True,True,46,False,https://www.idealista.pt/empreendimento/34669028/,2,5.025793341711962,83.6,1649846.0,1.0,0
34705007,299000.0,115.0,2600.0,2,2,Seara - Freixieiro,Oliveira do Douro,,41.1128148,-8.5779989,2,good,False,True,36,True,https://www.idealista.pt/imovel/34705007/,4,4.931921486457674,38.333333333333336,299000.0,0.6666666666666666,0
34669008,600000.0,180.0,3333.0,2,3,Lavadores,Canidelo,,41.134717,-8.6675705,5,newdevelopment,True,True,36,False,https://www.idealista.pt/empreendimento/34669008/,2,5.025793341711962,60.0,599940.0,1.0,0
34668997,580000.0,181.0,3204.0,2,3,Lavadores,Canidelo,,41.134717,-8.6675705,4,newdevelopment,True,True,37,False,https://www.idealista.pt/empreendimento/34668997/,2,5.025793341711962,60.333333333333336,579924.0,1.0,0
33854961,365000.0,105.0,3476.0,2,2,Praia,Madalena,,41.1075386,-8.6553949,bj,newdevelopment,True,True,32,True,https://www.idealista.pt/empreendimento/33854961/,2,5.9802051029712695,35.0,364980.0,0.6666666666666666,0
34690904,445000.0,190.0,2342.0,3,3,Amial,Paranhos,,41.1777809,-8.6194319,1,good,False,True,35,False,https://www.idealista.pt/imovel/34690904/,5,3.2139357979558936,47.5,444980.0,0.75,0
33167646,399900.0,105.0,3809.0,2,2,Areosa - Fernão de Magalhães,Paranhos,,41.1800454,-8.5831712,8,newdevelopment,True,True,25,False,https://www.idealista.pt/empreendimento/33167646/,3,4.104702340347637,35.0,399945.0,0.6666666666666666,0
33167636,404700.0,106.0,3818.0,2,2,Areosa - Fernão de Magalhães,Paranhos,,41.1800454,-8.5831712,8,newdevelopment,True,True,25,False,https://www.idealista.pt/empreendimento/33167636/,3,4.104702340347637,35.333333333333336,404708.0,0.6666666666666666,0
33167635,304836.0,76.0,4011.0,1,1,Areosa - Fernão de Magalhães,Paranhos,,41.1800454,-8.5831712,8,newdevelopment,True,True,25,False,https://www.idealista.pt/empreendimento/33167635/,3,4.104702340347637,38.0,304836.0,0.5,0
33167637,411400.0,112.0,3673.0,2,2,Areosa - Fernão de Magalhães,Paranhos,,41.1800454,-8.5831712,8,newdevelopment,True,True,25,False,https://www.idealista.pt/empreendimento/33167637/,3,4.104702340347637,37.333333333333336,411376.0,0.6666666666666666,0
33167629,575500.0,204.0,2821.0,2,2,Areosa - Fernão de Magalhães,Paranhos,,41.1800454,-8.5831712,9,newdevelopment,True,True,25,False,https://www.idealista.pt/empreendimento/33167629/,3,4.104702340347637,68.0,575484.0,0.6666666666666666,0
33167628,624700.0,178.0,3510.0,3,3,Areosa - Fernão de Magalhães,Paranhos,,41.1800454,-8.5831712,8,newdevelopment,True,True,25,False,https://www.idealista.pt/empreendimento/33167628/,3,4.104702340347637,44.5,624780.0,0.75,0
33167615,399400.0,105.0,3804.0,2,2,Areosa - Fernão de Magalhães,Paranhos,,41.1800454,-8.5831712,8,newdevelopment,True,True,25,False,https://www.idealista.pt/empreendimento/33167615/,3,4.104702340347637,35.0,399420.0,0.6666666666666666,0
33167612,300604.0,76.0,3955.0,1,1,Areosa - Fernão de Magalhães,Paranhos,,41.1800454,-8.5831712,7,newdevelopment,True,True,25,False,https://www.idealista.pt/empreendimento/33167612/,3,4.104702340347637,38.0,300580.0,0.5,0
33167613,615700.0,178.0,3459.0,3,3,Areosa - Fernão de Magalhães,Paranhos,,41.1800454,-8.5831712,7,newdevelopment,True,True,25,False,https://www.idealista.pt/empreendimento/33167613/,3,4.104702340347637,44.5,615702.0,0.75,0
33167611,380000.0,97.0,3918.0,2,2,Areosa - Fernão de Magalhães,Paranhos,,41.1800454,-8.5831712,7,newdevelopment,True,True,25,False,https://www.idealista.pt/empreendimento/33167611/,3,4.104702340347637,32.333333333333336,380046.0,0.6666666666666666,0
33167607,384500.0,97.0,3964.0,2,2,Areosa - Fernão de Magalhães,Paranhos,,41.1800454,-8.5831712,8,newdevelopment,True,True,25,False,https://www.idealista.pt/empreendimento/33167607/,3,4.104702340347637,32.333333333333336,384508.0,0.6666666666666666,0
33167608,559500.0,202.0,2770.0,2,2,Areosa - Fernão de Magalhães,Paranhos,,41.1800454,-8.5831712,9,newdevelopment,True,True,25,False,https://www.idealista.pt/empreendimento/33167608/,3,4.104702340347637,67.33333333333333,559540.0,0.6666666666666666,0
34653605,530000.0,101.0,5248.0,2,3,Baixa,Cedofeita - Santo Ildefonso - Sé - Miragaia - São Nicolau - Vitória,Praça da República,41.1553401,-8.6140129,1,good,False,False,41,False,https://www.idealista.pt/imovel/34653605/,1,0.6894316813631985,33.666666666666664,530048.0,1.0,1
33167580,400200.0,112.0,3573.0,2,2,Areosa - Fernão de Magalhães,Paranhos,,41.1800454,-8.5831712,6,newdevelopment,True,True,25,False,https://www.idealista.pt/empreendimento/33167580/,3,4.104702340347637,37.333333333333336,400176.0,0.6666666666666666,0
34491568,325000.0,90.0,3611.0,1,2,Areosa - Fernão de Magalhães,Paranhos,,41.1800454,-8.5831712,2,newdevelopment,True,True,25,False,https://www.idealista.pt/empreendimento/34491568/,3,4.104702340347637,45.0,324990.0,1.0,0
33167568,388700.0,106.0,3667.0,2,2,Areosa - Fernão de Magalhães,Paranhos,,41.1800454,-8.5831712,6,newdevelopment,True,True,25,False,https://www.idealista.pt/empreendimento/33167568/,3,4.104702340347637,35.333333333333336,388702.0,0.6666666666666666,0
33167567,606800.0,178.0,3409.0,3,3,Areosa - Fernão de Magalhães,Paranhos,,41.1800454,-8.5831712,6,newdevelopment,True,True,25,False,https://www.idealista.pt/empreendimento/33167567/,3,4.104702340347637,44.5,606802.0,0.75,0
33167565,365100.0,97.0,3764.0,2,2,Areosa - Fernão de Magalhães,Paranhos,,41.1800454,-8.5831712,6,newdevelopment,True,True,25,False,https://www.idealista.pt/empreendimento/33167565/,3,4.104702340347637,32.333333333333336,365108.0,0.6666666666666666,0
33167550,376300.0,105.0,3584.0,2,2,Areosa - Fernão de Magalhães,Paranhos,,41.1800454,-8.5831712,5,newdevelopment,True,True,25,False,https://www.idealista.pt/empreendimento/33167550/,3,4.104702340347637,35.0,376320.0,0.6666666666666666,0
33167549,405800.0,113.0,3591.0,2,2,Areosa - Fernão de Magalhães,Paranhos,,41.1800454,-8.5831712,7,newdevelopment,True,True,25,False,https://www.idealista.pt/empreendimento/33167549/,3,4.104702340347637,37.666666666666664,405783.0,0.6666666666666666,0
33167548,396700.0,106.0,3742.0,2,2,Areosa - Fernão de Magalhães,Paranhos,,41.1800454,-8.5831712,7,newdevelopment,True,True,25,False,https://www.idealista.pt/empreendimento/33167548/,3,4.104702340347637,35.333333333333336,396652.0,0.6666666666666666,0
33167544,380700.0,106.0,3592.0,2,2,Areosa - Fernão de Magalhães,Paranhos,,41.1800454,-8.5831712,5,newdevelopment,True,True,25,False,https://www.idealista.pt/empreendimento/33167544/,3,4.104702340347637,35.333333333333336,380752.0,0.6666666666666666,0
33167542,438000.0,133.0,3293.0,2,2,Areosa - Fernão de Magalhães,Paranhos,,41.1800454,-8.5831712,4,newdevelopment,True,True,25,False,https://www.idealista.pt/empreendimento/33167542/,3,4.104702340347637,44.333333333333336,437969.0,0.6666666666666666,0
33167530,370100.0,106.0,3492.0,2,2,Areosa - Fernão de Magalhães,Paranhos,,41.1800454,-8.5831712,3,newdevelopment,True,True,25,False,https://www.idealista.pt/empreendimento/33167530/,3,4.104702340347637,35.333333333333336,370152.0,0.6666666666666666,0
33167523,363100.0,105.0,3458.0,2,2,Areosa - Fernão de Magalhães,Paranhos,,41.1800454,-8.5831712,3,newdevelopment,True,True,25,False,https://www.idealista.pt/empreendimento/33167523/,3,4.104702340347637,35.0,363090.0,0.6666666666666666,0
33167525,372700.0,106.0,3516.0,2,2,Areosa - Fernão de Magalhães,Paranhos,,41.1800454,-8.5831712,4,newdevelopment,True,True,25,False,https://www.idealista.pt/empreendimento/33167525/,3,4.104702340347637,35.333333333333336,372696.0,0.6666666666666666,0
33167522,374700.0,112.0,3346.0,2,2,Areosa - Fernão de Magalhães,Paranhos,,41.1800454,-8.5831712,3,newdevelopment,True,True,25,False,https://www.idealista.pt/empreendimento/33167522/,3,4.104702340347637,37.333333333333336,374752.0,0.6666666666666666,0
33167518,383800.0,111.0,3458.0,2,2,Areosa - Fernão de Magalhães,Paranhos,,41.1800454,-8.5831712,4,newdevelopment,True,True,25,False,https://www.idealista.pt/empreendimento/33167518/,3,4.104702340347637,37.0,383838.0,0.6666666666666666,0
34652505,250000.0,55.0,4545.0,1,1,Areosa - Fernão de Magalhães,Paranhos,,41.1780108,-8.5847277,3,,True,True,19,False,https://www.idealista.pt/empreendimento/34652505/,3,3.844505946707583,27.5,249975.0,0.5,0
34543465,560000.0,116.0,4828.0,3,2,Afurada - Arrábida - Cavaco,Santa Marinha e São Pedro da Afurada,,41.1415441,-8.6414151,8,newdevelopment,True,True,27,False,https://www.idealista.pt/empreendimento/34543465/,2,2.7076285231359702,29.0,560048.0,0.5,1
34017460,829000.0,310.0,2674.0,3,3,Antas - Estádio do Dragão,Campanhã,,41.1605091,-8.5855728,5,newdevelopment,True,True,68,False,https://www.idealista.pt/empreendimento/34017460/,6,2.4428990636573045,77.5,828940.0,0.75,1
34017459,799000.0,324.0,2466.0,3,3,Antas - Estádio do Dragão,Campanhã,,41.1605091,-8.5855728,5,newdevelopment,True,True,67,False,https://www.idealista.pt/empreendimento/34017459/,6,2.4428990636573045,81.0,798984.0,0.75,1
33167456,368600.0,112.0,3291.0,2,2,Areosa - Fernão de Magalhães,Paranhos,,41.1800454,-8.5831712,2,newdevelopment,True,True,25,False,https://www.idealista.pt/empreendimento/33167456/,3,4.104702340347637,37.333333333333336,368592.0,0.6666666666666666,0
34017443,599000.0,253.0,2368.0,3,3,Antas - Estádio do Dragão,Campanhã,,41.1605091,-8.5855728,2,newdevelopment,True,True,65,False,https://www.idealista.pt/empreendimento/34017443/,6,2.4428990636573045,63.25,599104.0,0.75,1
34638426,535500.0,156.0,3433.0,3,2,Cooperativa dos Arquitectos - Fonte da Moura - Pedra Verde,Aldoar - Foz do Douro - Nevogilde,,41.1710537,-8.6580349,2,newdevelopment,True,True,39,False,https://www.idealista.pt/empreendimento/34638426/,0,4.610973808257531,39.0,535548.0,0.5,0
34543426,600000.0,135.0,4444.0,3,2,Afurada - Arrábida - Cavaco,Santa Marinha e São Pedro da Afurada,,41.1415441,-8.6414151,,newdevelopment,True,True,27,True,https://www.idealista.pt/empreendimento/34543426/,2,2.7076285231359702,33.75,599940.0,0.5,1
34017425,565000.0,233.0,2425.0,3,3,Antas - Estádio do Dragão,Campanhã,,41.1605091,-8.5855728,1,newdevelopment,True,True,65,False,https://www.idealista.pt/empreendimento/34017425/,6,2.4428990636573045,58.25,565025.0,0.75,1
34624419,330000.0,90.0,3667.0,2,2,Padrão da Légua - Av. Xanana Gusmão,Custóias - Leça do Balio - Guifões,,41.191013,-8.6333514,4,newdevelopment,True,True,21,True,https://www.idealista.pt/empreendimento/34624419/,5,4.973610053144598,30.0,330030.0,0.6666666666666666,0
34638384,440000.0,126.0,3492.0,2,2,Cooperativa dos Arquitectos - Fonte da Moura - Pedra Verde,Aldoar - Foz do Douro - Nevogilde,,41.1710537,-8.6580349,bj,newdevelopment,True,True,39,False,https://www.idealista.pt/empreendimento/34638384/,0,4.610973808257531,42.0,439992.0,0.6666666666666666,0
34507372,297000.0,55.0,5400.0,2,1,Baixa,Cedofeita - Santo Ildefonso - Sé - Miragaia - São Nicolau - Vitória,Trindade,41.1505845,-8.6121247,3,good,False,False,35,False,https://www.idealista.pt/imovel/34507372/,1,0.14999635817808504,18.333333333333332,297000.0,0.3333333333333333,1
34624366,345000.0,119.0,2899.0,2,2,Padrão da Légua - Av. Xanana Gusmão,Custóias - Leça do Balio - Guifões,,41.191013,-8.6333514,3,newdevelopment,True,True,21,True,https://www.idealista.pt/empreendimento/34624366/,5,4.973610053144598,39.666666666666664,344981.0,0.6666666666666666,0
32979336,597900.0,178.0,3359.0,3,3,Areosa - Fernão de Magalhães,Paranhos,,41.1800454,-8.5831712,5,newdevelopment,True,True,25,False,https://www.idealista.pt/empreendimento/32979336/,3,4.104702340347637,44.5,597902.0,0.75,0
34624327,310000.0,78.0,3974.0,1,1,Padrão da Légua - Av. Xanana Gusmão,Custóias - Leça do Balio - Guifões,,41.191013,-8.6333514,1,newdevelopment,True,True,21,True,https://www.idealista.pt/empreendimento/34624327/,5,4.973610053144598,39.0,309972.0,0.5,0
34624319,230000.0,58.0,3966.0,1,1,Padrão da Légua - Av. Xanana Gusmão,Custóias - Leça do Balio - Guifões,,41.191013,-8.6333514,3,newdevelopment,True,True,21,True,https://www.idealista.pt/empreendimento/34624319/,5,4.973610053144598,29.0,230028.0,0.5,0
34573261,549000.0,178.0,3084.0,3,3,Antas - Estádio do Dragão,Campanhã,,41.1605091,-8.5855728,3,newdevelopment,True,True,65,False,https://www.idealista.pt/empreendimento/34573261/,6,2.4428990636573045,44.5,548952.0,0.75,1
34573254,529000.0,246.0,2150.0,3,3,Antas - Estádio do Dragão,Campanhã,,41.1605091,-8.5855728,2,newdevelopment,True,True,65,False,https://www.idealista.pt/empreendimento/34573254/,6,2.4428990636573045,61.5,528900.0,0.75,1
34573253,579000.0,173.0,3347.0,3,3,Antas - Estádio do Dragão,Campanhã,,41.1605091,-8.5855728,3,newdevelopment,True,True,65,False,https://www.idealista.pt/empreendimento/34573253/,6,2.4428990636573045,43.25,579031.0,0.75,1
34454059,355000.0,172.0,2064.0,3,3,,Pedrouços,,41.183784,-8.5872227,4,good,False,True,39,False,https://www.idealista.pt/imovel/34454059/,3,4.286775030321997,43.0,355008.0,0.75,0
34086051,439815.0,116.0,3792.0,3,4,Sampaio-Alumiara-Verdinho,Canidelo,,41.1324415,-8.6404979,4,newdevelopment,True,True,50,True,https://www.idealista.pt/empreendimento/34086051/,2,3.127833114019441,29.0,439872.0,1.0,0
34086007,308700.0,89.0,3469.0,2,2,Sampaio-Alumiara-Verdinho,Canidelo,,41.1324415,-8.6404979,5,newdevelopment,True,True,21,True,https://www.idealista.pt/empreendimento/34086007/,2,3.127833114019441,29.666666666666668,308741.0,0.6666666666666666,0
34085978,443916.0,120.0,3699.0,3,4,Sampaio-Alumiara-Verdinho,Canidelo,,41.1324415,-8.6404979,3,newdevelopment,True,True,21,True,https://www.idealista.pt/empreendimento/34085978/,2,3.127833114019441,30.0,443880.0,1.0,0
34677929,417000.0,109.0,3826.0,2,2,Monte dos Burgos - Carvalhido,Paranhos,,41.1693944,-8.6189128,7,good,False,True,34,True,https://www.idealista.pt/imovel/34677929/,1,2.300986830822787,36.333333333333336,417034.0,0.6666666666666666,1
34721909,295000.0,92.0,3207.0,2,2,Custóias,Custóias - Leça do Balio - Guifões,,41.1952513,-8.6446468,2,good,False,True,13,False,https://www.idealista.pt/imovel/34721909/,5,5.809142054762314,30.666666666666668,295044.0,0.6666666666666666,0
34715903,429526.0,139.0,3090.0,3,3,Sampaio-Alumiara-Verdinho,Canidelo,,41.1315531,-8.640006,3,good,False,True,28,True,https://www.idealista.pt/imovel/34715903/,2,3.157156849981127,34.75,429510.0,0.75,0
34718881,280000.0,98.0,2857.0,2,2,Candal - Regadas,Santa Marinha e São Pedro da Afurada,,41.1370031,-8.6342259,1,good,False,True,22,True,https://www.idealista.pt/imovel/34718881/,2,2.4035716602239683,32.666666666666664,279986.0,0.6666666666666666,1
34676853,218000.0,86.0,2535.0,2,1,Areosa,Rio Tinto,,41.1878608,-8.580509,1,renew,False,False,22,False,https://www.idealista.pt/imovel/34676853/,3,4.956939183724986,28.666666666666668,218010.0,0.3333333333333333,0
34715806,229500.0,56.0,4098.0,1,1,Soares dos Reis - Rasa de Cima,Mafamude e Vilar do Paraíso,,41.1225288,-8.6066632,1,good,False,True,20,True,https://www.idealista.pt/imovel/34715806/,7,3.0310194882218355,28.0,229488.0,0.5,0
34719774,240000.0,56.0,4286.0,1,1,Monte dos Burgos - Carvalhido,Paranhos,,41.1697214,-8.6183893,2,good,False,True,20,False,https://www.idealista.pt/imovel/34719774/,1,2.323584987731507,28.0,240016.0,0.5,1
34718710,219000.0,69.0,3174.0,1,1,Seara - Freixieiro,Oliveira do Douro,,41.1126173,-8.5779692,4,good,False,True,22,True,https://www.idealista.pt/imovel/34718710/,4,4.951537627219595,34.5,219006.0,0.5,0
34681420,805000.0,188.0,4282.0,3,4,Candal - Regadas,Santa Marinha e São Pedro da Afurada,,41.1326212,-8.6246366,4,newdevelopment,True,True,28,False,https://www.idealista.pt/empreendimento/34681420/,7,2.2107860053020216,47.0,805016.0,1.0,1
34714310,240000.0,36.0,6667.0,1,1,Monte de Burgos - Padrão da Légua,São Mamede de Infesta e Senhora da Hora,,41.1873423,-8.6261505,3,good,False,True,15,True,https://www.idealista.pt/imovel/34714310/,5,4.386603728241191,18.0,240012.0,0.5,0
34716198,295000.0,80.0,3688.0,2,2,Câmara de Gaia - Aviadores - Quinta das Pedras,Mafamude e Vilar do Paraíso,,41.1310488,-8.6039788,1,good,False,True,19,True,https://www.idealista.pt/imovel/34716198/,7,2.1426766465825304,26.666666666666668,295040.0,0.6666666666666666,1
34706179,312000.0,103.0,3029.0,2,2,Quinta Seca - Azenha de Cima,São Mamede de Infesta e Senhora da Hora,,41.1808616,-8.6696529,bj,good,False,True,30,False,https://www.idealista.pt/imovel/34706179/,0,6.022602326449096,34.333333333333336,311987.0,0.6666666666666666,0
34716050,420000.0,231.0,1818.0,3,2,Lavadores,Canidelo,,41.1309088,-8.6666415,,good,False,,26,True,https://www.idealista.pt/imovel/34716050/,2,5.109642462913763,57.75,419958.0,0.5,0
34721999,430000.0,130.0,3308.0,2,3,Câmara de Gaia - Aviadores - Quinta das Pedras,Mafamude e Vilar do Paraíso,,41.1310826,-8.6076295,2,good,False,True,11,False,https://www.idealista.pt/imovel/34721999/,7,2.077175231344986,43.333333333333336,430040.0,1.0,1
34715927,245000.0,65.0,3769.0,1,1,Coimbrões,Santa Marinha e São Pedro da Afurada,,41.1245553,-8.6275368,1,good,False,True,19,True,https://www.idealista.pt/imovel/34715927/,7,3.1139204896694483,32.5,244985.0,0.5,0
34716905,455000.0,140.0,3250.0,3,3,Fernão Magalhães - Joaquim Urbano,Bonfim,,41.1548584,-8.5925599,2,good,False,True,39,True,https://www.idealista.pt/imovel/34716905/,6,1.6430952742823233,35.0,455000.0,0.75,1
34716872,245000.0,81.0,3025.0,1,1,Sampaio-Alumiara-Verdinho,Canidelo,,41.1329817,-8.6385917,bj,good,False,True,28,True,https://www.idealista.pt/imovel/34716872/,2,2.9651140874370627,40.5,245025.0,0.5,1
34716870,309000.0,87.0,3552.0,2,2,Fernão Magalhães - Joaquim Urbano,Bonfim,,41.1549038,-8.5901585,1,good,False,True,39,True,https://www.idealista.pt/imovel/34716870/,6,1.8340069787441533,29.0,309024.0,0.6666666666666666,1
34719837,288000.0,121.0,2380.0,2,2,Centro,Rio Tinto,,41.1799325,-8.5525577,2,good,False,True,20,True,https://www.idealista.pt/imovel/34719837/,3,5.935284444367351,40.333333333333336,287980.0,0.6666666666666666,0
34715775,265000.0,103.0,2573.0,2,2,Carvalha - Portelinha,Fânzeres e São Pedro da Cova,,41.1623867,-8.5409158,1,good,False,True,27,False,https://www.idealista.pt/imovel/34715775/,4,6.029189388268736,34.333333333333336,265019.0,0.6666666666666666,0
34711769,299900.0,130.0,2307.0,2,2,Sampaio-Alumiara-Verdinho,Canidelo,,41.1270873,-8.6367448,1,good,False,False,21,True,https://www.idealista.pt/imovel/34711769/,2,3.309205535537313,43.333333333333336,299910.0,0.6666666666666666,0
34719753,270000.0,73.0,3699.0,2,2,Seara - Freixieiro,Oliveira do Douro,,41.1133511,-8.5796149,2,good,False,True,27,True,https://www.idealista.pt/imovel/34719753/,4,4.8074866372418805,24.333333333333332,270027.0,0.6666666666666666,0
34715738,210000.0,52.0,4038.0,1,1,Barrosa - Devesas - Telheira do Meio,Santa Marinha e São Pedro da Afurada,,41.1282501,-8.620532,2,good,False,True,19,True,https://www.idealista.pt/imovel/34715738/,7,2.507289088002335,26.0,209976.0,0.5,1
34715729,399500.0,128.0,3121.0,3,3,Parque da Lavandeira - Sardão,Oliveira do Douro,,41.1196289,-8.590812,5,good,False,True,20,True,https://www.idealista.pt/imovel/34715729/,7,3.7331891847096124,32.0,399488.0,0.75,0
34719714,315000.0,100.0,3150.0,2,2,São João - Asprela - Telheiro,São Mamede de Infesta e Senhora da Hora,,41.1883769,-8.6007321,5,good,False,True,26,True,https://www.idealista.pt/imovel/34719714/,3,4.39499022393529,33.333333333333336,315000.0,0.6666666666666666,0
34719711,288000.0,107.0,2692.0,2,2,Paniceiro-Viso-Meiral,Canidelo,,41.1214628,-8.6494749,bj,good,False,False,18,True,https://www.idealista.pt/imovel/34719711/,2,4.4972444455834815,35.666666666666664,288044.0,0.6666666666666666,0
34715706,260000.0,72.0,3611.0,1,1,Coimbrões,Santa Marinha e São Pedro da Afurada,,41.1274411,-8.6292803,bj,good,False,True,19,True,https://www.idealista.pt/imovel/34715706/,7,2.9052199387397164,36.0,259992.0,0.5,1
34715664,268000.0,91.0,2945.0,1,2,Coimbrões,Santa Marinha e São Pedro da Afurada,,41.1303866,-8.6261241,bj,good,False,True,27,True,https://www.idealista.pt/imovel/34715664/,7,2.4879070647957615,45.5,267995.0,1.0,1
34709370,320000.0,54.0,5926.0,1,1,Baixa,Cedofeita - Santo Ildefonso - Sé - Miragaia - São Nicolau - Vitória,Bairro das Artes,41.1511349,-8.6192393,1,good,False,False,24,True,https://www.idealista.pt/imovel/34709370/,1,0.7187907101701988,27.0,320004.0,0.5,1
34442360,399000.0,137.0,2912.0,4,2,Maninho - Baviera,Madalena,,41.1074919,-8.6312132,,good,False,,26,True,https://www.idealista.pt/imovel/34442360/,7,4.981732884834533,27.4,398944.0,0.4,0
34716218,427000.0,131.0,3260.0,3,3,Lavadores,Canidelo,,41.1291833,-8.6548636,1,good,False,True,23,True,https://www.idealista.pt/imovel/34716218/,2,4.325295965146911,32.75,427060.0,0.75,0
34716109,285000.0,89.0,3202.0,2,2,Seara - Freixieiro,Oliveira do Douro,,41.1141878,-8.5772765,1,good,False,True,28,True,https://www.idealista.pt/imovel/34716109/,4,4.840985895543166,29.666666666666668,284978.0,0.6666666666666666,0
33463946,825000.0,224.0,3683.0,3,3,Combatentes - Costa Cabral,Paranhos,,41.1662435,-8.5969445,1,newdevelopment,True,,28,False,https://www.idealista.pt/empreendimento/33463946/,6,2.1886051430634255,56.0,824992.0,0.75,1
34706936,1395000.0,227.0,6145.0,4,4,Matosinhos Sul - Marginal,Matosinhos e Leça da Palmeira,,41.1745459,-8.6822741,6,good,False,True,67,False,https://www.idealista.pt/imovel/34706936/,0,6.587438679528563,45.4,1394915.0,0.8,0
34716930,623000.0,160.0,3894.0,4,4,Fernão Magalhães - Joaquim Urbano,Bonfim,,41.1561629,-8.5903795,3,good,False,True,31,False,https://www.idealista.pt/imovel/34716930/,6,1.8666389787324866,32.0,623040.0,0.8,1
34707926,320000.0,108.0,2963.0,2,3,Lavadores,Canidelo,,41.1295332,-8.6518666,3,good,False,True,24,False,https://www.idealista.pt/imovel/34707926/,2,4.0924301368084235,36.0,320004.0,1.0,0
34680886,699000.0,170.0,4112.0,4,2,Sete Bicas,São Mamede de Infesta e Senhora da Hora,,41.1846141,-8.6474019,,good,False,,48,False,https://www.idealista.pt/imovel/34680886/,5,4.949171211597451,34.0,699040.0,0.4,0
34683871,280000.0,126.0,2222.0,2,1,,Milheirós,,41.2093783,-8.5995781,,good,False,,29,False,https://www.idealista.pt/imovel/34683871/,3,6.714240259412886,42.0,279972.0,0.3333333333333333,0
34702807,225000.0,81.0,2778.0,1,1,Guifões,Custóias - Leça do Balio - Guifões,,41.1968075,-8.6619391,bj,good,False,True,15,False,https://www.idealista.pt/imovel/34702807/,5,6.767847402245347,40.5,225018.0,0.5,0
34715756,335000.0,103.0,3252.0,2,2,Coimbrões,Santa Marinha e São Pedro da Afurada,,41.1259919,-8.6302999,2,good,False,True,30,False,https://www.idealista.pt/imovel/34715756/,7,3.0871627530432173,34.333333333333336,334956.0,0.6666666666666666,0
34516733,775000.0,159.0,4874.0,3,3,Matosinhos Sul - Marginal,Matosinhos e Leça da Palmeira,,41.1789821,-8.6831688,5,newdevelopment,True,True,50,True,https://www.idealista.pt/empreendimento/34516733/,0,6.875494687143807,39.75,774966.0,0.75,0
34516720,565000.0,119.0,4748.0,2,2,Matosinhos Sul - Marginal,Matosinhos e Leça da Palmeira,,41.1789821,-8.6831688,5,newdevelopment,True,True,50,True,https://www.idealista.pt/empreendimento/34516720/,0,6.875494687143807,39.666666666666664,565012.0,0.6666666666666666,0
34516697,535000.0,115.0,4652.0,2,2,Matosinhos Sul - Marginal,Matosinhos e Leça da Palmeira,,41.1789821,-8.6831688,5,newdevelopment,True,True,50,True,https://www.idealista.pt/empreendimento/34516697/,0,6.875494687143807,38.333333333333336,534980.0,0.6666666666666666,0
34702692,345000.0,164.0,2104.0,5,2,Prelada - Monte dos Burgos,Ramalde,Parque da Prelada,41.1755006,-8.6319329,4,good,False,True,34,False,https://www.idealista.pt/imovel/34702692/,5,3.3755913175549987,27.333333333333332,345056.0,0.3333333333333333,0
34690682,299000.0,113.0,2646.0,3,2,Santegãos - Estrada Nova - Campainha,Rio Tinto,,41.189007,-8.5632148,1,good,False,False,24,False,https://www.idealista.pt/imovel/34690682/,3,5.927248167434005,28.25,298998.0,0.5,0
34719640,280000.0,98.0,2857.0,2,2,Candal - Regadas,Santa Marinha e São Pedro da Afurada,,41.1354415,-8.633834,1,good,False,True,23,False,https://www.idealista.pt/imovel/34719640/,2,2.4832881398739204,32.666666666666664,279986.0,0.6666666666666666,1
34118639,700000.0,115.0,6087.0,2,3,Pinheiro Manso,Ramalde,,41.1656854,-8.6514162,2,,True,True,15,False,https://www.idealista.pt/empreendimento/34118639/,0,3.8346576639088283,38.333333333333336,700005.0,1.0,0
34719637,355000.0,161.0,2205.0,4,2,Coimbrões,Santa Marinha e São Pedro da Afurada,,41.1224254,-8.6332139,4,good,False,True,24,False,https://www.idealista.pt/imovel/34719637/,2,3.552831774054964,32.2,355005.0,0.4,0
33987615,700000.0,116.0,6034.0,2,3,Pinheiro Manso,Ramalde,,41.1656854,-8.6514162,bj,,True,True,15,False,https://www.idealista.pt/empreendimento/33987615/,0,3.8346576639088283,38.666666666666664,699944.0,1.0,0
34653569,315000.0,160.0,1969.0,2,2,Afurada - Arrábida - Cavaco,Santa Marinha e São Pedro da Afurada,,41.1429098,-8.6456408,,renew,False,,23,False,https://www.idealista.pt/imovel/34653569/,2,3.002580219576437,53.333333333333336,315040.0,0.6666666666666666,0
34228550,640000.0,194.0,3299.0,3,4,Sete Bicas,São Mamede de Infesta e Senhora da Hora,,41.1863613,-8.6479305,4,newdevelopment,True,True,14,False,https://www.idealista.pt/empreendimento/34228550/,5,5.130004645524542,48.5,640006.0,1.0,0
33984540,475000.0,93.0,5108.0,2,2,Lavadores,Canidelo,,41.1329723,-8.6658059,4,newdevelopment,True,True,44,False,https://www.idealista.pt/empreendimento/33984540/,2,4.95563345827231,31.0,475044.0,0.6666666666666666,0
33984534,475000.0,94.0,5053.0,2,2,Lavadores,Canidelo,,41.1329723,-8.6658059,4,newdevelopment,True,True,44,False,https://www.idealista.pt/empreendimento/33984534/,2,4.95563345827231,31.333333333333332,474982.0,0.6666666666666666,0
34497469,420000.0,149.0,2819.0,2,3,Igreja do Bonfim - Lomba,Bonfim,,41.1506899,-8.5940169,2,newdevelopment,True,True,49,False,https://www.idealista.pt/empreendimento/34497469/,6,1.4187808079270359,49.666666666666664,420031.0,1.0,1
34499465,275000.0,93.0,2957.0,1,1,Igreja do Bonfim - Lomba,Bonfim,,41.1506899,-8.5940169,1,newdevelopment,True,True,47,False,https://www.idealista.pt/empreendimento/34499465/,6,1.4187808079270359,46.5,275001.0,0.5,1
34696441,299000.0,110.0,2718.0,3,2,Quinta Seca - Azenha de Cima,São Mamede de Infesta e Senhora da Hora,,41.1806681,-8.6681468,3,good,False,True,44,False,https://www.idealista.pt/imovel/34696441/,0,5.907492832646861,27.5,298980.0,0.5,0
34497428,385000.0,167.0,2305.0,3,3,Igreja do Bonfim - Lomba,Bonfim,,41.1506899,-8.5940169,2,newdevelopment,True,True,49,False,https://www.idealista.pt/empreendimento/34497428/,6,1.4187808079270359,41.75,384935.0,0.75,1
34683410,320000.0,144.0,2222.0,4,4,Candal - Regadas,Santa Marinha e São Pedro da Afurada,,41.1340399,-8.6333106,,good,False,,52,False,https://www.idealista.pt/imovel/34683410/,2,2.552526786653076,28.8,319968.0,0.8,1
34497397,445000.0,184.0,2418.0,3,2,Igreja do Bonfim - Lomba,Bonfim,,41.1506899,-8.5940169,2,newdevelopment,True,True,49,False,https://www.idealista.pt/empreendimento/34497397/,6,1.4187808079270359,46.0,444912.0,0.5,1
34678384,600000.0,245.0,2449.0,3,3,General Torres,Santa Marinha e São Pedro da Afurada,,41.1311615,-8.6107024,bj,good,False,True,39,False,https://www.idealista.pt/imovel/34678384/,7,2.0503344280095943,61.25,600005.0,0.75,1
34497367,495000.0,263.0,1882.0,3,3,Igreja do Bonfim - Lomba,Bonfim,,41.1506899,-8.5940169,bj,newdevelopment,True,True,50,False,https://www.idealista.pt/empreendimento/34497367/,6,1.4187808079270359,65.75,494966.0,0.75,1
34497365,330000.0,96.0,3438.0,2,2,Igreja do Bonfim - Lomba,Bonfim,,41.1506899,-8.5940169,bj,newdevelopment,True,True,48,False,https://www.idealista.pt/empreendimento/34497365/,6,1.4187808079270359,32.0,330048.0,0.6666666666666666,1
34497338,360000.0,128.0,2813.0,3,3,Igreja do Bonfim - Lomba,Bonfim,,41.1506899,-8.5940169,1,newdevelopment,True,True,49,False,https://www.idealista.pt/empreendimento/34497338/,6,1.4187808079270359,32.0,360064.0,0.75,1
33751311,335000.0,143.0,2343.0,2,2,Contumil - Nicolau Nasoni,Campanhã,,41.1698295,-8.5790497,bj,newdevelopment,True,,52,False,https://www.idealista.pt/empreendimento/33751311/,3,3.4884802349358437,47.666666666666664,335049.0,0.6666666666666666,0
33751310,230000.0,94.0,2447.0,1,1,Contumil - Nicolau Nasoni,Campanhã,,41.1698295,-8.5790497,bj,newdevelopment,True,,53,False,https://www.idealista.pt/empreendimento/33751310/,3,3.4884802349358437,47.0,230018.0,0.5,0
33751302,300000.0,104.0,2885.0,2,2,Contumil - Nicolau Nasoni,Campanhã,,41.1698295,-8.5790497,1,newdevelopment,True,,53,False,https://www.idealista.pt/empreendimento/33751302/,3,3.4884802349358437,34.666666666666664,300040.0,0.6666666666666666,0
33751301,305000.0,103.0,2961.0,2,2,Contumil - Nicolau Nasoni,Campanhã,,41.1698295,-8.5790497,1,newdevelopment,True,,40,False,https://www.idealista.pt/empreendimento/33751301/,3,3.4884802349358437,34.333333333333336,304983.0,0.6666666666666666,0
33751299,305000.0,104.0,2933.0,2,2,Contumil - Nicolau Nasoni,Campanhã,,41.1698295,-8.5790497,1,newdevelopment,True,,53,False,https://www.idealista.pt/empreendimento/33751299/,3,3.4884802349358437,34.666666666666664,305032.0,0.6666666666666666,0
33751293,320000.0,109.0,2936.0,2,2,Contumil - Nicolau Nasoni,Campanhã,,41.1698295,-8.5790497,4,newdevelopment,True,,39,False,https://www.idealista.pt/empreendimento/33751293/,3,3.4884802349358437,36.333333333333336,320024.0,0.6666666666666666,0
33751286,310000.0,108.0,2870.0,2,2,Contumil - Nicolau Nasoni,Campanhã,,41.1698295,-8.5790497,2,newdevelopment,True,,53,False,https://www.idealista.pt/empreendimento/33751286/,3,3.4884802349358437,36.0,309960.0,0.6666666666666666,0
33751283,305000.0,106.0,2877.0,2,2,Contumil - Nicolau Nasoni,Campanhã,,41.1698295,-8.5790497,1,newdevelopment,True,,53,False,https://www.idealista.pt/empreendimento/33751283/,3,3.4884802349358437,35.333333333333336,304962.0,0.6666666666666666,0
33751271,300000.0,105.0,2857.0,2,2,Contumil - Nicolau Nasoni,Campanhã,,41.1698295,-8.5790497,1,newdevelopment,True,,53,False,https://www.idealista.pt/empreendimento/33751271/,3,3.4884802349358437,35.0,299985.0,0.6666666666666666,0
34716265,302500.0,98.0,3087.0,2,2,Coimbrões,Santa Marinha e São Pedro da Afurada,,41.1247288,-8.6279527,bj,good,False,True,19,False,https://www.idealista.pt/imovel/34716265/,7,3.1125040106794666,32.666666666666664,302526.0,0.6666666666666666,0
34226264,1275000.0,289.0,4412.0,4,3,Matosinhos Sul - Marginal,Matosinhos e Leça da Palmeira,,41.1789821,-8.6831688,6,newdevelopment,True,True,26,True,https://www.idealista.pt/empreendimento/34226264/,0,6.875494687143807,57.8,1275068.0,0.6,0
34688234,420000.0,183.0,2295.0,3,3,Maninho - Baviera,Madalena,,41.1126155,-8.6330898,bj,good,False,True,19,False,https://www.idealista.pt/imovel/34688234/,7,4.512917361664253,45.75,419985.0,0.75,0
34667172,335000.0,127.0,2638.0,4,3,Cais das Pedras,Lordelo do Ouro e Massarelos,,41.147301,-8.631335,,good,False,,27,False,https://www.idealista.pt/imovel/34667172/,1,1.7300258198230882,25.4,335026.0,0.6,1
34718139,260000.0,91.0,2857.0,2,1,Hospital São João - Pólo Universitário,Paranhos,,41.1802511,-8.5970049,,good,False,,23,False,https://www.idealista.pt/imovel/34718139/,3,3.6012594848455595,30.333333333333332,259987.0,0.3333333333333333,0
34226104,875000.0,161.0,5435.0,3,3,Matosinhos Sul - Marginal,Matosinhos e Leça da Palmeira,,41.1789821,-8.6831688,6,newdevelopment,True,True,26,True,https://www.idealista.pt/empreendimento/34226104/,0,6.875494687143807,40.25,875035.0,0.75,0
34716091,210000.0,57.0,3684.0,1,1,Seara - Freixieiro,Oliveira do Douro,,41.114108,-8.5789381,1,good,False,True,28,False,https://www.idealista.pt/imovel/34716091/,4,4.768722218246031,28.5,209988.0,0.5,0
34705091,539900.0,143.0,3776.0,3,3,Monte dos Burgos - Carvalhido,Paranhos,,41.1664559,-8.6208979,,good,False,,23,False,https://www.idealista.pt/imovel/34705091/,1,2.0526926255175457,35.75,539968.0,0.75,1
34709035,325000.0,71.0,4577.0,1,1,Ouro - Condominhas,Lordelo do Ouro e Massarelos,,41.1489281,-8.6498633,1,good,False,False,25,False,https://www.idealista.pt/imovel/34709035/,2,3.263234734401948,35.5,324967.0,0.5,0
33754018,320000.0,102.0,3137.0,2,2,Contumil - Nicolau Nasoni,Campanhã,,41.1698295,-8.5790497,5,newdevelopment,True,,53,False,https://www.idealista.pt/empreendimento/33754018/,3,3.4884802349358437,34.0,319974.0,0.6666666666666666,0
33754013,315000.0,103.0,3058.0,2,2,Contumil - Nicolau Nasoni,Campanhã,,41.1698295,-8.5790497,4,newdevelopment,True,,53,False,https://www.idealista.pt/empreendimento/33754013/,3,3.4884802349358437,34.333333333333336,314974.0,0.6666666666666666,0
33754010,310000.0,103.0,3010.0,2,2,Contumil - Nicolau Nasoni,Campanhã,,41.1698295,-8.5790497,3,newdevelopment,True,,53,False,https://www.idealista.pt/empreendimento/33754010/,3,3.4884802349358437,34.333333333333336,310030.0,0.6666666666666666,0
33754008,305000.0,103.0,2961.0,2,2,Contumil - Nicolau Nasoni,Campanhã,,41.1698295,-8.5790497,2,newdevelopment,True,,53,False,https://www.idealista.pt/empreendimento/33754008/,3,3.4884802349358437,34.333333333333336,304983.0,0.6666666666666666,0
34712998,430000.0,104.0,4135.0,3,3,Monte dos Burgos - Carvalhido,Paranhos,,41.1702455,-8.6219967,,good,False,,42,False,https://www.idealista.pt/imovel/34712998/,1,2.476511531800501,26.0,430040.0,0.75,1
34133127,750000.0,279.0,2688.0,5,3,Antas - Estádio do Dragão,Campanhã,,41.1645224,-8.5853306,bj,renew,False,True,23,False,https://www.idealista.pt/imovel/34133127/,6,2.708446772239732,46.5,749952.0,0.5,1
34301889,1250000.0,182.0,6868.0,3,3,Afurada - Arrábida - Cavaco,Santa Marinha e São Pedro da Afurada,,41.1390184,-8.638991,10,newdevelopment,True,True,59,True,https://www.idealista.pt/empreendimento/34301889/,2,2.6300940391499217,45.5,1249976.0,0.75,1
34687868,500000.0,146.0,3425.0,2,2,Fontaínhas - Duques,Bonfim,,41.1475614,-8.5981797,bj,good,False,True,17,True,https://www.idealista.pt/imovel/34687868/,6,1.08893143596923,48.666666666666664,500050.0,0.6666666666666666,1
34636576,277000.0,137.0,2022.0,2,1,Santegãos - Estrada Nova - Campainha,Rio Tinto,,41.1842975,-8.5535468,4,good,False,True,28,True,https://www.idealista.pt/imovel/34636576/,3,6.159047841986077,45.666666666666664,277014.0,0.3333333333333333,0
34679326,280000.0,86.0,3256.0,0,1,Campo 24 de Agosto,Bonfim,,41.1496249,-8.5962376,bj,good,False,False,57,False,https://www.idealista.pt/imovel/34679326/,6,1.2276726790140877,86.0,280016.0,1.0,1
34679268,240000.0,41.0,5854.0,0,1,Campo 24 de Agosto,Bonfim,,41.1496249,-8.5962376,2,good,False,False,55,False,https://www.idealista.pt/imovel/34679268/,6,1.2276726790140877,41.0,240014.0,1.0,1
34618240,230000.0,112.0,2054.0,2,1,Valbom,São Cosme - Valbom - Jovim,,41.1369446,-8.5554153,bj,good,False,True,25,True,https://www.idealista.pt/imovel/34618240/,4,4.854565942395421,37.333333333333336,230048.0,0.3333333333333333,0
34543180,273000.0,64.0,4266.0,1,1,Gervide,Oliveira do Douro,,41.1222461,-8.5878777,5,,True,True,18,False,https://www.idealista.pt/empreendimento/34543180/,7,3.6012157538289036,32.0,273024.0,0.5,0
34637100,244000.0,92.0,2652.0,3,2,São Caetano - Soutelo - Areias,Rio Tinto,,41.1598869,-8.5564417,bj,good,False,True,20,True,https://www.idealista.pt/imovel/34637100/,4,4.700681836431105,23.0,243984.0,0.5,0
34514094,288000.0,132.0,2182.0,3,2,Valbom,São Cosme - Valbom - Jovim,,41.1375319,-8.5524424,1,good,False,False,25,True,https://www.idealista.pt/imovel/34514094/,4,5.075655139379289,33.0,288024.0,0.5,0
34552086,450000.0,210.0,2143.0,2,2,Coimbrões,Santa Marinha e São Pedro da Afurada,,41.1216913,-8.6318475,,good,False,,51,False,https://www.idealista.pt/imovel/34552086/,7,3.5648333085322865,70.0,450030.0,0.6666666666666666,0
34309050,1750000.0,427.0,4098.0,3,3,Lavadores,Canidelo,,41.1238877,-8.6665362,5,newdevelopment,True,True,51,True,https://www.idealista.pt/empreendimento/34309050/,2,5.466556566541271,106.75,1749846.0,0.75,0
34649954,253000.0,82.0,3085.0,2,2,Areosa,Rio Tinto,,41.1893915,-8.5784152,3,good,False,False,19,False,https://www.idealista.pt/imovel/34649954/,3,5.1933315621414335,27.333333333333332,252970.0,0.6666666666666666,0
34058887,600000.0,101.0,5941.0,2,2,Centro Histórico,Cedofeita - Santo Ildefonso - Sé - Miragaia - São Nicolau - Vitória,São Bento - Cimo de Vila,41.1443752,-8.609046,2,good,False,False,20,True,https://www.idealista.pt/imovel/34058887/,6,0.601354341107034,33.666666666666664,600041.0,0.6666666666666666,1
34675783,445000.0,120.0,3708.0,2,2,Candal - Regadas,Santa Marinha e São Pedro da Afurada,,41.1326212,-8.6246366,4,newdevelopment,True,True,22,False,https://www.idealista.pt/empreendimento/34675783/,7,2.2107860053020216,40.0,444960.0,0.6666666666666666,1
34472639,305000.0,160.0,1906.0,3,2,Monte de Burgos - Padrão da Légua,São Mamede de Infesta e Senhora da Hora,,41.1866985,-8.6255996,bj,good,False,True,20,False,https://www.idealista.pt/imovel/34472639/,5,4.304760078307675,40.0,304960.0,0.5,0
34483629,328000.0,164.0,2000.0,3,2,,Águas Santas,,41.2079854,-8.5797944,4,good,False,True,29,False,https://www.idealista.pt/imovel/34483629/,3,6.9946574446666645,41.0,328000.0,0.5,0
34554443,288000.0,121.0,2380.0,2,2,Centro,Rio Tinto,,41.1785191,-8.5523178,2,good,False,False,29,False,https://www.idealista.pt/imovel/34554443/,3,5.8642316362454014,40.333333333333336,287980.0,0.6666666666666666,0
33036407,890000.0,196.0,4541.0,3,3,Afurada - Arrábida - Cavaco,Santa Marinha e São Pedro da Afurada,,41.1392389,-8.639345,10,newdevelopment,True,True,19,True,https://www.idealista.pt/empreendimento/33036407/,2,2.6458664261970344,49.0,890036.0,0.75,1
34618377,306000.0,118.0,2593.0,2,2,Valbom,São Cosme - Valbom - Jovim,,41.1369776,-8.5529912,1,good,False,False,23,False,https://www.idealista.pt/imovel/34618377/,4,5.048158166410951,39.333333333333336,305974.0,0.6666666666666666,0
34705075,294000.0,116.0,2534.0,2,2,Seara - Freixieiro,Oliveira do Douro,,41.1130268,-8.5784088,2,good,False,True,34,True,https://www.idealista.pt/imovel/34705075/,4,4.893211356777597,38.666666666666664,293944.0,0.6666666666666666,0
34625911,535000.0,104.0,5144.0,2,2,Bessa Leite,Lordelo do Ouro e Massarelos,,41.1612913,-8.6471662,4,newdevelopment,True,True,58,False,https://www.idealista.pt/empreendimento/34625911/,0,3.302869381958109,34.666666666666664,534976.0,0.6666666666666666,0
33799810,279000.0,48.0,5813.0,1,1,ESMAE - Doze Casas,Bonfim,,41.1559289,-8.602393,3,,True,True,19,False,https://www.idealista.pt/empreendimento/33799810/,6,1.0012747554684476,24.0,279024.0,0.5,1
34441787,265000.0,68.0,3897.0,2,1,Barranha - Vasco da Gama,São Mamede de Infesta e Senhora da Hora,,41.1907191,-8.6598999,4,good,False,True,19,True,https://www.idealista.pt/imovel/34441787/,5,6.1422368501608915,22.666666666666668,264996.0,0.3333333333333333,0
34675766,397500.0,132.0,3011.0,2,2,Candal - Regadas,Santa Marinha e São Pedro da Afurada,,41.1326212,-8.6246366,5,newdevelopment,True,True,23,False,https://www.idealista.pt/empreendimento/34675766/,7,2.2107860053020216,44.0,397452.0,0.6666666666666666,1
33799767,300000.0,76.0,3947.0,1,1,ESMAE - Doze Casas,Bonfim,,41.1559289,-8.602393,bj,newdevelopment,True,True,19,False,https://www.idealista.pt/empreendimento/33799767/,6,1.0012747554684476,38.0,299972.0,0.5,1
33799768,275000.0,48.0,5729.0,1,1,ESMAE - Doze Casas,Bonfim,,41.1559289,-8.602393,2,,True,True,19,False,https://www.idealista.pt/empreendimento/33799768/,6,1.0012747554684476,24.0,274992.0,0.5,1
34675765,535000.0,152.0,3520.0,2,2,Candal - Regadas,Santa Marinha e São Pedro da Afurada,,41.1326212,-8.6246366,1,newdevelopment,True,True,33,False,https://www.idealista.pt/empreendimento/34675765/,7,2.2107860053020216,50.666666666666664,535040.0,0.6666666666666666,1
34701575,2135000.0,268.0,7966.0,4,4,Pinheiro Manso,Ramalde,,41.1625087,-8.6558763,,newdevelopment,True,True,14,False,https://www.idealista.pt/empreendimento/34701575/,0,4.029760905295245,53.6,2134888.0,0.8,0
34701573,1995000.0,313.0,6374.0,4,4,Pinheiro Manso,Ramalde,,41.1625087,-8.6558763,,newdevelopment,True,True,14,False,https://www.idealista.pt/empreendimento/34701573/,0,4.029760905295245,62.6,1995062.0,0.8,0
34712542,276000.0,133.0,2075.0,2,2,Parque da Lavandeira - Sardão,Oliveira do Douro,,41.1150233,-8.5882241,3,good,False,True,19,False,https://www.idealista.pt/imovel/34712542/,7,4.2882209023657305,44.333333333333336,275975.0,0.6666666666666666,0
34636520,498500.0,140.0,3561.0,4,3,Constituição,Cedofeita - Santo Ildefonso - Sé - Miragaia - São Nicolau - Vitória,,41.1640972,-8.6249103,,renew,False,,28,True,https://www.idealista.pt/imovel/34636520/,1,1.9935851259931883,28.0,498540.0,0.6,1
34701516,2190000.0,288.0,7604.0,4,4,Pinheiro Manso,Ramalde,,41.1625087,-8.6558763,,newdevelopment,True,True,14,False,https://www.idealista.pt/empreendimento/34701516/,0,4.029760905295245,57.6,2189952.0,0.8,0
34345481,315000.0,48.0,6563.0,1,1,Batalha - Guindais,Cedofeita - Santo Ildefonso - Sé - Miragaia - São Nicolau - Vitória,,41.1431874,-8.6067755,1,good,False,False,17,True,https://www.idealista.pt/imovel/34345481/,6,0.7922816272129134,24.0,315024.0,0.5,1
34663419,1300000.0,484.0,2686.0,4,5,Parque da Cidade - Vilarinha - António Aroso,Aldoar - Foz do Douro - Nevogilde,,41.1646149,-8.6721966,,good,False,,38,False,https://www.idealista.pt/imovel/34663419/,0,5.396487110695403,96.8,1300024.0,1.0,0
34678293,299000.0,62.0,4823.0,1,1,Afurada - Arrábida - Cavaco,Santa Marinha e São Pedro da Afurada,,41.1405824,-8.6404228,6,newdevelopment,True,True,26,True,https://www.idealista.pt/empreendimento/34678293/,2,2.6677047680901387,31.0,299026.0,0.5,1
34678292,297500.0,62.0,4798.0,1,1,Afurada - Arrábida - Cavaco,Santa Marinha e São Pedro da Afurada,,41.1405824,-8.6404228,5,newdevelopment,True,True,26,True,https://www.idealista.pt/empreendimento/34678292/,2,2.6677047680901387,31.0,297476.0,0.5,1
34606247,555000.0,105.0,5286.0,2,2,Bessa Leite,Lordelo do Ouro e Massarelos,,41.158963,-8.6455686,6,newdevelopment,True,True,54,False,https://www.idealista.pt/empreendimento/34606247/,0,3.083634908736932,35.0,555030.0,0.6666666666666666,0
34606242,515000.0,104.0,4952.0,2,2,Bessa Leite,Lordelo do Ouro e Massarelos,,41.1595487,-8.6460578,2,newdevelopment,True,True,52,False,https://www.idealista.pt/empreendimento/34606242/,0,3.1445219136578904,34.666666666666664,515008.0,0.6666666666666666,0
34606235,535000.0,120.0,4458.0,2,2,Bessa Leite,Lordelo do Ouro e Massarelos,,41.160276,-8.6462551,1,newdevelopment,True,True,46,False,https://www.idealista.pt/empreendimento/34606235/,0,3.1891859966213785,40.0,534960.0,0.6666666666666666,0
34606233,565000.0,109.0,5183.0,2,2,Bessa Leite,Lordelo do Ouro e Massarelos,,41.1601281,-8.6443121,7,newdevelopment,True,True,46,False,https://www.idealista.pt/empreendimento/34606233/,1,3.032422741055069,36.333333333333336,564947.0,0.6666666666666666,0
34688168,649000.0,229.0,2834.0,4,4,Liceu - Paço do Rei,Mafamude e Vilar do Paraíso,,41.1265484,-8.5963125,1,good,False,True,67,False,https://www.idealista.pt/imovel/34688168/,7,2.8394436798421774,45.8,648986.0,0.8,1
34347019,287000.0,71.0,4042.0,2,2,,Águas Santas,,41.2021931,-8.5679824,5,,True,True,10,False,https://www.idealista.pt/empreendimento/34347019/,3,6.863136965028227,23.666666666666668,286982.0,0.6666666666666666,0
34491085,419000.0,107.0,3916.0,2,2,Soares dos Reis - Rasa de Cima,Mafamude e Vilar do Paraíso,,41.1155368,-8.6132203,4,good,False,True,35,False,https://www.idealista.pt/imovel/34491085/,7,3.792636763368125,35.666666666666664,419012.0,0.6666666666666666,0
34704947,895000.0,242.0,3698.0,4,3,Camões - Gonçalo Cristóvão - Faria Guimarães,Cedofeita - Santo Ildefonso - Sé - Miragaia - São Nicolau - Vitória,,41.1536049,-8.608361,9,good,False,True,36,False,https://www.idealista.pt/imovel/34704947/,6,0.49346221569577986,48.4,894916.0,0.6,1
34704901,695000.0,242.0,2872.0,5,2,Camões - Gonçalo Cristóvão - Faria Guimarães,Cedofeita - Santo Ildefonso - Sé - Miragaia - São Nicolau - Vitória,,41.1536049,-8.608361,12,renew,False,True,47,False,https://www.idealista.pt/imovel/34704901/,6,0.49346221569577986,40.333333333333336,695024.0,0.3333333333333333,1
33478785,930000.0,204.0,4559.0,4,2,Matosinhos Sul - Marginal,Matosinhos e Leça da Palmeira,,41.176363,-8.6864448,4,good,False,True,50,True,https://www.idealista.pt/imovel/33478785/,0,6.989214112063939,40.8,930036.0,0.4,0
34675773,425000.0,120.0,3542.0,2,2,Candal - Regadas,Santa Marinha e São Pedro da Afurada,,41.1326212,-8.6246366,5,newdevelopment,True,True,19,False,https://www.idealista.pt/empreendimento/34675773/,7,2.2107860053020216,40.0,425040.0,0.6666666666666666,1
33457732,598000.0,234.0,2556.0,4,3,Montes Caulinos,São Mamede de Infesta e Senhora da Hora,,41.1852172,-8.6373626,7,good,False,True,45,True,https://www.idealista.pt/imovel/33457732/,5,4.537818270190147,46.8,598104.0,0.6,0
34705718,499000.0,171.0,2918.0,1,2,Baixa,Cedofeita - Santo Ildefonso - Sé - Miragaia - São Nicolau - Vitória,Praça da República,41.1551748,-8.6176993,,renew,False,False,17,False,https://www.idealista.pt/imovel/34705718/,1,0.8416277014336416,85.5,498978.0,1.0,1
34705716,399000.0,136.0,2934.0,1,2,Baixa,Cedofeita - Santo Ildefonso - Sé - Miragaia - São Nicolau - Vitória,Praça da República,41.1551748,-8.6176993,,renew,False,False,17,False,https://www.idealista.pt/imovel/34705716/,1,0.8416277014336416,68.0,399024.0,1.0,1
34710659,1300000.0,408.0,3186.0,4,4,Foz Velha,Aldoar - Foz do Douro - Nevogilde,,41.1531715,-8.6775675,bj,good,False,True,36,False,https://www.idealista.pt/imovel/34710659/,0,5.595968242295298,81.6,1299888.0,0.8,0
34250658,450000.0,184.0,2446.0,6,3,Amial,Paranhos,,41.1756559,-8.6136988,,good,False,,52,True,https://www.idealista.pt/imovel/34250658/,1,2.9067417901167416,26.285714285714285,450064.0,0.42857142857142855,1
34710653,675000.0,198.0,3409.0,3,3,Pinheiro Manso,Ramalde,,41.1667712,-8.6525075,9,good,False,True,33,False,https://www.idealista.pt/imovel/34710653/,0,3.97228116768865,49.5,674982.0,0.75,0
34140652,280000.0,49.0,5714.0,1,1,Afurada - Arrábida - Cavaco,Santa Marinha e São Pedro da Afurada,,41.1401007,-8.6405379,7,good,False,True,23,False,https://www.idealista.pt/imovel/34140652/,2,2.6971694141039655,24.5,279986.0,0.5,1
34687613,790000.0,198.0,3990.0,4,4,Afurada - Arrábida - Cavaco,Santa Marinha e São Pedro da Afurada,,41.1415441,-8.6414151,10,good,False,True,22,False,https://www.idealista.pt/imovel/34687613/,2,2.7076285231359702,39.6,790020.0,0.8,1
34268555,275000.0,58.0,4741.0,1,1,Boavista,Cedofeita - Santo Ildefonso - Sé - Miragaia - São Nicolau - Vitória,Ramalda Alta,41.1609816,-8.617971,3,newdevelopment,True,True,17,True,https://www.idealista.pt/empreendimento/34268555/,1,1.3971913712016717,29.0,274978.0,0.5,1
34378553,725000.0,261.0,2778.0,3,5,Fluvial,Lordelo do Ouro e Massarelos,,41.1470725,-8.6575597,,renew,False,,31,True,https://www.idealista.pt/imovel/34378553/,2,3.916946350278463,65.25,725058.0,1.25,0
34337550,1295000.0,400.0,3238.0,6,5,Constituição,Cedofeita - Santo Ildefonso - Sé - Miragaia - São Nicolau - Vitória,,41.1625145,-8.6173327,,good,False,,55,True,https://www.idealista.pt/imovel/34337550/,1,1.5336918302972453,57.142857142857146,1295200.0,0.7142857142857143,1
34268553,285000.0,57.0,5000.0,1,1,Boavista,Cedofeita - Santo Ildefonso - Sé - Miragaia - São Nicolau - Vitória,Ramalda Alta,41.1609816,-8.617971,3,newdevelopment,True,True,17,True,https://www.idealista.pt/empreendimento/34268553/,1,1.3971913712016717,28.5,285000.0,0.5,1
34268552,277500.0,56.0,4955.0,1,1,Boavista,Cedofeita - Santo Ildefonso - Sé - Miragaia - São Nicolau - Vitória,Ramalda Alta,41.1609816,-8.617971,2,newdevelopment,True,True,17,True,https://www.idealista.pt/empreendimento/34268552/,1,1.3971913712016717,28.0,277480.0,0.5,1
34207543,305000.0,163.0,1871.0,3,2,Seara - Freixieiro,Oliveira do Douro,,41.1134454,-8.5767235,7,good,False,True,21,True,https://www.idealista.pt/imovel/34207543/,4,4.935094688223632,40.75,304973.0,0.5,0
34033534,778000.0,271.0,2871.0,5,5,São João - Asprela - Telheiro,São Mamede de Infesta e Senhora da Hora,,41.1846905,-8.6188269,,good,False,,37,True,https://www.idealista.pt/imovel/34033534/,5,3.9579021292858663,45.166666666666664,778041.0,0.8333333333333334,0
34704520,1250000.0,388.0,3222.0,4,4,Salgueiros,Canidelo,,41.1165469,-8.6588032,,good,False,,56,False,https://www.idealista.pt/imovel/34704520/,2,5.440907051494572,77.6,1250136.0,0.8,0
34335505,699000.0,200.0,3495.0,3,2,Constituição,Cedofeita - Santo Ildefonso - Sé - Miragaia - São Nicolau - Vitória,,41.1625145,-8.6173327,,good,False,,45,True,https://www.idealista.pt/imovel/34335505/,1,1.5336918302972453,50.0,699000.0,0.5,1
34322501,285000.0,136.0,2096.0,3,2,Seara - Freixieiro,Oliveira do Douro,,41.1128598,-8.5786992,1,good,False,True,25,True,https://www.idealista.pt/imovel/34322501/,4,4.895215880012463,34.0,285056.0,0.5,0
34554453,450000.0,210.0,2143.0,2,3,Coimbrões,Santa Marinha e São Pedro da Afurada,,41.1217318,-8.632249,,good,False,,51,False,https://www.idealista.pt/imovel/34554453/,7,3.577598132414165,70.0,450030.0,1.0,0
34713403,1490000.0,550.0,2709.0,4,6,Praia,Madalena,,41.1072825,-8.6588344,,good,False,,51,False,https://www.idealista.pt/imovel/34713403/,2,6.185488159736905,110.0,1489950.0,1.2,0
34678319,455000.0,110.0,4136.0,3,3,Afurada - Arrábida - Cavaco,Santa Marinha e São Pedro da Afurada,,41.1405824,-8.6404228,5,newdevelopment,True,True,26,False,https://www.idealista.pt/empreendimento/34678319/,2,2.6677047680901387,27.5,454960.0,0.75,1
34678311,461000.0,110.0,4191.0,3,3,Afurada - Arrábida - Cavaco,Santa Marinha e São Pedro da Afurada,,41.1405824,-8.6404228,6,newdevelopment,True,True,26,False,https://www.idealista.pt/empreendimento/34678311/,2,2.6677047680901387,27.5,461010.0,0.75,1
34678308,449000.0,110.0,4082.0,3,3,Afurada - Arrábida - Cavaco,Santa Marinha e São Pedro da Afurada,,41.1405824,-8.6404228,4,newdevelopment,True,True,26,False,https://www.idealista.pt/empreendimento/34678308/,2,2.6677047680901387,27.5,449020.0,0.75,1
34678296,467000.0,110.0,4245.0,3,3,Afurada - Arrábida - Cavaco,Santa Marinha e São Pedro da Afurada,,41.1405824,-8.6404228,7,newdevelopment,True,True,26,False,https://www.idealista.pt/empreendimento/34678296/,2,2.6677047680901387,27.5,466950.0,0.75,1
34678295,461000.0,140.0,3293.0,3,3,Afurada - Arrábida - Cavaco,Santa Marinha e São Pedro da Afurada,,41.1405824,-8.6404228,1,newdevelopment,True,True,26,False,https://www.idealista.pt/empreendimento/34678295/,2,2.6677047680901387,35.0,461020.0,0.75,1
34678260,503000.0,127.0,3961.0,3,3,Sampaio-Alumiara-Verdinho,Canidelo,,41.1324705,-8.6472639,3,good,False,True,31,False,https://www.idealista.pt/imovel/34678260/,2,3.5917485866061973,31.75,503047.0,0.75,0
34722170,269000.0,156.0,1724.0,2,2,,Águas Santas,,41.2005075,-8.5985834,2,good,False,False,10,False,https://www.idealista.pt/imovel/34722170/,3,5.753754458782171,52.0,268944.0,0.6666666666666666,0
33888137,373000.0,161.0,2317.0,4,2,Coimbrões,Santa Marinha e São Pedro da Afurada,,41.1207534,-8.6338598,4,good,False,True,30,True,https://www.idealista.pt/imovel/33888137/,2,3.7397768917473204,32.2,373037.0,0.4,0
34687115,635000.0,129.0,4922.0,4,3,Afurada - Arrábida - Cavaco,Santa Marinha e São Pedro da Afurada,,41.1417635,-8.6409,2,good,False,True,22,False,https://www.idealista.pt/imovel/34687115/,2,2.6588651443597633,25.8,634938.0,0.6,1
33938051,355000.0,100.0,3550.0,2,2,Padrão da Légua - Av. Xanana Gusmão,Custóias - Leça do Balio - Guifões,,41.1925061,-8.632814,4,newdevelopment,True,True,22,True,https://www.idealista.pt/empreendimento/33938051/,5,5.111390034147254,33.333333333333336,355000.0,0.6666666666666666,0
33938041,345000.0,100.0,3450.0,2,2,Padrão da Légua - Av. Xanana Gusmão,Custóias - Leça do Balio - Guifões,,41.1925061,-8.632814,3,newdevelopment,True,True,22,True,https://www.idealista.pt/empreendimento/33938041/,5,5.111390034147254,33.333333333333336,345000.0,0.6666666666666666,0
33938040,310000.0,95.0,3263.0,1,1,Padrão da Légua - Av. Xanana Gusmão,Custóias - Leça do Balio - Guifões,,41.1925061,-8.632814,1,newdevelopment,True,True,22,True,https://www.idealista.pt/empreendimento/33938040/,5,5.111390034147254,47.5,309985.0,0.5,0
33938039,295000.0,89.0,3315.0,1,1,Padrão da Légua - Av. Xanana Gusmão,Custóias - Leça do Balio - Guifões,,41.1925061,-8.632814,2,newdevelopment,True,True,22,True,https://www.idealista.pt/empreendimento/33938039/,5,5.111390034147254,44.5,295035.0,0.5,0
33938024,405000.0,122.0,3320.0,3,3,Padrão da Légua - Av. Xanana Gusmão,Custóias - Leça do Balio - Guifões,,41.1925061,-8.632814,4,newdevelopment,True,True,22,True,https://www.idealista.pt/empreendimento/33938024/,5,5.111390034147254,30.5,405040.0,0.75,0
34485006,550000.0,162.0,3395.0,4,2,Boavista,Cedofeita - Santo Ildefonso - Sé - Miragaia - São Nicolau - Vitória,Casa da Música,41.1586017,-8.627862,4,good,False,True,45,True,https://www.idealista.pt/imovel/34485006/,1,1.7374165901589709,32.4,549990.0,0.4,1
33938003,415000.0,137.0,3029.0,3,3,Padrão da Légua - Av. Xanana Gusmão,Custóias - Leça do Balio - Guifões,,41.1925061,-8.632814,2,newdevelopment,True,True,22,True,https://www.idealista.pt/empreendimento/33938003/,5,5.111390034147254,34.25,414973.0,0.75,0
33937973,330000.0,93.0,3548.0,2,2,Padrão da Légua - Av. Xanana Gusmão,Custóias - Leça do Balio - Guifões,,41.1925061,-8.632814,4,newdevelopment,True,True,22,True,https://www.idealista.pt/empreendimento/33937973/,5,5.111390034147254,31.0,329964.0,0.6666666666666666,0
34462955,249900.0,95.0,2631.0,2,1,Monte de Burgos - Padrão da Légua,São Mamede de Infesta e Senhora da Hora,,41.1807026,-8.625728,1,good,False,True,27,False,https://www.idealista.pt/imovel/34462955/,5,3.6744474665376323,31.666666666666668,249945.0,0.3333333333333333,0
34526950,580000.0,183.0,3169.0,3,3,Praia,Madalena,,41.1076611,-8.65439,2,newdevelopment,True,True,22,False,https://www.idealista.pt/empreendimento/34526950/,2,5.9173774001526205,45.75,579927.0,0.75,0
34526947,480000.0,121.0,3967.0,2,3,Praia,Madalena,,41.1076611,-8.65439,1,newdevelopment,True,True,22,False,https://www.idealista.pt/empreendimento/34526947/,2,5.9173774001526205,40.333333333333336,480007.0,1.0,0
34526949,500000.0,183.0,2732.0,3,3,Praia,Madalena,,41.1076611,-8.65439,2,newdevelopment,True,True,22,False,https://www.idealista.pt/empreendimento/34526949/,2,5.9173774001526205,45.75,499956.0,0.75,0
34526944,400000.0,121.0,3306.0,2,2,Praia,Madalena,,41.1076611,-8.65439,2,newdevelopment,True,True,22,False,https://www.idealista.pt/empreendimento/34526944/,2,5.9173774001526205,40.333333333333336,400026.0,0.6666666666666666,0
34526940,495000.0,183.0,2705.0,3,3,Praia,Madalena,,41.1076611,-8.65439,3,newdevelopment,True,True,22,False,https://www.idealista.pt/empreendimento/34526940/,2,5.9173774001526205,45.75,495015.0,0.75,0
33335936,280000.0,102.0,2745.0,2,2,Centro,Canelas,,41.0875473,-8.5989827,bj,newdevelopment,True,True,24,False,https://www.idealista.pt/empreendimento/33335936/,7,6.971789118568052,34.0,279990.0,0.6666666666666666,0
33984933,427000.0,79.0,5405.0,2,2,Lavadores,Canidelo,,41.1329723,-8.6658059,3,newdevelopment,True,True,44,False,https://www.idealista.pt/empreendimento/33984933/,2,4.95563345827231,26.333333333333332,426995.0,0.6666666666666666,0
33984917,329000.0,78.0,4218.0,2,2,Arca d'Água - Campo Lindo - Vale Formoso,Paranhos,,41.1659728,-8.6110003,bj,good,False,False,20,False,https://www.idealista.pt/imovel/33984917/,1,1.8205916594605422,26.0,329004.0,0.6666666666666666,1
34526903,470000.0,183.0,2568.0,3,3,Praia,Madalena,,41.1076611,-8.65439,1,newdevelopment,True,True,22,False,https://www.idealista.pt/empreendimento/34526903/,2,5.9173774001526205,45.75,469944.0,0.75,0
33388893,390000.0,114.0,3421.0,3,2,Maninho - Baviera,Madalena,,41.1111874,-8.6335775,3,newdevelopment,True,,37,False,https://www.idealista.pt/empreendimento/33388893/,7,4.674538914907727,28.5,389994.0,0.5,0
34526886,380000.0,121.0,3140.0,2,2,Praia,Madalena,,41.1076611,-8.65439,1,newdevelopment,True,True,22,False,https://www.idealista.pt/empreendimento/34526886/,2,5.9173774001526205,40.333333333333336,379940.0,0.6666666666666666,0
33984885,880000.0,156.0,5641.0,3,3,Lavadores,Canidelo,,41.1329723,-8.6658059,3,newdevelopment,True,True,44,False,https://www.idealista.pt/empreendimento/33984885/,2,4.95563345827231,39.0,879996.0,0.75,0
33984882,860000.0,157.0,5478.0,3,3,Lavadores,Canidelo,,41.1329723,-8.6658059,2,newdevelopment,True,True,44,False,https://www.idealista.pt/empreendimento/33984882/,2,4.95563345827231,39.25,860046.0,0.75,0
34486869,662400.0,134.0,4943.0,3,4,Valbom,São Cosme - Valbom - Jovim,,41.1406638,-8.5691091,,newdevelopment,True,True,24,False,https://www.idealista.pt/empreendimento/34486869/,4,3.6376964478187523,33.5,662362.0,1.0,0
34605863,275000.0,90.0,3056.0,2,2,Covelo - Monte de São João,Paranhos,,41.1633319,-8.6052116,2,good,False,True,35,False,https://www.idealista.pt/imovel/34605863/,6,1.5994614722486473,30.0,275040.0,0.6666666666666666,1
34588864,490000.0,240.0,2042.0,3,3,Fernão Magalhães - Joaquim Urbano,Bonfim,,41.1558758,-8.5939491,,good,False,,35,True,https://www.idealista.pt/imovel/34588864/,6,1.5815026186207757,60.0,490080.0,0.75,1
34577863,399000.0,131.0,3046.0,2,2,Monte dos Burgos - Carvalhido,Paranhos,,41.1653325,-8.6182135,,good,False,,34,False,https://www.idealista.pt/imovel/34577863/,1,1.8534282045555677,43.666666666666664,399026.0,0.6666666666666666,1
34434866,229000.0,80.0,2863.0,1,2,Areosa,Rio Tinto,,41.1843984,-8.5781059,bj,good,False,True,26,False,https://www.idealista.pt/imovel/34434866/,3,4.744241728139749,40.0,229040.0,1.0,0
33984864,720000.0,129.0,5581.0,3,3,Lavadores,Canidelo,,41.1329723,-8.6658059,2,newdevelopment,True,True,44,False,https://www.idealista.pt/empreendimento/33984864/,2,4.95563345827231,32.25,719949.0,0.75,0
33984859,495000.0,97.0,5103.0,2,2,Lavadores,Canidelo,,41.1329723,-8.6658059,3,newdevelopment,True,True,44,False,https://www.idealista.pt/empreendimento/33984859/,2,4.95563345827231,32.333333333333336,494991.0,0.6666666666666666,0
34486856,634100.0,116.0,5466.0,2,3,Valbom,São Cosme - Valbom - Jovim,,41.1406638,-8.5691091,,newdevelopment,True,True,24,False,https://www.idealista.pt/empreendimento/34486856/,4,3.6376964478187523,38.666666666666664,634056.0,1.0,0
33984857,815000.0,135.0,6037.0,3,3,Lavadores,Canidelo,,41.1329723,-8.6658059,1,newdevelopment,True,True,44,False,https://www.idealista.pt/empreendimento/33984857/,2,4.95563345827231,33.75,814995.0,0.75,0
33984856,740000.0,126.0,5873.0,2,2,Lavadores,Canidelo,,41.1329723,-8.6658059,1,newdevelopment,True,True,44,False,https://www.idealista.pt/empreendimento/33984856/,2,4.95563345827231,42.0,739998.0,0.6666666666666666,0
33984852,520000.0,97.0,5361.0,2,2,Lavadores,Canidelo,,41.1329723,-8.6658059,3,newdevelopment,True,True,44,False,https://www.idealista.pt/empreendimento/33984852/,2,4.95563345827231,32.333333333333336,520017.0,0.6666666666666666,0
33335835,380000.0,114.0,3333.0,3,2,Maninho - Baviera,Madalena,,41.1114643,-8.6303342,2,newdevelopment,True,,37,False,https://www.idealista.pt/empreendimento/33335835/,7,4.542153260717515,28.5,379962.0,0.5,0
34201833,247000.0,110.0,2245.0,4,3,São Caetano - Soutelo - Areias,Rio Tinto,,41.1689333,-8.5546141,2,good,False,False,41,False,https://www.idealista.pt/imovel/34201833/,3,5.179297886061665,22.0,246950.0,0.6,0
33984826,485000.0,97.0,5000.0,2,2,Lavadores,Canidelo,,41.1329723,-8.6658059,2,newdevelopment,True,True,44,False,https://www.idealista.pt/empreendimento/33984826/,2,4.95563345827231,32.333333333333336,485000.0,0.6666666666666666,0
34486821,618900.0,121.0,5115.0,2,3,Valbom,São Cosme - Valbom - Jovim,,41.1406638,-8.5691091,,newdevelopment,True,True,24,False,https://www.idealista.pt/empreendimento/34486821/,4,3.6376964478187523,40.333333333333336,618915.0,1.0,0
34634811,340000.0,108.0,3148.0,6,4,Camões - Gonçalo Cristóvão - Faria Guimarães,Cedofeita - Santo Ildefonso - Sé - Miragaia - São Nicolau - Vitória,,41.1560561,-8.6077844,,renew,False,,34,False,https://www.idealista.pt/imovel/34634811/,6,0.7638090604940418,15.428571428571429,339984.0,0.5714285714285714,1
34452813,305000.0,73.0,4178.0,1,1,Lavadores,Canidelo,,41.1329723,-8.6658059,3,newdevelopment,True,True,44,False,https://www.idealista.pt/empreendimento/34452813/,2,4.95563345827231,36.5,304994.0,0.5,0
34486805,661400.0,123.0,5377.0,2,3,Valbom,São Cosme - Valbom - Jovim,,41.1406638,-8.5691091,,newdevelopment,True,True,24,False,https://www.idealista.pt/empreendimento/34486805/,4,3.6376964478187523,41.0,661371.0,1.0,0
34521802,299000.0,115.0,2600.0,2,1,Seara - Freixieiro,Oliveira do Douro,,41.1128148,-8.5779989,2,good,False,True,20,False,https://www.idealista.pt/imovel/34521802/,4,4.931921486457674,38.333333333333336,299000.0,0.3333333333333333,0
34656780,420000.0,115.0,3652.0,2,2,Pinheiro Manso,Ramalde,,41.1667283,-8.650695,1,good,False,True,39,False,https://www.idealista.pt/imovel/34656780/,0,3.8375447193462304,38.333333333333336,419980.0,0.6666666666666666,0
34677775,525000.0,137.0,3832.0,3,3,Bessa Leite,Lordelo do Ouro e Massarelos,,41.1602524,-8.6484565,6,renew,False,True,23,False,https://www.idealista.pt/imovel/34677775/,0,3.3600227598129027,34.25,524984.0,0.75,0
34656778,615000.0,179.0,3436.0,3,2,Pinheiro Manso,Ramalde,,41.1667283,-8.650695,1,good,False,True,42,False,https://www.idealista.pt/imovel/34656778/,0,3.8375447193462304,44.75,615044.0,0.5,0
33984778,640000.0,110.0,5818.0,3,3,Lavadores,Canidelo,,41.1329723,-8.6658059,4,newdevelopment,True,True,44,False,https://www.idealista.pt/empreendimento/33984778/,2,4.95563345827231,27.5,639980.0,0.75,0
33984777,630000.0,110.0,5727.0,3,3,Lavadores,Canidelo,,41.1329723,-8.6658059,3,newdevelopment,True,True,44,False,https://www.idealista.pt/empreendimento/33984777/,2,4.95563345827231,27.5,629970.0,0.75,0
34696769,249000.0,63.0,3952.0,1,2,Arca d'Água - Campo Lindo - Vale Formoso,Paranhos,,41.1688052,-8.6112476,2,good,False,False,18,False,https://www.idealista.pt/imovel/34696769/,1,2.1357190634761825,31.5,248976.0,1.0,1
33804745,670000.0,325.0,2062.0,5,6,Centro de Senhora da Hora,São Mamede de Infesta e Senhora da Hora,,41.190252,-8.6531539,,good,False,,53,True,https://www.idealista.pt/imovel/33804745/,5,5.739505314960053,54.166666666666664,670150.0,1.0,0
33035720,880000.0,231.0,3810.0,4,3,Cooperativa dos Arquitectos - Fonte da Moura - Pedra Verde,Aldoar - Foz do Douro - Nevogilde,,41.1698487,-8.6625035,1,good,False,False,28,False,https://www.idealista.pt/imovel/33035720/,0,4.871581333822462,46.2,880110.0,0.6,0
34638704,295000.0,80.0,3688.0,2,2,Campo 24 de Agosto,Bonfim,,41.1527243,-8.6035669,3,good,False,True,24,False,https://www.idealista.pt/imovel/34638704/,6,0.7054514778329319,26.666666666666668,295040.0,0.6666666666666666,1
34260700,880000.0,360.0,2444.0,6,2,Antas - Praça Velásquez,Bonfim,,41.1606889,-8.5965096,,good,False,,56,False,https://www.idealista.pt/imovel/34260700/,6,1.7239167889732172,51.42857142857143,879840.0,0.2857142857142857,1
34208692,299000.0,60.0,4983.0,1,1,Camões - Gonçalo Cristóvão - Faria Guimarães,Cedofeita - Santo Ildefonso - Sé - Miragaia - São Nicolau - Vitória,,41.1565219,-8.6098903,bj,good,False,True,29,False,https://www.idealista.pt/imovel/34208692/,6,0.774308741900841,30.0,298980.0,0.5,1
34506683,1250000.0,268.0,4664.0,3,4,Afurada - Arrábida - Cavaco,Santa Marinha e São Pedro da Afurada,,41.141862,-8.6413086,9,good,False,True,22,False,https://www.idealista.pt/imovel/34506683/,2,2.6876845612246094,67.0,1249952.0,1.0,1
34478663,379000.0,175.0,2166.0,5,3,Constituição,Cedofeita - Santo Ildefonso - Sé - Miragaia - São Nicolau - Vitória,,41.1626829,-8.610143,3,renew,False,False,43,False,https://www.idealista.pt/imovel/34478663/,6,1.4561319599569942,29.166666666666668,379050.0,0.5,1
33984642,515000.0,104.0,4952.0,2,2,Lavadores,Canidelo,,41.1329723,-8.6658059,1,newdevelopment,True,True,44,False,https://www.idealista.pt/empreendimento/33984642/,2,4.95563345827231,34.666666666666664,515008.0,0.6666666666666666,0
33984639,905000.0,152.0,5954.0,3,3,Lavadores,Canidelo,,41.1329723,-8.6658059,3,newdevelopment,True,True,44,False,https://www.idealista.pt/empreendimento/33984639/,2,4.95563345827231,38.0,905008.0,0.75,0
33687642,880000.0,292.0,3014.0,6,7,Estação,Campanhã,,41.1480345,-8.5877289,,good,False,,36,False,https://www.idealista.pt/imovel/33687642/,6,1.9479126243741698,41.714285714285715,880088.0,1.0,1
34679635,333000.0,110.0,3027.0,2,2, Viso - Zona Industrial,Ramalde,,41.1795658,-8.6363013,,good,False,,27,True,https://www.idealista.pt/imovel/34679635/,5,3.9527021940208353,36.666666666666664,332970.0,0.6666666666666666,0
34605631,840000.0,107.0,7850.0,2,2,Lavadores,Canidelo,,41.1329723,-8.6658059,5,,True,True,44,False,https://www.idealista.pt/empreendimento/34605631/,2,4.95563345827231,35.666666666666664,839950.0,0.6666666666666666,0
33984632,874000.0,151.0,5788.0,3,3,Lavadores,Canidelo,,41.1329723,-8.6658059,2,newdevelopment,True,True,44,False,https://www.idealista.pt/empreendimento/33984632/,2,4.95563345827231,37.75,873988.0,0.75,0
34209621,300000.0,69.0,4348.0,1,1,Prelada - Monte dos Burgos,Ramalde,Requesende,41.1734953,-8.6373661,9,newdevelopment,True,True,38,False,https://www.idealista.pt/empreendimento/34209621/,5,3.459571123376972,34.5,300012.0,0.5,0
34719612,280000.0,98.0,2857.0,2,2,Candal - Regadas,Santa Marinha e São Pedro da Afurada,,41.1369799,-8.6331698,1,good,False,True,20,False,https://www.idealista.pt/imovel/34719612/,1,2.3338257399926747,32.666666666666664,279986.0,0.6666666666666666,1
33984611,546000.0,101.0,5406.0,2,2,Lavadores,Canidelo,,41.1329723,-8.6658059,1,newdevelopment,True,True,44,False,https://www.idealista.pt/empreendimento/33984611/,2,4.95563345827231,33.666666666666664,546006.0,0.6666666666666666,0
33984598,445000.0,92.0,4837.0,2,2,Lavadores,Canidelo,,41.1329723,-8.6658059,1,newdevelopment,True,True,44,False,https://www.idealista.pt/empreendimento/33984598/,2,4.95563345827231,30.666666666666668,445004.0,0.6666666666666666,0
34209592,280000.0,59.0,4746.0,1,1,Prelada - Monte dos Burgos,Ramalde,Requesende,41.1734953,-8.6373661,4,newdevelopment,True,True,38,False,https://www.idealista.pt/empreendimento/34209592/,5,3.459571123376972,29.5,280014.0,0.5,0
33984588,525000.0,102.0,5147.0,2,2,Lavadores,Canidelo,,41.1329723,-8.6658059,1,newdevelopment,True,True,44,False,https://www.idealista.pt/empreendimento/33984588/,2,4.95563345827231,34.0,524994.0,0.6666666666666666,0
33984587,718000.0,129.0,5566.0,3,3,Lavadores,Canidelo,,41.1329723,-8.6658059,2,newdevelopment,True,True,44,False,https://www.idealista.pt/empreendimento/33984587/,2,4.95563345827231,32.25,718014.0,0.75,0
34209584,290000.0,69.0,4203.0,1,1,Prelada - Monte dos Burgos,Ramalde,Requesende,41.1734953,-8.6373661,7,newdevelopment,True,True,38,False,https://www.idealista.pt/empreendimento/34209584/,5,3.459571123376972,34.5,290007.0,0.5,0
34209583,402000.0,100.0,4020.0,2,2,Prelada - Monte dos Burgos,Ramalde,Requesende,41.1734953,-8.6373661,4,newdevelopment,True,True,42,False,https://www.idealista.pt/empreendimento/34209583/,5,3.459571123376972,33.333333333333336,402000.0,0.6666666666666666,0
33684579,947370.0,262.0,3616.0,4,4,Foz Velha,Aldoar - Foz do Douro - Nevogilde,,41.1515514,-8.6684184,,good,False,True,26,True,https://www.idealista.pt/imovel/33684579/,0,4.820778829499373,52.4,947392.0,0.8,0
34380569,1590000.0,416.0,3822.0,4,5,Praça do Marquês - Lima,Bonfim,,41.1603672,-8.6023468,,good,False,,70,False,https://www.idealista.pt/imovel/34380569/,6,1.3950684676852978,83.2,1589952.0,1.0,1
30493530,450000.0,109.0,4128.0,3,1,Baixa,Cedofeita - Santo Ildefonso - Sé - Miragaia - São Nicolau - Vitória,Santa Catarina,41.1482736,-8.6029602,1,good,False,False,21,False,https://www.idealista.pt/imovel/30493530/,6,0.6809632248655209,27.25,449952.0,0.25,1
34091529,549000.0,164.0,3348.0,2,2,Amial,Paranhos,,41.1784776,-8.618103,10,good,False,True,25,False,https://www.idealista.pt/imovel/34091529/,5,3.2671646783588177,54.666666666666664,549072.0,0.6666666666666666,0
34694484,309900.0,102.0,3038.0,2,2,Arca d'Água - Campo Lindo - Vale Formoso,Paranhos,,41.1681187,-8.6100587,1,good,False,False,18,False,https://www.idealista.pt/imovel/34694484/,6,2.0603896354881073,34.0,309876.0,0.6666666666666666,1
34337464,295000.0,127.0,2323.0,4,2,Monte de Burgos - Padrão da Légua,São Mamede de Infesta e Senhora da Hora,,41.1810711,-8.6293063,3,good,False,True,26,False,https://www.idealista.pt/imovel/34337464/,5,3.8236068135932566,25.4,295021.0,0.4,0
34216461,1480000.0,480.0,3083.0,17,4,Estação,Campanhã,,41.1547642,-8.5896533,,good,False,,37,False,https://www.idealista.pt/imovel/34216461/,6,1.8692830465657804,26.666666666666668,1479840.0,0.2222222222222222,1
34219458,989000.0,321.0,3081.0,3,1,Praia,Madalena,,41.1096119,-8.6606076,,good,False,,48,False,https://www.idealista.pt/imovel/34219458/,2,6.091281785769701,80.25,989001.0,0.25,0
34677444,460000.0,98.0,4694.0,2,2,Aviz - Cristo Rei,Aldoar - Foz do Douro - Nevogilde,,41.1581322,-8.671638,5,good,False,True,21,False,https://www.idealista.pt/imovel/34677444/,0,5.172953039937021,32.666666666666664,460012.0,0.6666666666666666,0
33734436,900000.0,264.0,3409.0,2,3,Estação,Campanhã,,41.1482323,-8.58761,,good,False,,36,False,https://www.idealista.pt/imovel/33734436/,6,1.955992681042584,88.0,899976.0,1.0,1
33055418,309000.0,165.0,1873.0,2,1,São João - Asprela - Telheiro,São Mamede de Infesta e Senhora da Hora,,41.1865939,-8.6031136,,good,False,,21,True,https://www.idealista.pt/imovel/33055418/,3,4.164847988258463,55.0,309045.0,0.3333333333333333,0
34512332,535000.0,108.0,4954.0,2,2,Lavadores,Canidelo,,41.1329723,-8.6658059,4,newdevelopment,True,True,44,False,https://www.idealista.pt/empreendimento/34512332/,2,4.95563345827231,36.0,535032.0,0.6666666666666666,0
34697293,365000.0,119.0,3067.0,2,2,Sampaio-Alumiara-Verdinho,Canidelo,,41.1313633,-8.6408481,1,good,False,True,20,True,https://www.idealista.pt/imovel/34697293/,2,3.2251408514807935,39.666666666666664,364973.0,0.6666666666666666,0
34442291,750000.0,207.0,3623.0,4,3,Pinheiro Manso,Ramalde,,41.1667514,-8.6532707,9,good,False,True,33,False,https://www.idealista.pt/imovel/34442291/,0,4.027384188273718,41.4,749961.0,0.6,0
34517289,620000.0,270.0,2296.0,5,4,Campo Alegre,Lordelo do Ouro e Massarelos,,41.1545516,-8.6456047,3,good,False,True,29,False,https://www.idealista.pt/imovel/34517289/,1,2.9573894802905816,45.0,619920.0,0.6666666666666666,1
34090281,449900.0,203.0,2216.0,9,3,Estação,Campanhã,,41.1513184,-8.5867934,,good,False,,57,False,https://www.idealista.pt/imovel/34090281/,6,2.0274221184433383,20.3,449848.0,0.3,1
34555258,335000.0,80.0,4188.0,2,2,Serralves,Lordelo do Ouro e Massarelos,,41.1613637,-8.658079,bj,good,False,False,23,False,https://www.idealista.pt/imovel/34555258/,0,4.160859600809716,26.666666666666668,335040.0,0.6666666666666666,0
34479229,875000.0,166.0,5271.0,2,3,Afurada - Arrábida - Cavaco,Santa Marinha e São Pedro da Afurada,,41.1435655,-8.647039,1,good,False,True,56,False,https://www.idealista.pt/imovel/34479229/,2,3.099529088406966,55.333333333333336,874986.0,1.0,0
34635202,785000.0,153.0,5131.0,3,2,Miragaia - Virtudes,Cedofeita - Santo Ildefonso - Sé - Miragaia - São Nicolau - Vitória,,41.1435496,-8.6185793,1,good,False,False,44,False,https://www.idealista.pt/imovel/34635202/,1,0.9306381046854773,38.25,785043.0,0.5,1
34209199,648000.0,222.0,2919.0,3,3,Lavadores,Canidelo,,41.129174,-8.6664246,2,good,False,True,60,False,https://www.idealista.pt/imovel/34209199/,2,5.174826366966229,55.5,648018.0,0.75,0
34526197,249000.0,142.0,1754.0,3,2,Santegãos - Estrada Nova - Campainha,Rio Tinto,,41.1896922,-8.5567515,2,good,False,False,23,False,https://www.idealista.pt/imovel/34526197/,3,6.357438696743571,35.5,249068.0,0.5,0
34225194,305000.0,111.0,2748.0,3,2,Seara - Freixieiro,Oliveira do Douro,,41.1142724,-8.5755815,bj,good,False,True,19,False,https://www.idealista.pt/imovel/34225194/,4,4.9173988671455,27.75,305028.0,0.5,0
33934192,750000.0,204.0,3676.0,5,3,Fontaínhas - Duques,Bonfim,,41.1455946,-8.5966692,,good,False,,42,False,https://www.idealista.pt/imovel/33934192/,6,1.2720846858512338,34.0,749904.0,0.5,1
34624188,265000.0,44.0,6023.0,1,1,Campo 24 de Agosto,Bonfim,,41.1502291,-8.5951161,1,good,False,False,25,False,https://www.idealista.pt/imovel/34624188/,6,1.3234157166950706,22.0,265012.0,0.5,1
34710185,658000.0,112.0,5875.0,2,2,Centro Histórico,Cedofeita - Santo Ildefonso - Sé - Miragaia - São Nicolau - Vitória,São Bento - Cimo de Vila,41.1454276,-8.6088063,bj,good,False,True,24,False,https://www.idealista.pt/imovel/34710185/,6,0.4959663906322323,37.333333333333336,658000.0,0.6666666666666666,1
34704180,410000.0,107.0,3832.0,2,2,Matosinhos Sul - Marginal,Matosinhos e Leça da Palmeira,,41.1788418,-8.6744574,,good,False,True,28,False,https://www.idealista.pt/imovel/34704180/,0,6.235331256206156,35.666666666666664,410024.0,0.6666666666666666,0
34704166,215000.0,48.0,4479.0,1,1,Centro Histórico,Santa Marinha e São Pedro da Afurada,,41.140645,-8.6213922,5,good,False,True,16,False,https://www.idealista.pt/imovel/34704166/,1,1.3279275094292422,24.0,214992.0,0.5,1
34566166,665000.0,137.0,4854.0,3,2,Serralves,Lordelo do Ouro e Massarelos,,41.1563017,-8.6516271,7,good,False,True,26,False,https://www.idealista.pt/imovel/34566166/,0,3.4903477524199116,34.25,664998.0,0.5,0
34483165,220000.0,31.0,7097.0,0,1,Baixa,Cedofeita - Santo Ildefonso - Sé - Miragaia - São Nicolau - Vitória,Bolhão,41.1513027,-8.6074334,6,good,False,True,16,False,https://www.idealista.pt/imovel/34483165/,6,0.34654355831183303,31.0,220007.0,1.0,1
34038165,293000.0,110.0,2664.0,2,2,Seara - Freixieiro,Oliveira do Douro,,41.1139482,-8.5779413,bj,good,False,True,17,True,https://www.idealista.pt/imovel/34038165/,4,4.830653833254567,36.666666666666664,293040.0,0.6666666666666666,0
34114157,700000.0,286.0,2448.0,8,4,Soares dos Reis - Rasa de Cima,Mafamude e Vilar do Paraíso,,41.118972,-8.6089211,,renew,False,,30,False,https://www.idealista.pt/imovel/34114157/,7,3.409708287153943,31.77777777777778,700128.0,0.4444444444444444,0
34701152,390000.0,57.0,6842.0,1,1,Camões - Gonçalo Cristóvão - Faria Guimarães,Cedofeita - Santo Ildefonso - Sé - Miragaia - São Nicolau - Vitória,,41.1563733,-8.6099923,1,good,False,True,22,False,https://www.idealista.pt/imovel/34701152/,6,0.7569811107007222,28.5,389994.0,0.5,1
34689151,570000.0,117.0,4872.0,3,2,Bessa Leite,Lordelo do Ouro e Massarelos,,41.1584709,-8.6425487,1,good,False,True,26,False,https://www.idealista.pt/imovel/34689151/,1,2.827383349417576,29.25,570024.0,0.5,1
34717136,475000.0,246.0,1931.0,2,3,Salgueiros,Canidelo,,41.1162156,-8.6611448,bj,good,False,True,20,False,https://www.idealista.pt/imovel/34717136/,2,5.611391108172726,82.0,475026.0,1.0,0
34405135,275000.0,122.0,2254.0,2,2,Seara - Freixieiro,Oliveira do Douro,,41.1136448,-8.5771369,bj,good,False,True,24,False,https://www.idealista.pt/imovel/34405135/,4,4.896972916409058,40.666666666666664,274988.0,0.6666666666666666,0
33408127,860000.0,381.0,2257.0,4,4,Salgueiros,Canidelo,,41.118172,-8.6595354,,good,False,,25,False,https://www.idealista.pt/imovel/33408127/,2,5.366863120068043,76.2,859917.0,0.8,0
33929091,299000.0,83.0,3602.0,1,2,Lavadores,Canidelo,,41.1312809,-8.6654813,4,good,False,True,19,False,https://www.idealista.pt/imovel/33929091/,2,5.004045213768915,41.5,298966.0,1.0,0
33336086,425000.0,139.0,3058.0,3,2,Centro,Canelas,,41.0876812,-8.6004709,3,newdevelopment,True,True,26,False,https://www.idealista.pt/empreendimento/33336086/,7,6.940261793440252,34.75,425062.0,0.5,0
34119080,1300000.0,536.0,2425.0,4,5,São Caetano - Soutelo - Areias,Rio Tinto,,41.1654463,-8.5536907,,good,False,,80,False,https://www.idealista.pt/imovel/34119080/,3,5.103342255922873,107.2,1299800.0,1.0,0
34693068,239000.0,110.0,2173.0,3,1,Forno,Rio Tinto,,41.1917623,-8.5754286,2,good,False,False,21,False,https://www.idealista.pt/imovel/34693068/,3,5.549296989683641,27.5,239030.0,0.25,0
34393068,260000.0,134.0,1940.0,3,2,Gervide,Oliveira do Douro,,41.1233468,-8.5854628,3,good,False,True,19,False,https://www.idealista.pt/imovel/34393068/,4,3.613844339474579,33.5,259960.0,0.5,0
34288053,265000.0,102.0,2598.0,3,1,Contumil - Nicolau Nasoni,Campanhã,,41.1743945,-8.5786047,,renew,False,,40,False,https://www.idealista.pt/imovel/34288053/,3,3.8613898824992594,25.5,264996.0,0.25,0
34605041,500000.0,62.0,8065.0,1,1,Boavista,Cedofeita - Santo Ildefonso - Sé - Miragaia - São Nicolau - Vitória,Júlio Dinis - Hospital Militar,41.1565741,-8.6249975,3,,True,True,14,False,https://www.idealista.pt/empreendimento/34605041/,1,1.4122691876856936,31.0,500030.0,0.5,1
34551997,850000.0,192.0,4427.0,4,4,Afurada - Arrábida - Cavaco,Santa Marinha e São Pedro da Afurada,,41.1439213,-8.634473,3,good,False,True,43,False,https://www.idealista.pt/imovel/34551997/,1,2.0723735744145766,38.4,849984.0,0.8,1
34677985,350000.0,69.0,5072.0,1,2,Sampaio-Alumiara-Verdinho,Canidelo,,41.139437,-8.6374673,bj,good,False,True,16,True,https://www.idealista.pt/imovel/34677985/,2,2.495203633707321,34.5,349968.0,1.0,1
34412977,395000.0,120.0,3292.0,1,1,Afurada - Arrábida - Cavaco,Santa Marinha e São Pedro da Afurada,,41.1439213,-8.634473,bj,good,False,True,35,False,https://www.idealista.pt/imovel/34412977/,1,2.0723735744145766,60.0,395040.0,0.5,1
34704941,212500.0,84.0,2530.0,2,1,Santo Ovídio - Cedro - Monte da Virgem,Mafamude e Vilar do Paraíso,,41.1083769,-8.5978551,1,good,False,False,26,False,https://www.idealista.pt/imovel/34704941/,7,4.712213088685561,28.0,212520.0,0.3333333333333333,0
34698937,445000.0,186.0,2392.0,3,3,Coimbrões,Santa Marinha e São Pedro da Afurada,,41.1185149,-8.6260119,3,good,False,True,22,False,https://www.idealista.pt/imovel/34698937/,7,3.680922156161931,46.5,444912.0,0.75,0
34695914,239000.0,110.0,2173.0,3,1,Forno,Rio Tinto,,41.191609,-8.5752676,2,good,False,True,21,False,https://www.idealista.pt/imovel/34695914/,3,5.542145685451382,27.5,239030.0,0.25,0
34678847,1000000.0,321.0,3115.0,4,4,General Torres,Santa Marinha e São Pedro da Afurada,,41.135018,-8.6049217,5,good,False,True,48,False,https://www.idealista.pt/imovel/34678847/,7,1.6969666508437633,64.2,999915.0,0.8,1
34690839,700000.0,211.0,3318.0,4,4,Sampaio-Alumiara-Verdinho,Canidelo,,41.1358769,-8.6470251,,good,False,,24,False,https://www.idealista.pt/imovel/34690839/,2,3.388119258746559,42.2,700098.0,0.8,0
34706831,650000.0,176.0,3693.0,3,3,Agramonte - Bom Sucesso - Guerra Junqueiro,Lordelo do Ouro e Massarelos,,41.1526294,-8.637033,5,good,False,True,18,False,https://www.idealista.pt/imovel/34706831/,1,2.2138202803544726,44.0,649968.0,0.75,1
34677811,570000.0,220.0,2591.0,3,2,Pinheiro Manso,Ramalde,,41.1655947,-8.6508979,7,good,False,True,19,False,https://www.idealista.pt/imovel/34677811/,0,3.7915902496287033,55.0,570020.0,0.5,0
34689801,885000.0,349.0,2536.0,3,4,Sampaio-Alumiara-Verdinho,Canidelo,,41.1377359,-8.6492696,,good,False,,25,False,https://www.idealista.pt/imovel/34689801/,2,3.473235730675131,87.25,885064.0,1.0,0
34469800,220000.0,36.0,6111.0,0,1,Camões - Gonçalo Cristóvão - Faria Guimarães,Cedofeita - Santo Ildefonso - Sé - Miragaia - São Nicolau - Vitória,,41.1560221,-8.6098188,bj,good,False,True,19,False,https://www.idealista.pt/imovel/34469800/,6,0.7198196750830312,36.0,219996.0,1.0,1
34690782,285000.0,103.0,2767.0,2,1,Candal - Regadas,Santa Marinha e São Pedro da Afurada,,41.1325358,-8.6291275,2,good,False,True,24,False,https://www.idealista.pt/imovel/34690782/,7,2.4351867248745567,34.333333333333336,285001.0,0.3333333333333333,1
34706758,570000.0,220.0,2591.0,4,2,Bessa - Foco,Ramalde,,41.165098,-8.6489967,7,good,False,True,26,False,https://www.idealista.pt/imovel/34706758/,0,3.6252168378507545,44.0,570020.0,0.4,0
34577749,575000.0,105.0,5476.0,2,2,Lavadores,Canidelo,,41.1327016,-8.6674772,3,good,False,True,30,False,https://www.idealista.pt/imovel/34577749/,2,5.0967793405318185,35.0,574980.0,0.6666666666666666,0
34577744,550000.0,105.0,5238.0,2,2,Lavadores,Canidelo,,41.1327016,-8.6674772,1,good,False,True,30,False,https://www.idealista.pt/imovel/34577744/,2,5.0967793405318185,35.0,549990.0,0.6666666666666666,0
33236721,825000.0,127.0,6496.0,2,3,Sampaio-Alumiara-Verdinho,Canidelo,,41.1355977,-8.6513493,2,newdevelopment,True,True,40,False,https://www.idealista.pt/empreendimento/33236721/,2,3.7278623113716094,42.333333333333336,824992.0,1.0,0
